[2025-03-28 17:17 UTC] HMAC Recived => 
amount1='0.98'&amount2=0.98021&buyer_name='CoinPayments%20API'&currency1='USD'&currency2='USDT.TRC20'&email='customer%40example.com'&fee='0.0098'&invoice=ORDER_67e6d3ceb7baa&ipn_id='b441a4ca22f6af9ac8d87633e356522c'&ipn_mode='hmac'&ipn_type='api'&ipn_version='1.0'&item_name='%2B1%20Month'&merchant='e4e7cd20e63a730246557d3636e59ab8'&received_amount='0'&received_confirms='0'&status='0'&status_text='Waiting%20for%20buyer%20funds...'&txn_id='CPJC28FNBJIIBNUUUFGAPDSSQI'&=
4dd6455c2a902e02f8f38eeb26aef565b14239ff4729192de3a41e7246d226ef2fbadf7eb5acb5578830e2d4aa8d66a7404a990233a5b006ce625bdadbdf8565
[2025-03-28 17:17 UTC] HMAC signature does not match.
[2025-03-28 17:17 UTC] IPN Mode is not HMAC.
[2025-03-28 17:17 UTC] Done Payment complete. 
{"amount1":"'0.98'","amount2":"0.98021","buyer_name":"'CoinPayments API'","currency1":"'USD'","currency2":"'USDT.TRC20'","email":"'customer@example.com'","fee":"'0.0098'","invoice":"ORDER_67e6d3ceb7baa","ipn_id":"'b441a4ca22f6af9ac8d87633e356522c'","ipn_mode":"'hmac'","ipn_type":"'api'","ipn_version":"'1.0'","item_name":"'+1 Month'","merchant":"'e4e7cd20e63a730246557d3636e59ab8'","received_amount":"'0'","received_confirms":"'0'","status":2,"status_text":"'Waiting for buyer funds...'","txn_id":"'CPJC28FNBJIIBNUUUFGAPDSSQI'"}
[2025-03-28 17:17 UTC] 1, CPJC28FNBJIIBNUUUFGAPDSSQI , {"status":true,"messages":{"200":"تم تجديد اشتراك للحساب - 1\nتاريخ التجديد اصبح : 2025-05-28 17:13:39"}}
[2025-03-28 17:34 UTC] HMAC Recived => 
amount1=0.98&amount2=0.98021&buyer_name=CoinPayments%2BAPI&currency1=USD&currency2=USDT.TRC20&email=customer%2540example.com&fee=0.0098&invoice=ORDER_67e6d3ceb7baa&ipn_id=b441a4ca22f6af9ac8d87633e356522c&ipn_mode=hmac&ipn_type=api&ipn_version=1.0&item_name=%252B1%2BMonth&merchant=e4e7cd20e63a730246557d3636e59ab8&received_amount=0&received_confirms=0&status=0&status_text=Waiting%2Bfor%2Bbuyer%2Bfunds...&txn_id=CPJC28FNBJIIBNUUUFGAPDSSQI
1dfa6ca5dd10794b70f8bb17d4b35664bc595f786efab018f25d189e1fcb27d4830e5cc47d03862e568ba5e2715aa22c8ecd176cea827f264effbc0ca9cf9fb4
[2025-03-28 17:34 UTC] HMAC signature does not match.
[2025-03-28 17:34 UTC] Done Payment complete. 
{"amount1":"0.98","amount2":"0.98021","buyer_name":"CoinPayments+API","currency1":"USD","currency2":"USDT.TRC20","email":"customer%40example.com","fee":"0.0098","invoice":"ORDER_67e6d3ceb7baa","ipn_id":"b441a4ca22f6af9ac8d87633e356522c","ipn_mode":"hmac","ipn_type":"api","ipn_version":"1.0","item_name":"%2B1+Month","merchant":"e4e7cd20e63a730246557d3636e59ab8","received_amount":"0","received_confirms":"0","status":2,"status_text":"Waiting+for+buyer+funds...","txn_id":"CPJC28FNBJIIBNUUUFGAPDSSQI"}
[2025-03-28 17:34 UTC]  , {"status":true,"messages":{"403":"This payment has already been successfully completed"}}
[2025-03-28 17:34 UTC] HMAC Recived => 
amount1=0.98&amount2=0.98021&buyer_name=CoinPayments%2BAPI&currency1=USD&currency2=USDT.TRC20&email=customer%2540example.com&fee=0.0098&invoice=ORDER_67e6d3ceb7baa&ipn_id=b441a4ca22f6af9ac8d87633e356522c&ipn_mode=hmac&ipn_type=api&ipn_version=1.0&item_name=%252B1%2BMonth&merchant=e4e7cd20e63a730246557d3636e59ab8&received_amount=0&received_confirms=0&status=0&status_text=Waiting%2Bfor%2Bbuyer%2Bfunds...&txn_id=CPJC28FNBJIIBNUUUFGAPDSSQI
1dfa6ca5dd10794b70f8bb17d4b35664bc595f786efab018f25d189e1fcb27d4830e5cc47d03862e568ba5e2715aa22c8ecd176cea827f264effbc0ca9cf9fb4
[2025-03-28 17:34 UTC] HMAC signature does not match.
[2025-03-28 17:34 UTC] Done Payment complete. 
{"amount1":"0.98","amount2":"0.98021","buyer_name":"CoinPayments+API","currency1":"USD","currency2":"USDT.TRC20","email":"customer%40example.com","fee":"0.0098","invoice":"ORDER_67e6d3ceb7baa","ipn_id":"b441a4ca22f6af9ac8d87633e356522c","ipn_mode":"hmac","ipn_type":"api","ipn_version":"1.0","item_name":"%2B1+Month","merchant":"e4e7cd20e63a730246557d3636e59ab8","received_amount":"0","received_confirms":"0","status":2,"status_text":"Waiting+for+buyer+funds...","txn_id":"CPJC28FNBJIIBNUUUFGAPDSSQI"}
[2025-03-28 17:34 UTC] 1, CPJC28FNBJIIBNUUUFGAPDSSQI , {"status":true,"messages":{"200":"تم تجديد اشتراك للحساب - 1\nتاريخ التجديد اصبح : 2025-06-28 17:13:39"}}
[2025-03-28 17:36 UTC] HMAC Sent => 
amount=0.98&buyer_email=customer%40example.com&cancel_url=https%3A%2F%2Fmou.elbatal-app.com%2Fusers%2Fcrypto%2Fcancel.php&cmd=create_transaction&currency1=USD&currency2=USDT.TRC20&invoice=ORDER_67e6de2c52043&ipn_url=https%3A%2F%2Fmou.elbatal-app.com%2Fusers%2Fcrypto%2Fipn.php&item_name=%2B1+Month&key=67390e8e994c2845f1a6b4583ac496687564127cc3e7cdc93be22dfbc3a0ef79&success_url=https%3A%2F%2Fmou.elbatal-app.com%2Fusers%2Fcrypto%2Fsuccess.php&version=1
b9cf8864ce0904d8ab3c8503da99c0fd841ea0b2a960ecd0906b9fe84ac3b914d3486afa705b35f1b9c82a0e365f02b349438028b5250e2e560ea76189a02867
[2025-03-28 17:37 UTC] HMAC Recived => 
amount1=0.98&amount2=0.98122&buyer_name=CoinPayments+API&currency1=USD&currency2=USDT.TRC20&email=customer%40example.com&fee=0.00981&invoice=ORDER_67e6de2c52043&ipn_id=7c20173b398626a03267a9b3076d92e5&ipn_mode=hmac&ipn_type=api&ipn_version=1.0&item_name=%2B1+Month&merchant=e4e7cd20e63a730246557d3636e59ab8&received_amount=0&received_confirms=0&status=0&status_text=Waiting+for+buyer+funds...&txn_id=CPJC7PW3VZCHNUMGFF57MX1L3A
4d13af2473f10478ab9e37d60cf0e5108b1ece30d5fbeee69fe79f472eb989a8f099293e7cdf2ae475424356705944349fbcef2df089408304ba9a7fcccf9796
[2025-03-28 17:37 UTC] Payment not complete.
[2025-03-28 17:40 UTC] HMAC Sent => 
amount=4.9&buyer_email=customer%40example.com&cancel_url=https%3A%2F%2Fmou.elbatal-app.com%2Fusers%2Fcrypto%2Fcancel.php&cmd=create_transaction&currency1=USD&currency2=USDT.TRC20&invoice=ORDER_67e6def0da368&ipn_url=https%3A%2F%2Fmou.elbatal-app.com%2Fusers%2Fcrypto%2Fipn.php&item_name=%2B6+Months&key=67390e8e994c2845f1a6b4583ac496687564127cc3e7cdc93be22dfbc3a0ef79&success_url=https%3A%2F%2Fmou.elbatal-app.com%2Fusers%2Fcrypto%2Fsuccess.php&version=1
36eddcb757f26f3213da9758998974cfa568f63463a61b32e62f6b13c16e2d0cc0a2f6a38b98c389715d3ac500328c2dab671573e416ccddce47f1dd5b922803
[2025-03-28 17:40 UTC] HMAC Recived => 
amount1=4.9&amount2=4.90608&buyer_name=CoinPayments+API&currency1=USD&currency2=USDT.TRC20&email=customer%40example.com&fee=0.04906&invoice=ORDER_67e6def0da368&ipn_id=194d0dd88cce5af55508a1a382df9323&ipn_mode=hmac&ipn_type=api&ipn_version=1.0&item_name=%2B6+Months&merchant=e4e7cd20e63a730246557d3636e59ab8&received_amount=0&received_confirms=0&status=0&status_text=Waiting+for+buyer+funds...&txn_id=CPJC6XKPJL45CFNXOR5KBOZIL7
55d81306f12c6e01255ab0a081717e04a7f6f19aba44be42c714b8073eb992906e18fe4d1678ae0fcbca7c606f0d9497d99b822732f88e7fa18f1342791b824c
[2025-03-28 17:40 UTC] Payment not complete.
[2025-03-28 17:40 UTC] HMAC Recived => 
amount1=4.9&amount2=4.90608&buyer_name=CoinPayments+API&currency1=USD&currency2=USDT.TRC20&email=customer%40example.com&fee=0.04906&invoice=ORDER_67e6def0da368&ipn_id=0dae85fafc621b028c26341a12b6891a&ipn_mode=hmac&ipn_type=api&ipn_version=1.0&item_name=%2B6+Months&merchant=e4e7cd20e63a730246557d3636e59ab8&received_amount=0&received_confirms=0&status=0&status_text=Waiting+for+buyer+funds...&txn_id=CPJC6XKPJL45CFNXOR5KBOZIL7
c5d4862e1d665a464c5fdea5d9167fd3baeb0e720f2e25d3661ebbdd7f79465bc4c4ae8c955558f23abb85e0dc166006ef5844a6cc96680dadd423806699a083
[2025-03-28 17:40 UTC] Payment not complete.
[2025-03-28 17:42 UTC] HMAC Sent => 
amount=0.99&buyer_email=customer%40example.com&cancel_url=https%3A%2F%2Fmou.elbatal-app.com%2Fusers%2Fcrypto%2Fcancel.php&cmd=create_transaction&currency1=USD&currency2=USDT.TRC20&invoice=ORDER_67e6df71652d2&ipn_url=https%3A%2F%2Fmou.elbatal-app.com%2Fusers%2Fcrypto%2Fipn.php&item_name=%2B1+Month&key=67390e8e994c2845f1a6b4583ac496687564127cc3e7cdc93be22dfbc3a0ef79&success_url=https%3A%2F%2Fmou.elbatal-app.com%2Fusers%2Fcrypto%2Fsuccess.php&version=1
b81b5b6da1463de1bfa932be4e135621e5999c39a6766a608baf87f5511956ca6944bb5c4798a104bed383852afcb67ad7bc8bb86459825e0cd89b33734d8cde
[2025-03-28 17:42 UTC] HMAC Recived => 
amount1=0.99&amount2=0.99123&buyer_name=CoinPayments+API&currency1=USD&currency2=USDT.TRC20&email=customer%40example.com&fee=0.00991&invoice=ORDER_67e6df71652d2&ipn_id=f620c52fccdce4b35a996aa67a201b29&ipn_mode=hmac&ipn_type=api&ipn_version=1.0&item_name=%2B1+Month&merchant=e4e7cd20e63a730246557d3636e59ab8&received_amount=0&received_confirms=0&status=0&status_text=Waiting+for+buyer+funds...&txn_id=CPJC4HKKIKGEWAH7QSDNN3ZAQY
34725473ee135011162f6e0e37c3ede3e43ff7c41e1f2589254d909ba02293311a066ab4cbd94aa1df7320b5446e71449092279116868259312c3aa5d5b4cc2b
[2025-03-28 17:42 UTC] Payment not complete.
[2025-03-28 17:42 UTC] HMAC Recived => 
amount1=0.99&amount2=0.99123&buyer_name=CoinPayments+API&currency1=USD&currency2=USDT.TRC20&email=customer%40example.com&fee=0.00991&invoice=ORDER_67e6df71652d2&ipn_id=e6897dfaa20e7adf85605306aae53279&ipn_mode=hmac&ipn_type=api&ipn_version=1.0&item_name=%2B1+Month&merchant=e4e7cd20e63a730246557d3636e59ab8&received_amount=0&received_confirms=0&status=0&status_text=Waiting+for+buyer+funds...&txn_id=CPJC4HKKIKGEWAH7QSDNN3ZAQY
d5c101371f99f211c7824ba79251dadb54aebb8d38c30016c2a9cd6cf3f04882a6891535e0f878bc3617051c9374cd07aea04c34f6b1f45250511507f205475a
[2025-03-28 17:42 UTC] Payment not complete.
[2025-03-28 18:54 UTC] HMAC Recived => 
amount1=0.98&amount2=0.98021&buyer_name=CoinPayments+API&currency1=USD&currency2=USDT.TRC20&email=customer%40example.com&fee=0.0098&invoice=ORDER_67e6d3ceb7baa&ipn_id=3cd414ce86e9443e1805ec7c9808f83c&ipn_mode=hmac&ipn_type=api&ipn_version=1.0&item_name=%2B1+Month&merchant=e4e7cd20e63a730246557d3636e59ab8&received_amount=0&received_confirms=0&status=-1&status_text=Cancelled+%2F+Timed+Out&txn_id=CPJC28FNBJIIBNUUUFGAPDSSQI
b050b9048a2efa5190a53cddfdf47bfee5214ec6df0e9b764eb915272d1da1f526230966c48eced4ed7002819730ab1a1436e9402082323c62f0aa7a9efd79a9
[2025-03-28 18:54 UTC] Payment not complete.
[2025-03-28 19:37 UTC] HMAC Recived => 
amount1=0.98&amount2=0.98122&buyer_name=CoinPayments+API&currency1=USD&currency2=USDT.TRC20&email=customer%40example.com&fee=0.00981&invoice=ORDER_67e6de2c52043&ipn_id=92d5efb0af4192d879450126c5a2ef7e&ipn_mode=hmac&ipn_type=api&ipn_version=1.0&item_name=%2B1+Month&merchant=e4e7cd20e63a730246557d3636e59ab8&received_amount=0&received_confirms=0&status=-1&status_text=Cancelled+%2F+Timed+Out&txn_id=CPJC7PW3VZCHNUMGFF57MX1L3A
f4bc291c507da898c579f07dc5e5a3fbc90f6a73d87d7afbb2c1633555e977d8bad517ea78a07a52bc4f7b4fe271a584a9f7f035a3cb65de4a7197c058ce90d7
[2025-03-28 19:37 UTC] Payment not complete.
[2025-03-28 19:40 UTC] HMAC Recived => 
amount1=4.9&amount2=4.90608&buyer_name=CoinPayments+API&currency1=USD&currency2=USDT.TRC20&email=customer%40example.com&fee=0.04906&invoice=ORDER_67e6def0da368&ipn_id=a3cffd03a395e8df2d4a9d681f62bdef&ipn_mode=hmac&ipn_type=api&ipn_version=1.0&item_name=%2B6+Months&merchant=e4e7cd20e63a730246557d3636e59ab8&received_amount=0&received_confirms=0&status=-1&status_text=Cancelled+%2F+Timed+Out&txn_id=CPJC6XKPJL45CFNXOR5KBOZIL7
a7aa8a90aa7c0f010d053ddb7edb2488d868ade352b292212b0a4c467fda21e66f7268021ee4f69f54b821a2908381a0b130d85180037b96790d30d52f6c0f0c
[2025-03-28 19:40 UTC] Payment not complete.
[2025-03-28 19:43 UTC] HMAC Recived => 
amount1=0.99&amount2=0.99123&buyer_name=CoinPayments+API&currency1=USD&currency2=USDT.TRC20&email=customer%40example.com&fee=0.00991&invoice=ORDER_67e6df71652d2&ipn_id=2a3ed5ad8e322205e0f4caa11df0d0c9&ipn_mode=hmac&ipn_type=api&ipn_version=1.0&item_name=%2B1+Month&merchant=e4e7cd20e63a730246557d3636e59ab8&received_amount=0&received_confirms=0&status=-1&status_text=Cancelled+%2F+Timed+Out&txn_id=CPJC4HKKIKGEWAH7QSDNN3ZAQY
0414511a2513481862672245b19286c9e843b72eacd8ccc476c3360860968c88c1cf207723a95e81b8ea7fc875e61e8fbea3215605138d7affa15af92fa8d47b
[2025-03-28 19:43 UTC] Payment not complete.
[2025-03-28 22:26 UTC] HMAC Sent => 
amount=0.99&buyer_email=customer%40example.com&cancel_url=https%3A%2F%2Fmou.elbatal-app.com%2Fusers%2Fcrypto%2Fcancel.php&cmd=create_transaction&currency1=USD&currency2=USDT.TRC20&invoice=ORDER_67e7221f7e995&ipn_url=https%3A%2F%2Fmou.elbatal-app.com%2Fusers%2Fcrypto%2Fipn.php&item_name=%2B1+Month&key=67390e8e994c2845f1a6b4583ac496687564127cc3e7cdc93be22dfbc3a0ef79&success_url=https%3A%2F%2Fmou.elbatal-app.com%2Fusers%2Fcrypto%2Fsuccess.php&version=1
dde0e448221ea8dcc39668fbd5cd3dbfdf84d65fba2aaa0d4beacb2a58c880bd7fbc63a5846667351f81237c38f2762b19a94096e63a1c1f3ea21ec6ae689549
[2025-03-28 22:26 UTC] HMAC Recived => 
amount1=0.99&amount2=0.99039&buyer_name=CoinPayments+API&currency1=USD&currency2=USDT.TRC20&email=customer%40example.com&fee=0.0099&invoice=ORDER_67e7221f7e995&ipn_id=4b1455bfcf29f9b58e8a7154e5e6be65&ipn_mode=hmac&ipn_type=api&ipn_version=1.0&item_name=%2B1+Month&merchant=e4e7cd20e63a730246557d3636e59ab8&received_amount=0&received_confirms=0&status=0&status_text=Waiting+for+buyer+funds...&txn_id=CPJC7M8OHH0JROJEXRN3E3AGIF
30802ebd409d75215da0359c4eb7376f7e95fe05a90f09cf970d8e70dac4f5a6ca42e87297ee7dbe6cf25aa99df482273f9055ecdcbec14a4accf540192d4106
[2025-03-28 22:26 UTC] Payment not complete.
[2025-03-29 00:27 UTC] HMAC Recived => 
amount1=0.99&amount2=0.99039&buyer_name=CoinPayments+API&currency1=USD&currency2=USDT.TRC20&email=customer%40example.com&fee=0.0099&invoice=ORDER_67e7221f7e995&ipn_id=14a3d7746045f405afb11ff36bb74e9e&ipn_mode=hmac&ipn_type=api&ipn_version=1.0&item_name=%2B1+Month&merchant=e4e7cd20e63a730246557d3636e59ab8&received_amount=0&received_confirms=0&status=-1&status_text=Cancelled+%2F+Timed+Out&txn_id=CPJC7M8OHH0JROJEXRN3E3AGIF
87cd6a6d95ed25981c95e07cef31548dc9fb3c05d2f41861f7a8f161a0a4e52aead8a672b9c6c171e33c13dcca93ac46bfbc238a0ac78cce8dcf6205f0a35066
[2025-03-29 00:27 UTC] Payment not complete.
[2025-03-29 08:28 UTC] HMAC Sent => 
amount=9.9&buyer_email=customer%40example.com&cancel_url=https%3A%2F%2Fmou.elbatal-app.com%2Fusers%2Fcrypto%2Fcancel.php&cmd=create_transaction&currency1=USD&currency2=USDT.TRC20&invoice=ORDER_67e7af20f2eae&ipn_url=https%3A%2F%2Fmou.elbatal-app.com%2Fusers%2Fcrypto%2Fipn.php&item_name=%2B1+Year&key=67390e8e994c2845f1a6b4583ac496687564127cc3e7cdc93be22dfbc3a0ef79&success_url=https%3A%2F%2Fmou.elbatal-app.com%2Fusers%2Fcrypto%2Fsuccess.php&version=1
f3bff22e9fbfb9a262621ff9bb406e3562815c4acfe863b2fb41bb82f12f8a1c178d5a31b643d9f8ba434bd90ebc58747d97987e66f4c6e314abd4804acf5d5f
[2025-03-29 08:28 UTC] HMAC Recived => 
amount1=9.9&amount2=9.9041&buyer_name=CoinPayments+API&currency1=USD&currency2=USDT.TRC20&email=customer%40example.com&fee=0.09904&invoice=ORDER_67e7af20f2eae&ipn_id=273d20a7536b40e6d641a33922656276&ipn_mode=hmac&ipn_type=api&ipn_version=1.0&item_name=%2B1+Year&merchant=e4e7cd20e63a730246557d3636e59ab8&received_amount=0&received_confirms=0&status=0&status_text=Waiting+for+buyer+funds...&txn_id=CPJC0KY9KIZGIJPACOCLD4ENHI
1c8c7f9a85b67fe0fda351c5883f68b7e18b548628c1c71d265bc6c36c8bc75b4cff226eee4ddcaa2ddce159d4c439d10a69fb97ac8c154c30c5043e3a30a574
[2025-03-29 08:28 UTC] Payment not complete.
[2025-03-29 08:29 UTC] HMAC Recived => 
amount1=9.9&amount2=9.9041&buyer_name=CoinPayments+API&currency1=USD&currency2=USDT.TRC20&email=customer%40example.com&fee=0.09904&invoice=ORDER_67e7af20f2eae&ipn_id=a20393a6b250cae1635ed6ce0ed543ea&ipn_mode=hmac&ipn_type=api&ipn_version=1.0&item_name=%2B1+Year&merchant=e4e7cd20e63a730246557d3636e59ab8&received_amount=0&received_confirms=0&status=0&status_text=Waiting+for+buyer+funds...&txn_id=CPJC0KY9KIZGIJPACOCLD4ENHI
f0625cf29a0f98dac8ba4239415f9d043880bb349078df4c5c221f06f894dcace07d7fa053d24e9b6f9c6f3a5f063f661694fcaed5a424bba9672f63106900a2
[2025-03-29 08:29 UTC] Payment not complete.
[2025-03-29 10:30 UTC] HMAC Recived => 
amount1=9.9&amount2=9.9041&buyer_name=CoinPayments+API&currency1=USD&currency2=USDT.TRC20&email=customer%40example.com&fee=0.09904&invoice=ORDER_67e7af20f2eae&ipn_id=a824adf5127de1ee2f1f6145d6ad3a0f&ipn_mode=hmac&ipn_type=api&ipn_version=1.0&item_name=%2B1+Year&merchant=e4e7cd20e63a730246557d3636e59ab8&received_amount=0&received_confirms=0&status=-1&status_text=Cancelled+%2F+Timed+Out&txn_id=CPJC0KY9KIZGIJPACOCLD4ENHI
51f7b648f8b4a73053f3e8e3071d7f1a00d48074bbad8de193e96b8ee75a7c4635293d5ab5271a63a32e602a8e5be591e9c47da3f7c92c113d392493be98567c
[2025-03-29 10:30 UTC] Payment not complete.
[2025-03-29 13:07 UTC] HMAC Sent => 
amount=0.99&buyer_email=customer%40example.com&cancel_url=https%3A%2F%2Fmou.elbatal-app.com%2Fusers%2Fcrypto%2Fcancel.php&cmd=create_transaction&currency1=USD&currency2=USDT.TRC20&invoice=ORDER_67e7f0a49eef9&ipn_url=https%3A%2F%2Fmou.elbatal-app.com%2Fusers%2Fcrypto%2Fipn.php&item_name=%2B1+Month&key=67390e8e994c2845f1a6b4583ac496687564127cc3e7cdc93be22dfbc3a0ef79&success_url=https%3A%2F%2Fmou.elbatal-app.com%2Fusers%2Fcrypto%2Fsuccess.php&version=1
8a43374cd11be1946e669707c6e8673d5b1aa477108b8ffa2c86f8446b84961ee56b469552a26fbfc6f79c017cf3cab3693e1473aa299171c1319276d8e38d3a
[2025-03-29 13:07 UTC] HMAC Recived => 
amount1=0.99&amount2=0.99001&buyer_name=CoinPayments+API&currency1=USD&currency2=USDT.TRC20&email=customer%40example.com&fee=0.0099&invoice=ORDER_67e7f0a49eef9&ipn_id=844a474095457577a5ada83f46b9e763&ipn_mode=hmac&ipn_type=api&ipn_version=1.0&item_name=%2B1+Month&merchant=e4e7cd20e63a730246557d3636e59ab8&received_amount=0&received_confirms=0&status=0&status_text=Waiting+for+buyer+funds...&txn_id=CPJC7HR1ONBXLOD3TSYWKJVLWF
d608fd2da8c0fcd5345c5152ee3ecf8133608a6a44ecbfd95a1b8d98e96c4ba3df17762e334457480120f35347676377ea5c9ae340d994d9bc371e662d0036b7
[2025-03-29 13:07 UTC] Payment not complete.
[2025-03-29 13:08 UTC] HMAC Recived => 
amount1=0.99&amount2=0.99001&buyer_name=CoinPayments+API&currency1=USD&currency2=USDT.TRC20&email=customer%40example.com&fee=0.0099&invoice=ORDER_67e7f0a49eef9&ipn_id=cc0d8c542eef6ce1dd9289a6caa6aa6d&ipn_mode=hmac&ipn_type=api&ipn_version=1.0&item_name=%2B1+Month&merchant=e4e7cd20e63a730246557d3636e59ab8&received_amount=0&received_confirms=0&status=0&status_text=Waiting+for+buyer+funds...&txn_id=CPJC7HR1ONBXLOD3TSYWKJVLWF
6ac7813d252a06c20cb7cc3b2a734ea934a0ca95333c0923172b2873ff3fcdfd0ff880ba9865ae1e171b1c5527cef26d91a008bac54e0eccc53330e968729ccb
[2025-03-29 13:08 UTC] Payment not complete.
[2025-03-29 15:08 UTC] HMAC Recived => 
amount1=0.99&amount2=0.99001&buyer_name=CoinPayments+API&currency1=USD&currency2=USDT.TRC20&email=customer%40example.com&fee=0.0099&invoice=ORDER_67e7f0a49eef9&ipn_id=b7117ba630323accea9308db7c263e41&ipn_mode=hmac&ipn_type=api&ipn_version=1.0&item_name=%2B1+Month&merchant=e4e7cd20e63a730246557d3636e59ab8&received_amount=0&received_confirms=0&status=-1&status_text=Cancelled+%2F+Timed+Out&txn_id=CPJC7HR1ONBXLOD3TSYWKJVLWF
e647701697b3b22686169fc66cd6b7adb1222e433c3a9c7aaf6d5c069f0e525dfc1b98246a4288254c514cbd4641c818eba99f3b20c5f97aabb45ff29b78059e
[2025-03-29 15:08 UTC] Payment not complete.
[2025-03-31 15:27 UTC] HMAC Sent => 
amount=0.99&buyer_email=customer%40example.com&cancel_url=https%3A%2F%2Fmou.elbatal-app.com%2Fusers%2Fcrypto%2Fcancel.php&cmd=create_transaction&currency1=USD&currency2=USDT.TRC20&invoice=ORDER_67eab460af408&ipn_url=https%3A%2F%2Fmou.elbatal-app.com%2Fusers%2Fcrypto%2Fipn.php&item_name=%2B1+Month&key=67390e8e994c2845f1a6b4583ac496687564127cc3e7cdc93be22dfbc3a0ef79&success_url=https%3A%2F%2Fmou.elbatal-app.com%2Fusers%2Fcrypto%2Fsuccess.php&version=1
feedec01b3c1a6fc70c54106e9935d2ad74f9217b40c20ef07bcc5f0b9efc76653b9328eee72ec5e09e3c5742216e6fcb0529dffcc5bedd61ffb8b2615b401dc
[2025-03-31 15:27 UTC] HMAC Recived => 
amount1=0.99&amount2=0.98939&buyer_name=CoinPayments+API&currency1=USD&currency2=USDT.TRC20&email=customer%40example.com&fee=0.00989&invoice=ORDER_67eab460af408&ipn_id=99fd7a7ba465afb9ab0b3eb05b6b0e73&ipn_mode=hmac&ipn_type=api&ipn_version=1.0&item_name=%2B1+Month&merchant=e4e7cd20e63a730246557d3636e59ab8&received_amount=0&received_confirms=0&status=0&status_text=Waiting+for+buyer+funds...&txn_id=CPJC21LIRNQNEUVXEPUJMFJATZ
a8193595bb1e939b407d8150ed9858cb44ed7d88554536b5f3d0816cd87aa7cca318108d952c84e5d95ed216452e17f83b4a7fdf17eb1c1c13fc64fce4fbe91d
[2025-03-31 15:27 UTC] Payment not complete.
[2025-03-31 15:27 UTC] HMAC Recived => 
amount1=0.99&amount2=0.98939&buyer_name=CoinPayments+API&currency1=USD&currency2=USDT.TRC20&email=customer%40example.com&fee=0.00989&invoice=ORDER_67eab460af408&ipn_id=d8e698c520a50040769c372f6f0340ca&ipn_mode=hmac&ipn_type=api&ipn_version=1.0&item_name=%2B1+Month&merchant=e4e7cd20e63a730246557d3636e59ab8&received_amount=0&received_confirms=0&status=0&status_text=Waiting+for+buyer+funds...&txn_id=CPJC21LIRNQNEUVXEPUJMFJATZ
e2bb05d19190acde2c2df113b9510b718f61be0813aaa753331ae95ad8c1e2fcaf731d15a3420dd5eadcfffa47561fdae84bdf63098cf98bfff3a63a50497d83
[2025-03-31 15:27 UTC] Payment not complete.
[2025-03-31 15:33 UTC] HMAC Sent => 
amount=0.99&buyer_email=customer%40example.com&cancel_url=https%3A%2F%2Fmou.elbatal-app.com%2Fusers%2Fcrypto%2Fcancel.php&cmd=create_transaction&currency1=USD&currency2=USDT.TRC20&invoice=ORDER_67eab5b22dc81&ipn_url=https%3A%2F%2Fmou.elbatal-app.com%2Fusers%2Fcrypto%2Fipn.php&item_name=%2B1+Month&key=67390e8e994c2845f1a6b4583ac496687564127cc3e7cdc93be22dfbc3a0ef79&success_url=https%3A%2F%2Fmou.elbatal-app.com%2Fusers%2Fcrypto%2Fsuccess.php&version=1
f1f94d4bebbdb9204d70ac32e664708b96bc4f27652701c4edfd65416e7a6998472e395865e4cbfa4f8521655d4fa67d09d0f3bee04ef584e7987f2b691950ee
[2025-03-31 15:33 UTC] HMAC Recived => 
amount1=0.99&amount2=0.9897&buyer_name=CoinPayments+API&currency1=USD&currency2=USDT.TRC20&email=customer%40example.com&fee=0.0099&invoice=ORDER_67eab5b22dc81&ipn_id=cec20704ade81eb822438a9358afa2af&ipn_mode=hmac&ipn_type=api&ipn_version=1.0&item_name=%2B1+Month&merchant=e4e7cd20e63a730246557d3636e59ab8&received_amount=0&received_confirms=0&status=0&status_text=Waiting+for+buyer+funds...&txn_id=CPJC47JREYV7CJ3MZZNVLR6ZNF
3eb000b3fd90632dc351db91c59845842d4607454ada7ed901434153a969ebb98bbecbca1261bbd3e1c5734c17e616211d0fb803c29e449c368f2447b6b9ed7e
[2025-03-31 15:33 UTC] Payment not complete.
[2025-03-31 15:33 UTC] HMAC Recived => 
amount1=0.99&amount2=0.9897&buyer_name=CoinPayments+API&currency1=USD&currency2=USDT.TRC20&email=customer%40example.com&fee=0.0099&invoice=ORDER_67eab5b22dc81&ipn_id=b861c0f5085a905da5c4b25d98dbf0b4&ipn_mode=hmac&ipn_type=api&ipn_version=1.0&item_name=%2B1+Month&merchant=e4e7cd20e63a730246557d3636e59ab8&received_amount=0&received_confirms=0&status=0&status_text=Waiting+for+buyer+funds...&txn_id=CPJC47JREYV7CJ3MZZNVLR6ZNF
0f78b4af1870f5678c143cc08caf5b1d3ee120b06611ac7322e0758fdccfaf5796e3c6506183fac04c6bef782322c525e5ad13130a25832ee91f018a2106f193
[2025-03-31 15:33 UTC] Payment not complete.
[2025-03-31 17:29 UTC] HMAC Recived => 
amount1=0.99&amount2=0.98939&buyer_name=CoinPayments+API&currency1=USD&currency2=USDT.TRC20&email=customer%40example.com&fee=0.00989&invoice=ORDER_67eab460af408&ipn_id=544aa0163130d6c853f9e034d84aec23&ipn_mode=hmac&ipn_type=api&ipn_version=1.0&item_name=%2B1+Month&merchant=e4e7cd20e63a730246557d3636e59ab8&received_amount=0&received_confirms=0&status=-1&status_text=Cancelled+%2F+Timed+Out&txn_id=CPJC21LIRNQNEUVXEPUJMFJATZ
5c35f2ba887fca4ea5741cee1a2452da0aa3567519c4d93055cff4d23f2bbccc89020f557959f7b6954e1cd38045f7cdb0c747794a80c8a4a68b43186d2cb3bb
[2025-03-31 17:29 UTC] Payment not complete.
[2025-03-31 17:34 UTC] HMAC Recived => 
amount1=0.99&amount2=0.9897&buyer_name=CoinPayments+API&currency1=USD&currency2=USDT.TRC20&email=customer%40example.com&fee=0.0099&invoice=ORDER_67eab5b22dc81&ipn_id=ea6a26492e8402be1383e1b14c9b33d5&ipn_mode=hmac&ipn_type=api&ipn_version=1.0&item_name=%2B1+Month&merchant=e4e7cd20e63a730246557d3636e59ab8&received_amount=0&received_confirms=0&status=-1&status_text=Cancelled+%2F+Timed+Out&txn_id=CPJC47JREYV7CJ3MZZNVLR6ZNF
1556e2e9d295431025510eb233dd040a8bd9a1df0f08dc370c6b0ba1587b98a7e492cf8e45de9a07dc34d8b7bb33ec55b02e4cc15d61cbf20f7deb1b7d9d91cc
[2025-03-31 17:34 UTC] Payment not complete.
[2025-03-31 20:25 UTC] HMAC Sent => 
amount=9.9&buyer_email=customer%40example.com&cancel_url=https%3A%2F%2Fmou.elbatal-app.com%2Fusers%2Fcrypto%2Fcancel.php&cmd=create_transaction&currency1=USD&currency2=USDT.TRC20&invoice=ORDER_67eafa32eea6e&ipn_url=https%3A%2F%2Fmou.elbatal-app.com%2Fusers%2Fcrypto%2Fipn.php&item_name=%2B1+Year&key=67390e8e994c2845f1a6b4583ac496687564127cc3e7cdc93be22dfbc3a0ef79&success_url=https%3A%2F%2Fmou.elbatal-app.com%2Fusers%2Fcrypto%2Fsuccess.php&version=1
430135e171f852415a5401651081d211d07db6a28cb57f13ab524c32598d12704f9ca4e2a66d3702bef9ab0155e17c563368053871e7c69dbc4c33dbde9ab788
[2025-03-31 20:25 UTC] HMAC Recived => 
amount1=9.9&amount2=9.90905&buyer_name=CoinPayments+API&currency1=USD&currency2=USDT.TRC20&email=customer%40example.com&fee=0.09909&invoice=ORDER_67eafa32eea6e&ipn_id=fd06b42dfd88950d3043b7ab75727a3a&ipn_mode=hmac&ipn_type=api&ipn_version=1.0&item_name=%2B1+Year&merchant=e4e7cd20e63a730246557d3636e59ab8&received_amount=0&received_confirms=0&status=0&status_text=Waiting+for+buyer+funds...&txn_id=CPJC2YNRMKNBNDWVBSMR4Y8RFU
f6b6bd1ce4d11fb2e2fa14f1350db76e5c9a65a437238686dbcd263c21dca6bae62a85153fe487045e92d66d99f1abcbf04d9358b2ffbfe8a31fda6413204574
[2025-03-31 20:25 UTC] Payment not complete.
[2025-03-31 20:26 UTC] HMAC Recived => 
amount1=9.9&amount2=9.90905&buyer_name=CoinPayments+API&currency1=USD&currency2=USDT.TRC20&email=customer%40example.com&fee=0.09909&invoice=ORDER_67eafa32eea6e&ipn_id=d641aabc290be60f4a1649a0dd15f790&ipn_mode=hmac&ipn_type=api&ipn_version=1.0&item_name=%2B1+Year&merchant=e4e7cd20e63a730246557d3636e59ab8&received_amount=0&received_confirms=0&status=0&status_text=Waiting+for+buyer+funds...&txn_id=CPJC2YNRMKNBNDWVBSMR4Y8RFU
d4fc69983e09c9f213a67b1ec29bb7230d385bfc479f0d19c9992d6e2962f082b0f05255ae9033c9df601c1b139a37a72e920c306856f55b4686801de8c8ed15
[2025-03-31 20:26 UTC] Payment not complete.
[2025-03-31 22:27 UTC] HMAC Recived => 
amount1=9.9&amount2=9.90905&buyer_name=CoinPayments+API&currency1=USD&currency2=USDT.TRC20&email=customer%40example.com&fee=0.09909&invoice=ORDER_67eafa32eea6e&ipn_id=dd3ed5d22508a8f111c2df9958ae7465&ipn_mode=hmac&ipn_type=api&ipn_version=1.0&item_name=%2B1+Year&merchant=e4e7cd20e63a730246557d3636e59ab8&received_amount=0&received_confirms=0&status=-1&status_text=Cancelled+%2F+Timed+Out&txn_id=CPJC2YNRMKNBNDWVBSMR4Y8RFU
1cf07c42b6507b034e9e34b66d2db5a6d04db08a4ba79e3dc8d3b69abc401b97e5aaa9c41faa060d8d2b7a452614723c3c08507ab3ce143da29f786cfeb46a02
[2025-03-31 22:27 UTC] Payment not complete.
[2025-04-01 04:55 UTC] HMAC Sent => 
amount=2.475&buyer_email=customer%40example.com&cancel_url=https%3A%2F%2Fmou.elbatal-app.com%2Fusers%2Fcrypto%2Fcancel.php&cmd=create_transaction&currency1=USD&currency2=USDT.TRC20&invoice=ORDER_67eb71c9228e3&ipn_url=https%3A%2F%2Fmou.elbatal-app.com%2Fusers%2Fcrypto%2Fipn.php&item_name=%2B3+Months&key=67390e8e994c2845f1a6b4583ac496687564127cc3e7cdc93be22dfbc3a0ef79&success_url=https%3A%2F%2Fmou.elbatal-app.com%2Fusers%2Fcrypto%2Fsuccess.php&version=1
bd937a44d6c70f0fb5e80286ec72b077e882ab3cc5538221239df992eafe05cd37777604868136be5777729d406dfca7c459d271e1325ba6d26c0b03e38055d2
[2025-04-01 04:55 UTC] HMAC Sent => 
amount=2.475&buyer_email=customer%40example.com&cancel_url=https%3A%2F%2Fmou.elbatal-app.com%2Fusers%2Fcrypto%2Fcancel.php&cmd=create_transaction&currency1=USD&currency2=USDT.TRC20&invoice=ORDER_67eb71cb7db49&ipn_url=https%3A%2F%2Fmou.elbatal-app.com%2Fusers%2Fcrypto%2Fipn.php&item_name=%2B3+Months&key=67390e8e994c2845f1a6b4583ac496687564127cc3e7cdc93be22dfbc3a0ef79&success_url=https%3A%2F%2Fmou.elbatal-app.com%2Fusers%2Fcrypto%2Fsuccess.php&version=1
8e445c4643fe5a92decb2980af24239ce8b0214a2e11706ee118bbddf0f0392834c9582f9d6c919cc73fbaa9d1a4a934c09c41aff05a45e4212eecd5c00ab520
[2025-04-01 04:55 UTC] HMAC Recived => 
amount1=2.475&amount2=2.4762&buyer_name=CoinPayments+API&currency1=USD&currency2=USDT.TRC20&email=customer%40example.com&fee=0.02476&invoice=ORDER_67eb71cb7db49&ipn_id=d6b201342435ea1fdb41cf68799974b7&ipn_mode=hmac&ipn_type=api&ipn_version=1.0&item_name=%2B3+Months&merchant=e4e7cd20e63a730246557d3636e59ab8&received_amount=0&received_confirms=0&status=0&status_text=Waiting+for+buyer+funds...&txn_id=CPJD5HLQAR6FCCYIBBH4ECY3WZ
3792dbf42b06e0c06a4cd39a4a2f39d8ec58a2d651222a6547e23e08d5a4aabbd72d80a184600945598cc4e06f1c6cc9925cc165f5c043370c949744e1ce6d4f
[2025-04-01 04:55 UTC] Payment not complete.
[2025-04-01 04:55 UTC] HMAC Recived => 
amount1=2.475&amount2=2.4762&buyer_name=CoinPayments+API&currency1=USD&currency2=USDT.TRC20&email=customer%40example.com&fee=0.02476&invoice=ORDER_67eb71c9228e3&ipn_id=bb2d267a503788effbb42df8c7b31cd4&ipn_mode=hmac&ipn_type=api&ipn_version=1.0&item_name=%2B3+Months&merchant=e4e7cd20e63a730246557d3636e59ab8&received_amount=0&received_confirms=0&status=0&status_text=Waiting+for+buyer+funds...&txn_id=CPJD4PCKKD8OSQSZVI8FGPHELI
fdd749c79d3688a8841b1e122e4b762a94c5ddb6300cb805652a195f8002aeb43148e46663e84225b2c1fd43c27c168e16973b1cae8fff1157da311691903c23
[2025-04-01 04:55 UTC] Payment not complete.
[2025-04-01 04:56 UTC] HMAC Recived => 
amount1=2.475&amount2=2.4762&buyer_name=CoinPayments+API&currency1=USD&currency2=USDT.TRC20&email=customer%40example.com&fee=0.02476&invoice=ORDER_67eb71c9228e3&ipn_id=8f3e7166a0467865fcce5c2326837471&ipn_mode=hmac&ipn_type=api&ipn_version=1.0&item_name=%2B3+Months&merchant=e4e7cd20e63a730246557d3636e59ab8&received_amount=0&received_confirms=0&status=0&status_text=Waiting+for+buyer+funds...&txn_id=CPJD4PCKKD8OSQSZVI8FGPHELI
394c2295f037e52fb5b3ddc0df0c32b713655f3bb8b6eec80c2e8042fb51c3bb50e4a652c88e3e4dd2ae9fdc395c67847ca679d7e55ca3f5c77564440b557dcc
[2025-04-01 04:56 UTC] Payment not complete.
[2025-04-01 06:56 UTC] HMAC Recived => 
amount1=2.475&amount2=2.4762&buyer_name=CoinPayments+API&currency1=USD&currency2=USDT.TRC20&email=customer%40example.com&fee=0.02476&invoice=ORDER_67eb71cb7db49&ipn_id=df84356289d9b8c4479f6dd5a8ce75c8&ipn_mode=hmac&ipn_type=api&ipn_version=1.0&item_name=%2B3+Months&merchant=e4e7cd20e63a730246557d3636e59ab8&received_amount=0&received_confirms=0&status=-1&status_text=Cancelled+%2F+Timed+Out&txn_id=CPJD5HLQAR6FCCYIBBH4ECY3WZ
4d217d2fbaf37d8dbb1189de4351e4722e37818b7f7dff0d447e6d1df469fca6bebb71edbd1535b349b00a2d805c9586bd005e778b3a493717dc39315510f732
[2025-04-01 06:56 UTC] Payment not complete.
[2025-04-01 06:56 UTC] HMAC Recived => 
amount1=2.475&amount2=2.4762&buyer_name=CoinPayments+API&currency1=USD&currency2=USDT.TRC20&email=customer%40example.com&fee=0.02476&invoice=ORDER_67eb71c9228e3&ipn_id=fcbb6aa658183e2be59f62b47be1cd70&ipn_mode=hmac&ipn_type=api&ipn_version=1.0&item_name=%2B3+Months&merchant=e4e7cd20e63a730246557d3636e59ab8&received_amount=0&received_confirms=0&status=-1&status_text=Cancelled+%2F+Timed+Out&txn_id=CPJD4PCKKD8OSQSZVI8FGPHELI
174e3c04a65dcbdc19eead0e1c5131e24bf1ee14462576bdddb4d55b71053a171680f7362c4b3b181b443eee6e5549cff27c29a3ca14ade2b435a5bcb80b31eb
[2025-04-01 06:56 UTC] Payment not complete.
[2025-04-03 18:40 UTC] HMAC Sent => 
amount=2.475&buyer_email=customer%40example.com&cancel_url=https%3A%2F%2Fmou.elbatal-app.com%2Fusers%2Fcrypto%2Fcancel.php&cmd=create_transaction&currency1=USD&currency2=USDT.TRC20&invoice=ORDER_67eed626bca7c&ipn_url=https%3A%2F%2Fmou.elbatal-app.com%2Fusers%2Fcrypto%2Fipn.php&item_name=%2B3+Months&key=67390e8e994c2845f1a6b4583ac496687564127cc3e7cdc93be22dfbc3a0ef79&success_url=https%3A%2F%2Fmou.elbatal-app.com%2Fusers%2Fcrypto%2Fsuccess.php&version=1
86c61fbd5a024b21a4f48dea9e48829d450e844439d79a71546dd87800c571a05c8d96b1d527fc9a22c7ea27f39d8dfa4a5c0ce45b7999db26122ab6afca149f
[2025-04-03 18:42 UTC] HMAC Recived => 
amount1=2.475&amount2=2.47637&buyer_name=CoinPayments+API&currency1=USD&currency2=USDT.TRC20&email=customer%40example.com&fee=0.02476&invoice=ORDER_67eed626bca7c&ipn_id=dd3d201e4ed1d9d82aa67e821929aa50&ipn_mode=hmac&ipn_type=api&ipn_version=1.0&item_name=%2B3+Months&merchant=e4e7cd20e63a730246557d3636e59ab8&received_amount=0&received_confirms=0&status=0&status_text=Waiting+for+buyer+funds...&txn_id=CPJD2WYYFQ9AWTIJN8W9LH65MB
7f9253cf139216e8848cd5e95576302cc9e55d5807297c1aac5227aff08daf50feba7641e695a822e0ae27f8822fca0739e1a1dafe610ebe9dc275cdb3e25706
[2025-04-03 18:42 UTC] Payment not complete.
[2025-04-03 20:42 UTC] HMAC Recived => 
amount1=2.475&amount2=2.47637&buyer_name=CoinPayments+API&currency1=USD&currency2=USDT.TRC20&email=customer%40example.com&fee=0.02476&invoice=ORDER_67eed626bca7c&ipn_id=67048b6b4ad523106947c3d156561715&ipn_mode=hmac&ipn_type=api&ipn_version=1.0&item_name=%2B3+Months&merchant=e4e7cd20e63a730246557d3636e59ab8&received_amount=0&received_confirms=0&status=-1&status_text=Cancelled+%2F+Timed+Out&txn_id=CPJD2WYYFQ9AWTIJN8W9LH65MB
e2cea3797ad3d0192dc1142cccb9d2f52c4bbd42e99e5d24da5dc66c386a9db7f9cc4b6edbbb1254ea24e6a861d7a61d42c0519332d4283d972db3b83a21ef29
[2025-04-03 20:42 UTC] Payment not complete.
[2025-04-08 12:28 UTC] HMAC Sent => 
amount=0.99&buyer_email=customer%40example.com&cancel_url=https%3A%2F%2Fmou.elbatal-app.com%2Fusers%2Fcrypto%2Fcancel.php&cmd=create_transaction&currency1=USD&currency2=USDT.TRC20&invoice=ORDER_67f51653c5bdb&ipn_url=https%3A%2F%2Fmou.elbatal-app.com%2Fusers%2Fcrypto%2Fipn.php&item_name=%2B1+Month&key=67390e8e994c2845f1a6b4583ac496687564127cc3e7cdc93be22dfbc3a0ef79&success_url=https%3A%2F%2Fmou.elbatal-app.com%2Fusers%2Fcrypto%2Fsuccess.php&version=1
927a9b454790b776c2b64d319fb44e68c756e8788acb6a9bcb04ac2703bcb852aee696cbbf77851dffa69e32704dd0c071daa10745f87d24cdfcfcc5afdc7ff4
[2025-04-08 12:28 UTC] HMAC Recived => 
amount1=0.99&amount2=0.99018&buyer_name=CoinPayments+API&currency1=USD&currency2=USDT.TRC20&email=customer%40example.com&fee=0.0099&invoice=ORDER_67f51653c5bdb&ipn_id=3d98d5b853493e4c170f08b46e2007ae&ipn_mode=hmac&ipn_type=api&ipn_version=1.0&item_name=%2B1+Month&merchant=e4e7cd20e63a730246557d3636e59ab8&received_amount=0&received_confirms=0&status=0&status_text=Waiting+for+buyer+funds...&txn_id=CPJD0N5YZFZ8RF7LGEGL7ZB0GL
ec54a8f5240167c11d1712c730e3ab83916c1b2deda6d01443ec1417001ee58db59766250b117e3dcb448522c8a105ae7751c04c757a70eb6030ccb5ed495c43
[2025-04-08 12:28 UTC] Payment not complete.
[2025-04-08 14:28 UTC] HMAC Recived => 
amount1=0.99&amount2=0.99018&buyer_name=CoinPayments+API&currency1=USD&currency2=USDT.TRC20&email=customer%40example.com&fee=0.0099&invoice=ORDER_67f51653c5bdb&ipn_id=6953a6f1bccb34d5ea96399c78ad3ee8&ipn_mode=hmac&ipn_type=api&ipn_version=1.0&item_name=%2B1+Month&merchant=e4e7cd20e63a730246557d3636e59ab8&received_amount=0&received_confirms=0&status=-1&status_text=Cancelled+%2F+Timed+Out&txn_id=CPJD0N5YZFZ8RF7LGEGL7ZB0GL
60a1990c04b3592d3e147229762f3091e5b3f1179a26351cba76269e5fb0621470ea87413afa499ef7ba57553e175518fdf94c798df39471884c8703862f59e6
[2025-04-08 14:28 UTC] Payment not complete.
[2025-04-08 23:38 UTC] HMAC Sent => 
amount=0.99&buyer_email=customer%40example.com&cancel_url=https%3A%2F%2Fmou.elbatal-app.com%2Fusers%2Fcrypto%2Fcancel.php&cmd=create_transaction&currency1=USD&currency2=USDT.TRC20&invoice=ORDER_67f5b36a4aead&ipn_url=https%3A%2F%2Fmou.elbatal-app.com%2Fusers%2Fcrypto%2Fipn.php&item_name=%2B1+Month&key=67390e8e994c2845f1a6b4583ac496687564127cc3e7cdc93be22dfbc3a0ef79&success_url=https%3A%2F%2Fmou.elbatal-app.com%2Fusers%2Fcrypto%2Fsuccess.php&version=1
aff734319ec135f0f3dbe35be6a6f5178f9c0d90676338885e534f3c2741d90f4f4207d1918d40f50481971a71ee4fddc0bef0f2cd17b018a477d13b1c34d504
[2025-04-08 23:38 UTC] HMAC Recived => 
amount1=0.99&amount2=0.99097&buyer_name=CoinPayments+API&currency1=USD&currency2=USDT.TRC20&email=customer%40example.com&fee=0.00991&invoice=ORDER_67f5b36a4aead&ipn_id=9df519559256a4d053ab68f6357967ee&ipn_mode=hmac&ipn_type=api&ipn_version=1.0&item_name=%2B1+Month&merchant=e4e7cd20e63a730246557d3636e59ab8&received_amount=0&received_confirms=0&status=0&status_text=Waiting+for+buyer+funds...&txn_id=CPJD3H07VDOEHIULZFHHZ4AAVY
f5b1d2a23ddab62c1135a29c6b1cc00c4cfd0d64cf4506ec1744ccc317b8c380cd82f33a6cea77735d969aeec8d86c2a845f6bcf6192a6e8c209ba60defead78
[2025-04-08 23:38 UTC] Payment not complete.
[2025-04-08 23:38 UTC] HMAC Recived => 
amount1=0.99&amount2=0.99097&buyer_name=CoinPayments+API&currency1=USD&currency2=USDT.TRC20&email=customer%40example.com&fee=0.00991&invoice=ORDER_67f5b36a4aead&ipn_id=175bcc4666d63a88eafee66d8a994d3a&ipn_mode=hmac&ipn_type=api&ipn_version=1.0&item_name=%2B1+Month&merchant=e4e7cd20e63a730246557d3636e59ab8&received_amount=0&received_confirms=0&status=0&status_text=Waiting+for+buyer+funds...&txn_id=CPJD3H07VDOEHIULZFHHZ4AAVY
dd2475059ff90654d6879c9fb41e6c109d2dbc9d7299c5f3f741b04ea2748430bbe45112f4772c07a2f9fe549ede73a0509bf1af9b0bac6f6755c03cd0af256b
[2025-04-08 23:38 UTC] Payment not complete.
[2025-04-09 01:40 UTC] HMAC Recived => 
amount1=0.99&amount2=0.99097&buyer_name=CoinPayments+API&currency1=USD&currency2=USDT.TRC20&email=customer%40example.com&fee=0.00991&invoice=ORDER_67f5b36a4aead&ipn_id=f33f6e6bc5e8f520f754bfe9d075eefc&ipn_mode=hmac&ipn_type=api&ipn_version=1.0&item_name=%2B1+Month&merchant=e4e7cd20e63a730246557d3636e59ab8&received_amount=0&received_confirms=0&status=-1&status_text=Cancelled+%2F+Timed+Out&txn_id=CPJD3H07VDOEHIULZFHHZ4AAVY
bb2b8c3796d1df0c691ebe963c623127c4fcd0f715aae5fc0e42c0f3e57609768f3d210178429fd8310a1fda7973df8ea3e053098c74073267ca2ff0c21d70ab
[2025-04-09 01:40 UTC] Payment not complete.
[2025-04-11 01:46 UTC] HMAC Sent => 
amount=9.9&buyer_email=customer%40example.com&cancel_url=https%3A%2F%2Fmou.elbatal-app.com%2Fusers%2Fcrypto%2Fcancel.php&cmd=create_transaction&currency1=USD&currency2=USDT.TRC20&invoice=ORDER_67f87493b0461&ipn_url=https%3A%2F%2Fmou.elbatal-app.com%2Fusers%2Fcrypto%2Fipn.php&item_name=%2B1+Year&key=67390e8e994c2845f1a6b4583ac496687564127cc3e7cdc93be22dfbc3a0ef79&success_url=https%3A%2F%2Fmou.elbatal-app.com%2Fusers%2Fcrypto%2Fsuccess.php&version=1
5d973d1de2e43a4045dc410609a60c7cad8747c7635616152c23712ca58464d910e06f2f9e54c3d7462a47daa7c9de8b193e9e13e5835c4a2b175dffa8e79001
[2025-04-11 01:47 UTC] HMAC Recived => 
amount1=9.9&amount2=9.9079&buyer_name=CoinPayments+API&currency1=USD&currency2=USDT.TRC20&email=customer%40example.com&fee=0.09908&invoice=ORDER_67f87493b0461&ipn_id=0c828a7a513c2bb928b1964543d65dbf&ipn_mode=hmac&ipn_type=api&ipn_version=1.0&item_name=%2B1+Year&merchant=e4e7cd20e63a730246557d3636e59ab8&received_amount=0&received_confirms=0&status=0&status_text=Waiting+for+buyer+funds...&txn_id=CPJD6W0TDKNVHJ49J7UAFTPX6Z
92201e8976cd8357453e0cf90214629b1c1ee31e4df0019191abef362aed315ec947896aade23303877b59009ea08cf9a282e9d9647882aae4e6ba0cb9b6770c
[2025-04-11 01:47 UTC] Payment not complete.
[2025-04-11 03:48 UTC] HMAC Recived => 
amount1=9.9&amount2=9.9079&buyer_name=CoinPayments+API&currency1=USD&currency2=USDT.TRC20&email=customer%40example.com&fee=0.09908&invoice=ORDER_67f87493b0461&ipn_id=6b064e3c20797975b622a2df4fa97071&ipn_mode=hmac&ipn_type=api&ipn_version=1.0&item_name=%2B1+Year&merchant=e4e7cd20e63a730246557d3636e59ab8&received_amount=0&received_confirms=0&status=-1&status_text=Cancelled+%2F+Timed+Out&txn_id=CPJD6W0TDKNVHJ49J7UAFTPX6Z
200ec4d2b0a623f3d8cdb2b3a312f512ff79c8febab82395744ee5052054a7983b0df775dcbdc8a60718a325415d54c620483599adae0c1494769a1fbebdabe4
[2025-04-11 03:48 UTC] Payment not complete.
[2025-04-11 04:37 UTC] HMAC Sent => 
amount=9.9&buyer_email=customer%40example.com&cancel_url=https%3A%2F%2Fmou.elbatal-app.com%2Fusers%2Fcrypto%2Fcancel.php&cmd=create_transaction&currency1=USD&currency2=USDT.TRC20&invoice=ORDER_67f89c72c22a7&ipn_url=https%3A%2F%2Fmou.elbatal-app.com%2Fusers%2Fcrypto%2Fipn.php&item_name=%2B1+Year&key=67390e8e994c2845f1a6b4583ac496687564127cc3e7cdc93be22dfbc3a0ef79&success_url=https%3A%2F%2Fmou.elbatal-app.com%2Fusers%2Fcrypto%2Fsuccess.php&version=1
a1a8c13c039bc4e628fece969d36ae5465616deb14dbde4f735caeb05793ffa44ad389bfa7c141d00bcc1bcef43f9804d46bae70f660a9dc10bbfbe9cc11ea80
[2025-04-11 04:37 UTC] HMAC Recived => 
amount1=9.9&amount2=9.90245&buyer_name=CoinPayments+API&currency1=USD&currency2=USDT.TRC20&email=customer%40example.com&fee=0.09902&invoice=ORDER_67f89c72c22a7&ipn_id=28577247752ecc99182133bc6b395612&ipn_mode=hmac&ipn_type=api&ipn_version=1.0&item_name=%2B1+Year&merchant=e4e7cd20e63a730246557d3636e59ab8&received_amount=0&received_confirms=0&status=0&status_text=Waiting+for+buyer+funds...&txn_id=CPJD3KKYJCDLQLMNT9WUOMC3U8
c5ae3a99836316f3b782535916b9534702e0be7585b27df02ee95bf61730e3889524aa5afd263ef91a8ff51fb37bfd121d31f60b131a31ac08daa9c0da23966a
[2025-04-11 04:37 UTC] Payment not complete.
[2025-04-11 04:37 UTC] HMAC Recived => 
amount1=9.9&amount2=9.90245&buyer_name=CoinPayments+API&currency1=USD&currency2=USDT.TRC20&email=customer%40example.com&fee=0.09902&invoice=ORDER_67f89c72c22a7&ipn_id=f8dcef6a39da8f9b55c97f2d528f6c3a&ipn_mode=hmac&ipn_type=api&ipn_version=1.0&item_name=%2B1+Year&merchant=e4e7cd20e63a730246557d3636e59ab8&received_amount=0&received_confirms=0&status=0&status_text=Waiting+for+buyer+funds...&txn_id=CPJD3KKYJCDLQLMNT9WUOMC3U8
71229b053a305c0c4655e4839f1ffe2e448122d45ce9385f5f617b4c93f9212797317126eade9a6faf393a3ac3eb326e9d818550386566b32fd4a6e8d7766ec4
[2025-04-11 04:37 UTC] Payment not complete.
[2025-04-11 06:38 UTC] HMAC Recived => 
amount1=9.9&amount2=9.90245&buyer_name=CoinPayments+API&currency1=USD&currency2=USDT.TRC20&email=customer%40example.com&fee=0.09902&invoice=ORDER_67f89c72c22a7&ipn_id=8890ca0f1c9dce2e2d6e948367564c96&ipn_mode=hmac&ipn_type=api&ipn_version=1.0&item_name=%2B1+Year&merchant=e4e7cd20e63a730246557d3636e59ab8&received_amount=0&received_confirms=0&status=-1&status_text=Cancelled+%2F+Timed+Out&txn_id=CPJD3KKYJCDLQLMNT9WUOMC3U8
9fb4b48edcf2adcb5b20bf943c233aa10da6031d53e0c14ff8136fcb3cad93c38096e4fc08bfeec4f15c120bbd7b7935395b913b620f8adfb6b56a2166f593b9
[2025-04-11 06:38 UTC] Payment not complete.
[2025-04-11 23:01 UTC] HMAC Sent => 
amount=0.99&buyer_email=customer%40example.com&cancel_url=https%3A%2F%2Fmou.elbatal-app.com%2Fusers%2Fcrypto%2Fcancel.php&cmd=create_transaction&currency1=USD&currency2=USDT.TRC20&invoice=ORDER_67f99f5c0dd15&ipn_url=https%3A%2F%2Fmou.elbatal-app.com%2Fusers%2Fcrypto%2Fipn.php&item_name=%2B1+Month&key=67390e8e994c2845f1a6b4583ac496687564127cc3e7cdc93be22dfbc3a0ef79&success_url=https%3A%2F%2Fmou.elbatal-app.com%2Fusers%2Fcrypto%2Fsuccess.php&version=1
0cb35e16ea52610df0f6f53ffdb58ffd3361525afe3e1dd7c6ef14d4c27ebcad9a0eb4cd48396e13cb3e2cf3de5a440c98428ba4c4fb26d41f075f44d2365d6d
[2025-04-11 23:02 UTC] HMAC Recived => 
amount1=0.99&amount2=0.99059&buyer_name=CoinPayments+API&currency1=USD&currency2=USDT.TRC20&email=customer%40example.com&fee=0.00991&invoice=ORDER_67f99f5c0dd15&ipn_id=fd149e98f1475e992a4fe53020261afa&ipn_mode=hmac&ipn_type=api&ipn_version=1.0&item_name=%2B1+Month&merchant=e4e7cd20e63a730246557d3636e59ab8&received_amount=0&received_confirms=0&status=0&status_text=Waiting+for+buyer+funds...&txn_id=CPJD6ESIQFPPZ41EBDI04QAPYZ
a97de212a022b3f2ea9a87b888b9f511051fdbc7168e213e643f24065beeae30c0492c25c1ac372ae570526ec5d87cbd8eba0397e6ee668bf7ddee086cc3c8e2
[2025-04-11 23:02 UTC] Payment not complete.
[2025-04-11 23:02 UTC] HMAC Recived => 
amount1=0.99&amount2=0.99059&buyer_name=CoinPayments+API&currency1=USD&currency2=USDT.TRC20&email=customer%40example.com&fee=0.00991&invoice=ORDER_67f99f5c0dd15&ipn_id=24a55012f61e229f6618e7bf4da701e4&ipn_mode=hmac&ipn_type=api&ipn_version=1.0&item_name=%2B1+Month&merchant=e4e7cd20e63a730246557d3636e59ab8&received_amount=0&received_confirms=0&status=0&status_text=Waiting+for+buyer+funds...&txn_id=CPJD6ESIQFPPZ41EBDI04QAPYZ
6f72e415837535dd803a869f978f123ace42c680e33a206d92b906fa4b49dd89d8ac2573e5532e14c05447cd2a9608d3e829bcf15799e46b3cf2733f26428f8d
[2025-04-11 23:02 UTC] Payment not complete.
[2025-04-12 01:02 UTC] HMAC Recived => 
amount1=0.99&amount2=0.99059&buyer_name=CoinPayments+API&currency1=USD&currency2=USDT.TRC20&email=customer%40example.com&fee=0.00991&invoice=ORDER_67f99f5c0dd15&ipn_id=863d47e08d2426bdaddd58b92bb6ee0d&ipn_mode=hmac&ipn_type=api&ipn_version=1.0&item_name=%2B1+Month&merchant=e4e7cd20e63a730246557d3636e59ab8&received_amount=0&received_confirms=0&status=-1&status_text=Cancelled+%2F+Timed+Out&txn_id=CPJD6ESIQFPPZ41EBDI04QAPYZ
3b7f7e3753bc3d91f229fd5f59be3a90994d2584c0230e6ea7e9d6c366588402562812cdd9323caf887fd4a9d058bb9e2105cf667acf81c7aecce729ee4fb981
[2025-04-12 01:02 UTC] Payment not complete.
[2025-04-14 23:28 UTC] HMAC Sent => 
amount=9.9&buyer_email=customer%40example.com&cancel_url=https%3A%2F%2Fmou.elbatal-app.com%2Fusers%2Fcrypto%2Fcancel.php&cmd=create_transaction&currency1=USD&currency2=USDT.TRC20&invoice=ORDER_67fd9a1b72ca4&ipn_url=https%3A%2F%2Fmou.elbatal-app.com%2Fusers%2Fcrypto%2Fipn.php&item_name=%2B1+Year&key=67390e8e994c2845f1a6b4583ac496687564127cc3e7cdc93be22dfbc3a0ef79&success_url=https%3A%2F%2Fmou.elbatal-app.com%2Fusers%2Fcrypto%2Fsuccess.php&version=1
71a0f42c81f35e15b42e10871816a783513fe0884494e9a5a941c37c420b9bdf2d70f6d457f8b69828a970d84532f772d66fc0695c61cef0820a188e8c5c59e9
[2025-04-14 23:28 UTC] HMAC Recived => 
amount1=9.9&amount2=9.89668&buyer_name=CoinPayments+API&currency1=USD&currency2=USDT.TRC20&email=customer%40example.com&fee=0.09897&invoice=ORDER_67fd9a1b72ca4&ipn_id=08edab3c1496c7d414154e5da62e7e9d&ipn_mode=hmac&ipn_type=api&ipn_version=1.0&item_name=%2B1+Year&merchant=e4e7cd20e63a730246557d3636e59ab8&received_amount=0&received_confirms=0&status=0&status_text=Waiting+for+buyer+funds...&txn_id=CPJD2O0FQKPZI4G49INIEN1ONT
baea02af432e423be5eaef9def16e622c2f644935a78e5c44cb516acf1e5c1eb687ced053e33b1a15e2a2a7e0e2b130434ab00e114a00856efe4818b9725bd84
[2025-04-14 23:28 UTC] Payment not complete.
[2025-04-14 23:28 UTC] HMAC Recived => 
amount1=9.9&amount2=9.89668&buyer_name=CoinPayments+API&currency1=USD&currency2=USDT.TRC20&email=customer%40example.com&fee=0.09897&invoice=ORDER_67fd9a1b72ca4&ipn_id=482703cba42fe1f2c0be8ff8ac798647&ipn_mode=hmac&ipn_type=api&ipn_version=1.0&item_name=%2B1+Year&merchant=e4e7cd20e63a730246557d3636e59ab8&received_amount=0&received_confirms=0&status=0&status_text=Waiting+for+buyer+funds...&txn_id=CPJD2O0FQKPZI4G49INIEN1ONT
0d1fbba1731a186e2c42876f4012c7094c4c086bffbf6186bc98e4c98b1549c77a5ae92f588b137b2ff555e58b0ea92ab3874a6a893693bde5b4e40ee4198557
[2025-04-14 23:28 UTC] Payment not complete.
[2025-04-15 01:30 UTC] HMAC Recived => 
amount1=9.9&amount2=9.89668&buyer_name=CoinPayments+API&currency1=USD&currency2=USDT.TRC20&email=customer%40example.com&fee=0.09897&invoice=ORDER_67fd9a1b72ca4&ipn_id=3302ed77090db2a2cb7e09a4276863a5&ipn_mode=hmac&ipn_type=api&ipn_version=1.0&item_name=%2B1+Year&merchant=e4e7cd20e63a730246557d3636e59ab8&received_amount=0&received_confirms=0&status=-1&status_text=Cancelled+%2F+Timed+Out&txn_id=CPJD2O0FQKPZI4G49INIEN1ONT
ed125d77c4bec730628753489f90e4e6a0d9166219785d2ae73be2198eb85cc2195844e26f7cb4c453c7db10795534bcb7034ec7bc0870881fdb02d50e59a3c8
[2025-04-15 01:30 UTC] Payment not complete.
[2025-04-16 20:00 UTC] HMAC Sent => 
amount=9.9&buyer_email=customer%40example.com&cancel_url=https%3A%2F%2Fmou.elbatal-app.com%2Fusers%2Fcrypto%2Fcancel.php&cmd=create_transaction&currency1=USD&currency2=USDT.TRC20&invoice=ORDER_68000c6451794&ipn_url=https%3A%2F%2Fmou.elbatal-app.com%2Fusers%2Fcrypto%2Fipn.php&item_name=%2B1+Year&key=67390e8e994c2845f1a6b4583ac496687564127cc3e7cdc93be22dfbc3a0ef79&success_url=https%3A%2F%2Fmou.elbatal-app.com%2Fusers%2Fcrypto%2Fsuccess.php&version=1
241d37c120b81696043a88ef48ace09bda40af59d672320de694073c740c6799e45b44b22218c9da8b4883ade0ee1a80ce0c43a97e0509788b0c0f880b65ee00
[2025-04-16 20:00 UTC] HMAC Sent => 
amount=9.9&buyer_email=customer%40example.com&cancel_url=https%3A%2F%2Fmou.elbatal-app.com%2Fusers%2Fcrypto%2Fcancel.php&cmd=create_transaction&currency1=USD&currency2=USDT.TRC20&invoice=ORDER_68000c653e5be&ipn_url=https%3A%2F%2Fmou.elbatal-app.com%2Fusers%2Fcrypto%2Fipn.php&item_name=%2B1+Year&key=67390e8e994c2845f1a6b4583ac496687564127cc3e7cdc93be22dfbc3a0ef79&success_url=https%3A%2F%2Fmou.elbatal-app.com%2Fusers%2Fcrypto%2Fsuccess.php&version=1
4614e14f11ace7f091a4653fa3d0352e481ea0fb58942eb4b53a2b1673ef39130fd121d85f053f890b399122d63858697c9df77ebb839e0b827bf433f3c138d9
[2025-04-16 20:00 UTC] HMAC Sent => 
amount=9.9&buyer_email=customer%40example.com&cancel_url=https%3A%2F%2Fmou.elbatal-app.com%2Fusers%2Fcrypto%2Fcancel.php&cmd=create_transaction&currency1=USD&currency2=USDT.TRC20&invoice=ORDER_68000c65d972a&ipn_url=https%3A%2F%2Fmou.elbatal-app.com%2Fusers%2Fcrypto%2Fipn.php&item_name=%2B1+Year&key=67390e8e994c2845f1a6b4583ac496687564127cc3e7cdc93be22dfbc3a0ef79&success_url=https%3A%2F%2Fmou.elbatal-app.com%2Fusers%2Fcrypto%2Fsuccess.php&version=1
ac987bbf49fe4a4497be9cc27f68c2a5b7a63e998e463d4b0e1c62ae348c4a70a27c14d53251ad4a21124a6843d23f378f7dfba7a23563fbec99c304216bf15e
[2025-04-16 20:00 UTC] HMAC Recived => 
amount1=9.9&amount2=9.89762&buyer_name=CoinPayments+API&currency1=USD&currency2=USDT.TRC20&email=customer%40example.com&fee=0.09898&invoice=ORDER_68000c65d972a&ipn_id=a15dcb72193c21390ff73868f0e4176a&ipn_mode=hmac&ipn_type=api&ipn_version=1.0&item_name=%2B1+Year&merchant=e4e7cd20e63a730246557d3636e59ab8&received_amount=0&received_confirms=0&status=0&status_text=Waiting+for+buyer+funds...&txn_id=CPJD0MVYTFOVOTGQZVB3XHMNOW
67f43f4c0cd934b4fa95a7428f7b75d68718d2a481c232af06eb24f18db777f116122f6236be82c47a1eb7104b1929f4722184a6958e0923c14e25dbc3fc4799
[2025-04-16 20:00 UTC] Payment not complete.
[2025-04-16 20:00 UTC] HMAC Recived => 
amount1=9.9&amount2=9.89762&buyer_name=CoinPayments+API&currency1=USD&currency2=USDT.TRC20&email=customer%40example.com&fee=0.09898&invoice=ORDER_68000c653e5be&ipn_id=32c4374dbbde3fcc7c57f49b4603b2a7&ipn_mode=hmac&ipn_type=api&ipn_version=1.0&item_name=%2B1+Year&merchant=e4e7cd20e63a730246557d3636e59ab8&received_amount=0&received_confirms=0&status=0&status_text=Waiting+for+buyer+funds...&txn_id=CPJD0TXHGRR7IY1E7ZEHSGL3DG
3d546816ed83a08cee68a4b1463812d74226d4590264ef8426d3edb7ddb6d1c6fdbd430292e4c5fc9b6ae7dc572e34013ca4bc2ed07227c48ce0b15e1cac77c7
[2025-04-16 20:00 UTC] Payment not complete.
[2025-04-16 20:00 UTC] HMAC Recived => 
amount1=9.9&amount2=9.89762&buyer_name=CoinPayments+API&currency1=USD&currency2=USDT.TRC20&email=customer%40example.com&fee=0.09898&invoice=ORDER_68000c6451794&ipn_id=d983d64234bcc9970e66818cb06342d6&ipn_mode=hmac&ipn_type=api&ipn_version=1.0&item_name=%2B1+Year&merchant=e4e7cd20e63a730246557d3636e59ab8&received_amount=0&received_confirms=0&status=0&status_text=Waiting+for+buyer+funds...&txn_id=CPJD7TAEVH23EG1GRMNPWKFKXB
d98141571a83e2ce130e893a40ece1cd454b998f56add16e960447060012207f46b55716cf68bdbeca9d50a0e4c0e05b811a71a8e3777d6c8899634ae4fcef7b
[2025-04-16 20:00 UTC] Payment not complete.
[2025-04-16 20:00 UTC] HMAC Recived => 
amount1=9.9&amount2=9.89762&buyer_name=CoinPayments+API&currency1=USD&currency2=USDT.TRC20&email=customer%40example.com&fee=0.09898&invoice=ORDER_68000c6451794&ipn_id=f3c7a49e43c6e310554644d02f41b9c0&ipn_mode=hmac&ipn_type=api&ipn_version=1.0&item_name=%2B1+Year&merchant=e4e7cd20e63a730246557d3636e59ab8&received_amount=0&received_confirms=0&status=0&status_text=Waiting+for+buyer+funds...&txn_id=CPJD7TAEVH23EG1GRMNPWKFKXB
b278fbc3f1e5b43623e722f745381a6c90ffc0b132dff57e8f936bf3756b9b6e54b4a445baa3c1923f8c46e43549d472986a7dd44bfef52865799b19ca1e9ff9
[2025-04-16 20:00 UTC] Payment not complete.
[2025-04-16 20:00 UTC] HMAC Recived => 
amount1=9.9&amount2=9.89762&buyer_name=CoinPayments+API&currency1=USD&currency2=USDT.TRC20&email=customer%40example.com&fee=0.09898&invoice=ORDER_68000c65d972a&ipn_id=c3c358ad6de2b60790aea7d9aa1630e5&ipn_mode=hmac&ipn_type=api&ipn_version=1.0&item_name=%2B1+Year&merchant=e4e7cd20e63a730246557d3636e59ab8&received_amount=0&received_confirms=0&status=0&status_text=Waiting+for+buyer+funds...&txn_id=CPJD0MVYTFOVOTGQZVB3XHMNOW
97edabdf3550428c4ee41ba27375cb62b190ffb9dbcae857be3ba6ca4fdc4d8216b3babd492272dee474a50a0c623e84a26893d3878c322741e8d275a4e97c47
[2025-04-16 20:00 UTC] Payment not complete.
[2025-04-16 20:01 UTC] HMAC Recived => 
amount1=9.9&amount2=9.89762&buyer_name=CoinPayments+API&currency1=USD&currency2=USDT.TRC20&email=customer%40example.com&fee=0.09898&invoice=ORDER_68000c653e5be&ipn_id=ac2af93bacccd4e9d6784ffd7ffb52a5&ipn_mode=hmac&ipn_type=api&ipn_version=1.0&item_name=%2B1+Year&merchant=e4e7cd20e63a730246557d3636e59ab8&received_amount=0&received_confirms=0&status=0&status_text=Waiting+for+buyer+funds...&txn_id=CPJD0TXHGRR7IY1E7ZEHSGL3DG
50f8d32af0f0667f6416b68f99c3fafc97137e82e719f99d6625dfb074027a4d401a8f4aeb8532c1fe07a3d20f6ba6a649015aea24f2a62910fbb93ce0c25df9
[2025-04-16 20:01 UTC] Payment not complete.
[2025-04-16 22:01 UTC] HMAC Recived => 
amount1=9.9&amount2=9.89762&buyer_name=CoinPayments+API&currency1=USD&currency2=USDT.TRC20&email=customer%40example.com&fee=0.09898&invoice=ORDER_68000c65d972a&ipn_id=8054ef098de38bf509534fcd9215fd30&ipn_mode=hmac&ipn_type=api&ipn_version=1.0&item_name=%2B1+Year&merchant=e4e7cd20e63a730246557d3636e59ab8&received_amount=0&received_confirms=0&status=-1&status_text=Cancelled+%2F+Timed+Out&txn_id=CPJD0MVYTFOVOTGQZVB3XHMNOW
eb63fc292cb38c649cd46f5109e58dd1a15e0b593e683cd5c7702509a5df5cb9a14b4338db7be5e4b80ae298ea18bb255312659f07fdce0cecae788efc617a02
[2025-04-16 22:01 UTC] Payment not complete.
[2025-04-16 22:01 UTC] HMAC Recived => 
amount1=9.9&amount2=9.89762&buyer_name=CoinPayments+API&currency1=USD&currency2=USDT.TRC20&email=customer%40example.com&fee=0.09898&invoice=ORDER_68000c653e5be&ipn_id=22ff2058d42443d8996a74e55ce77ec4&ipn_mode=hmac&ipn_type=api&ipn_version=1.0&item_name=%2B1+Year&merchant=e4e7cd20e63a730246557d3636e59ab8&received_amount=0&received_confirms=0&status=-1&status_text=Cancelled+%2F+Timed+Out&txn_id=CPJD0TXHGRR7IY1E7ZEHSGL3DG
6ec472d832a9e66350994b54512a476e663f312685b57c2b81f9f23432dcf0f5c28fade6a0c33b6dbafe3c1cf96aa4a7de29e9632d71cc34eb09fb2b1dbf5a58
[2025-04-16 22:01 UTC] Payment not complete.
[2025-04-16 22:01 UTC] HMAC Recived => 
amount1=9.9&amount2=9.89762&buyer_name=CoinPayments+API&currency1=USD&currency2=USDT.TRC20&email=customer%40example.com&fee=0.09898&invoice=ORDER_68000c6451794&ipn_id=77beb2704a3737b47d7ed73b9c49239c&ipn_mode=hmac&ipn_type=api&ipn_version=1.0&item_name=%2B1+Year&merchant=e4e7cd20e63a730246557d3636e59ab8&received_amount=0&received_confirms=0&status=-1&status_text=Cancelled+%2F+Timed+Out&txn_id=CPJD7TAEVH23EG1GRMNPWKFKXB
8b6bf9b743baf96a17b17451eb20adf729865df1d5a80daff498cc56b199ebb3428235ecc9308ab9a3e105f92b6abedfcfd43fc9cafa125644cbd5ba990e8fb8
[2025-04-16 22:01 UTC] Payment not complete.
[2025-04-20 10:29 UTC] HMAC Sent => 
amount=0.99&buyer_email=customer%40example.com&cancel_url=https%3A%2F%2Fmou.elbatal-app.com%2Fusers%2Fcrypto%2Fcancel.php&cmd=create_transaction&currency1=USD&currency2=USDT.TRC20&invoice=ORDER_6804cc6ed3848&ipn_url=https%3A%2F%2Fmou.elbatal-app.com%2Fusers%2Fcrypto%2Fipn.php&item_name=%2B1+Month&key=67390e8e994c2845f1a6b4583ac496687564127cc3e7cdc93be22dfbc3a0ef79&success_url=https%3A%2F%2Fmou.elbatal-app.com%2Fusers%2Fcrypto%2Fsuccess.php&version=1
8bc6ebbfcea196dd795bf7267fc2f206392f424fa1b062139786c55970d36ef4b3e7d624a3e34f64295bf4351b9fba25f1331d1444bf028a527d2f131d133251
[2025-04-20 10:29 UTC] HMAC Recived => 
amount1=0.99&amount2=0.99005&buyer_name=CoinPayments+API&currency1=USD&currency2=USDT.TRC20&email=customer%40example.com&fee=0.0099&invoice=ORDER_6804cc6ed3848&ipn_id=c62268bd7720c34fcff006180d8d96ab&ipn_mode=hmac&ipn_type=api&ipn_version=1.0&item_name=%2B1+Month&merchant=e4e7cd20e63a730246557d3636e59ab8&received_amount=0&received_confirms=0&status=0&status_text=Waiting+for+buyer+funds...&txn_id=CPJD0OH8SVT04FPWPLVPECZQYI
431c69393644cd06055c9db1575c74916f0bd236fb1cd09b65fafb320d22b7814e927285c94547885a188c104255992c551a72300191e9356cdb3c0cab2989b1
[2025-04-20 10:29 UTC] Payment not complete.
[2025-04-20 10:30 UTC] HMAC Recived => 
amount1=0.99&amount2=0.99005&buyer_name=CoinPayments+API&currency1=USD&currency2=USDT.TRC20&email=customer%40example.com&fee=0.0099&invoice=ORDER_6804cc6ed3848&ipn_id=f6dd27466d68382308cfa5fc42d89db5&ipn_mode=hmac&ipn_type=api&ipn_version=1.0&item_name=%2B1+Month&merchant=e4e7cd20e63a730246557d3636e59ab8&received_amount=0&received_confirms=0&status=0&status_text=Waiting+for+buyer+funds...&txn_id=CPJD0OH8SVT04FPWPLVPECZQYI
d860e666643d5a5fc65be4d4214809e261a2da1fa716f9e7b83d3951d11cc5d1e8d45b5f425491e81cc9fedb1d7cb8ad71feafad9fa0ba72e5a8815a091564fc
[2025-04-20 10:30 UTC] Payment not complete.
[2025-04-20 12:29 UTC] HMAC Recived => 
amount1=0.99&amount2=0.99005&buyer_name=CoinPayments+API&currency1=USD&currency2=USDT.TRC20&email=customer%40example.com&fee=0.0099&invoice=ORDER_6804cc6ed3848&ipn_id=a9877974fe03351eddaff57091765ec8&ipn_mode=hmac&ipn_type=api&ipn_version=1.0&item_name=%2B1+Month&merchant=e4e7cd20e63a730246557d3636e59ab8&received_amount=0&received_confirms=0&status=-1&status_text=Cancelled+%2F+Timed+Out&txn_id=CPJD0OH8SVT04FPWPLVPECZQYI
70dfce2c87f8b5a1afd2dcfeb9693fad8f331635269983dbdc93179ae45c6f44ef7f1704e1e5540d72a487c181d6dbd91342d9be09a308629e7ae54b6f4f1d41
[2025-04-20 12:29 UTC] Payment not complete.
[2025-04-20 12:49 UTC] HMAC Sent => 
amount=0.99&buyer_email=customer%40example.com&cancel_url=https%3A%2F%2Fmou.elbatal-app.com%2Fusers%2Fcrypto%2Fcancel.php&cmd=create_transaction&currency1=USD&currency2=USDT.TRC20&invoice=ORDER_6804ed3c9ad15&ipn_url=https%3A%2F%2Fmou.elbatal-app.com%2Fusers%2Fcrypto%2Fipn.php&item_name=%2B1+Month&key=67390e8e994c2845f1a6b4583ac496687564127cc3e7cdc93be22dfbc3a0ef79&success_url=https%3A%2F%2Fmou.elbatal-app.com%2Fusers%2Fcrypto%2Fsuccess.php&version=1
dc02eb9998aae31e7396e33a0f5da050125a66eb029a0e43a0e7f4fc47368cf905ecd9df9de3622f10da27ccb840b5597eeccf2161696092e6bd0248ce2f1841
[2025-04-20 12:49 UTC] HMAC Recived => 
amount1=0.99&amount2=0.99015&buyer_name=CoinPayments+API&currency1=USD&currency2=USDT.TRC20&email=customer%40example.com&fee=0.0099&invoice=ORDER_6804ed3c9ad15&ipn_id=239a72b9a4d85e0499a8a563a14b6b3d&ipn_mode=hmac&ipn_type=api&ipn_version=1.0&item_name=%2B1+Month&merchant=e4e7cd20e63a730246557d3636e59ab8&received_amount=0&received_confirms=0&status=0&status_text=Waiting+for+buyer+funds...&txn_id=CPJD6BJHYFTH1CFQVPT7BMVKEO
3f19cb986b3a902636dfd0ead288983d659b55ab2a948d2bda541be2b9239a8f8db91f1dd9804b6f783ffda4431db3c5153c7c19c2ff664b7fd6dbe0d3841cdf
[2025-04-20 12:49 UTC] Payment not complete.
[2025-04-20 12:49 UTC] HMAC Recived => 
amount1=0.99&amount2=0.99015&buyer_name=CoinPayments+API&currency1=USD&currency2=USDT.TRC20&email=customer%40example.com&fee=0.0099&invoice=ORDER_6804ed3c9ad15&ipn_id=90fcab912354e0c77866890709a27fcd&ipn_mode=hmac&ipn_type=api&ipn_version=1.0&item_name=%2B1+Month&merchant=e4e7cd20e63a730246557d3636e59ab8&received_amount=0&received_confirms=0&status=0&status_text=Waiting+for+buyer+funds...&txn_id=CPJD6BJHYFTH1CFQVPT7BMVKEO
e298d0f9fbac267c787e53befb3f2ad9e3ffbd2382f87ac2e56b014e7e3b1f8dea5cbca7aa6c3a8b23c2bbe2b08f4b0be22e59db077cab7b2dcc609821a78899
[2025-04-20 12:49 UTC] Payment not complete.
[2025-04-20 14:49 UTC] HMAC Recived => 
amount1=0.99&amount2=0.99015&buyer_name=CoinPayments+API&currency1=USD&currency2=USDT.TRC20&email=customer%40example.com&fee=0.0099&invoice=ORDER_6804ed3c9ad15&ipn_id=433ec6081e76d1f911b3908b6dded725&ipn_mode=hmac&ipn_type=api&ipn_version=1.0&item_name=%2B1+Month&merchant=e4e7cd20e63a730246557d3636e59ab8&received_amount=0&received_confirms=0&status=-1&status_text=Cancelled+%2F+Timed+Out&txn_id=CPJD6BJHYFTH1CFQVPT7BMVKEO
0ba42ae652d923a2cb8b71081167303f7cff8c65392a6009d2221e9e826de2a7cac9ef6faaec25617de809a5c870402745648588c46ae0ea0b0bad070af90470
[2025-04-20 14:49 UTC] Payment not complete.
[2025-04-20 16:19 UTC] HMAC Sent => 
amount=2.475&buyer_email=customer%40example.com&cancel_url=https%3A%2F%2Fmou.elbatal-app.com%2Fusers%2Fcrypto%2Fcancel.php&cmd=create_transaction&currency1=USD&currency2=USDT.TRC20&invoice=ORDER_68051e79d413c&ipn_url=https%3A%2F%2Fmou.elbatal-app.com%2Fusers%2Fcrypto%2Fipn.php&item_name=%2B3+Months&key=67390e8e994c2845f1a6b4583ac496687564127cc3e7cdc93be22dfbc3a0ef79&success_url=https%3A%2F%2Fmou.elbatal-app.com%2Fusers%2Fcrypto%2Fsuccess.php&version=1
3c9181b1068fecb5f5f70b7b4a5632fd5aad3917a0cd83ec417715970b4478b552715a22d8cb9eced9f6391c55931247bf2f856224adf1eb481e584c920ae464
[2025-04-20 16:19 UTC] HMAC Recived => 
amount1=2.475&amount2=2.47472&buyer_name=CoinPayments+API&currency1=USD&currency2=USDT.TRC20&email=customer%40example.com&fee=0.02475&invoice=ORDER_68051e79d413c&ipn_id=d1a3aa605b74e262a11195870b1ff118&ipn_mode=hmac&ipn_type=api&ipn_version=1.0&item_name=%2B3+Months&merchant=e4e7cd20e63a730246557d3636e59ab8&received_amount=0&received_confirms=0&status=0&status_text=Waiting+for+buyer+funds...&txn_id=CPJD6IKE3IVWG8RZWJ1RPLP02N
2038d315616823dcd14de0e2ae8107d41e0eb9be440a0e5a0e1f8c93988f92b15d8175b779b7e7e5fc6ab8f2c1abbb241924c23980ddb5c2ea5dc78b923d557c
[2025-04-20 16:19 UTC] Payment not complete.
[2025-04-20 16:19 UTC] HMAC Recived => 
amount1=2.475&amount2=2.47472&buyer_name=CoinPayments+API&currency1=USD&currency2=USDT.TRC20&email=customer%40example.com&fee=0.02475&invoice=ORDER_68051e79d413c&ipn_id=93e836c649d902224f615b53040b8046&ipn_mode=hmac&ipn_type=api&ipn_version=1.0&item_name=%2B3+Months&merchant=e4e7cd20e63a730246557d3636e59ab8&received_amount=0&received_confirms=0&status=0&status_text=Waiting+for+buyer+funds...&txn_id=CPJD6IKE3IVWG8RZWJ1RPLP02N
00c42a4ef47574ab7e065ec35b9f4c4c7c36d454f38a9788b231f7cb8ac82b9ab5ca69065f4c2dc597461b82f67966a7c058b640deec65cf052050225f62d85a
[2025-04-20 16:19 UTC] Payment not complete.
[2025-04-20 18:20 UTC] HMAC Recived => 
amount1=2.475&amount2=2.47472&buyer_name=CoinPayments+API&currency1=USD&currency2=USDT.TRC20&email=customer%40example.com&fee=0.02475&invoice=ORDER_68051e79d413c&ipn_id=b0a10b655ed1ee22aa4146c395945f1b&ipn_mode=hmac&ipn_type=api&ipn_version=1.0&item_name=%2B3+Months&merchant=e4e7cd20e63a730246557d3636e59ab8&received_amount=0&received_confirms=0&status=-1&status_text=Cancelled+%2F+Timed+Out&txn_id=CPJD6IKE3IVWG8RZWJ1RPLP02N
6890e1b5b46f4ab8faaea78a1422a274cc76d8b1b0144600eb2856c31fab9a802e2234f50791375d1abeb3a6b2b09cdbf362bef38ac73bb4741c12f42ecf27a6
[2025-04-20 18:20 UTC] Payment not complete.
[2025-04-20 23:01 UTC] HMAC Sent => 
amount=2.475&buyer_email=customer%40example.com&cancel_url=https%3A%2F%2Fmou.elbatal-app.com%2Fusers%2Fcrypto%2Fcancel.php&cmd=create_transaction&currency1=USD&currency2=USDT.TRC20&invoice=ORDER_68057cdcc472e&ipn_url=https%3A%2F%2Fmou.elbatal-app.com%2Fusers%2Fcrypto%2Fipn.php&item_name=%2B3+Months&key=67390e8e994c2845f1a6b4583ac496687564127cc3e7cdc93be22dfbc3a0ef79&success_url=https%3A%2F%2Fmou.elbatal-app.com%2Fusers%2Fcrypto%2Fsuccess.php&version=1
18fc9d00d507265f38f4e38cd356cf4c32e8eecfb6395569ea1fc9672572163ac430671d73c9db7daa9158b0843d6a14690d2b0e5799bfe6933421f3e1f8cac6
[2025-04-20 23:01 UTC] HMAC Recived => 
amount1=2.475&amount2=2.47457&buyer_name=CoinPayments+API&currency1=USD&currency2=USDT.TRC20&email=customer%40example.com&fee=0.02475&invoice=ORDER_68057cdcc472e&ipn_id=210b426dce5070eb1c33dc265e47f9db&ipn_mode=hmac&ipn_type=api&ipn_version=1.0&item_name=%2B3+Months&merchant=e4e7cd20e63a730246557d3636e59ab8&received_amount=0&received_confirms=0&status=0&status_text=Waiting+for+buyer+funds...&txn_id=CPJD4M1N8U77GIRWOLENEP85QR
fa12e18cde4447a5f1206a697a9746cfd5459c0ecd3d535e67db5cc731de3484311972dedc82a43de0dd436e49321edaed18186c38fa8ba64cdc5a92c24e95c0
[2025-04-20 23:01 UTC] Payment not complete.
[2025-04-21 01:03 UTC] HMAC Recived => 
amount1=2.475&amount2=2.47457&buyer_name=CoinPayments+API&currency1=USD&currency2=USDT.TRC20&email=customer%40example.com&fee=0.02475&invoice=ORDER_68057cdcc472e&ipn_id=b791a519104d5d2be75b0f985382245a&ipn_mode=hmac&ipn_type=api&ipn_version=1.0&item_name=%2B3+Months&merchant=e4e7cd20e63a730246557d3636e59ab8&received_amount=0&received_confirms=0&status=-1&status_text=Cancelled+%2F+Timed+Out&txn_id=CPJD4M1N8U77GIRWOLENEP85QR
e70cf36dc1c9c09e4c4013796eae9850f762427e5827da3a5a83193a40215ff52e6b8fbdf6220e43185da9bdd97bb9531baa72a18f73800efb2983de82e768a4
[2025-04-21 01:03 UTC] Payment not complete.
[2025-04-21 21:12 UTC] HMAC Sent => 
amount=4.95&buyer_email=customer%40example.com&cancel_url=https%3A%2F%2Fmou.elbatal-app.com%2Fusers%2Fcrypto%2Fcancel.php&cmd=create_transaction&currency1=USD&currency2=USDT.TRC20&invoice=ORDER_6806b4b6927f3&ipn_url=https%3A%2F%2Fmou.elbatal-app.com%2Fusers%2Fcrypto%2Fipn.php&item_name=%2B6+Months&key=67390e8e994c2845f1a6b4583ac496687564127cc3e7cdc93be22dfbc3a0ef79&success_url=https%3A%2F%2Fmou.elbatal-app.com%2Fusers%2Fcrypto%2Fsuccess.php&version=1
b941d020ba62ff4eb47dfd7f4ddd4171d48384018243dbd1edfaa97f30d6f4557888d33d4b86020277ec2f1464f9d45ce46b8dfb854baa013599776424ccbc42
[2025-04-21 21:12 UTC] HMAC Recived => 
amount1=4.95&amount2=4.95088&buyer_name=CoinPayments+API&currency1=USD&currency2=USDT.TRC20&email=customer%40example.com&fee=0.04951&invoice=ORDER_6806b4b6927f3&ipn_id=d1ffd7c5733cf8ad2331cdbf8f430866&ipn_mode=hmac&ipn_type=api&ipn_version=1.0&item_name=%2B6+Months&merchant=e4e7cd20e63a730246557d3636e59ab8&received_amount=0&received_confirms=0&status=0&status_text=Waiting+for+buyer+funds...&txn_id=CPJD3B9RBE1OSDHHHHD0TBDRMJ
8ed51a2e024bdd93fa8d564f77aecb8ffcf238a7079774505c626fb67bb457b7b81fe7e4cf43ab81c87b9ab6833e9a57a013e0d79a3db282c8166f9fb336674a
[2025-04-21 21:12 UTC] Payment not complete.
[2025-04-21 21:12 UTC] HMAC Recived => 
amount1=4.95&amount2=4.95088&buyer_name=CoinPayments+API&currency1=USD&currency2=USDT.TRC20&email=customer%40example.com&fee=0.04951&invoice=ORDER_6806b4b6927f3&ipn_id=5c43b525fd49e7b36a8db3a65c9352ba&ipn_mode=hmac&ipn_type=api&ipn_version=1.0&item_name=%2B6+Months&merchant=e4e7cd20e63a730246557d3636e59ab8&received_amount=0&received_confirms=0&status=0&status_text=Waiting+for+buyer+funds...&txn_id=CPJD3B9RBE1OSDHHHHD0TBDRMJ
ea8cbe3b220b5278218b3cbfdb36b741f663bafff19e4dcbc529ebae91fcbbdc2f2d8ae6298de19d231c44030bb83e17fed6e4f2b997bfc77663ef9543791b47
[2025-04-21 21:12 UTC] Payment not complete.
[2025-04-21 23:13 UTC] HMAC Recived => 
amount1=4.95&amount2=4.95088&buyer_name=CoinPayments+API&currency1=USD&currency2=USDT.TRC20&email=customer%40example.com&fee=0.04951&invoice=ORDER_6806b4b6927f3&ipn_id=4abefc114dca2c381922aed6bf49b869&ipn_mode=hmac&ipn_type=api&ipn_version=1.0&item_name=%2B6+Months&merchant=e4e7cd20e63a730246557d3636e59ab8&received_amount=0&received_confirms=0&status=-1&status_text=Cancelled+%2F+Timed+Out&txn_id=CPJD3B9RBE1OSDHHHHD0TBDRMJ
fe1c87b15ec1f535b533fafdd8178779a519d4d7e767ca6b290d1130856dbdf2fe3a3df89890edcfbd3068277658f91d1294940345a362207f789d945feaf77c
[2025-04-21 23:13 UTC] Payment not complete.
[2025-04-22 08:18 UTC] HMAC Sent => 
amount=0.99&buyer_email=customer%40example.com&cancel_url=https%3A%2F%2Fmou.elbatal-app.com%2Fusers%2Fcrypto%2Fcancel.php&cmd=create_transaction&currency1=USD&currency2=USDT.TRC20&invoice=ORDER_680750d14ab1a&ipn_url=https%3A%2F%2Fmou.elbatal-app.com%2Fusers%2Fcrypto%2Fipn.php&item_name=%2B1+Month&key=67390e8e994c2845f1a6b4583ac496687564127cc3e7cdc93be22dfbc3a0ef79&success_url=https%3A%2F%2Fmou.elbatal-app.com%2Fusers%2Fcrypto%2Fsuccess.php&version=1
892af7213056bfbc770d1314917a49348e19372a4dc0db6e5e600ff78c47ed7026543425934d7260a17e8a2d7133227af323f93b2d0bac962c0ad9a0fc68e194
[2025-04-22 08:18 UTC] HMAC Recived => 
amount1=0.99&amount2=0.98977&buyer_name=CoinPayments+API&currency1=USD&currency2=USDT.TRC20&email=customer%40example.com&fee=0.0099&invoice=ORDER_680750d14ab1a&ipn_id=0618a29390ef0e579615e92b6a4e80b5&ipn_mode=hmac&ipn_type=api&ipn_version=1.0&item_name=%2B1+Month&merchant=e4e7cd20e63a730246557d3636e59ab8&received_amount=0&received_confirms=0&status=0&status_text=Waiting+for+buyer+funds...&txn_id=CPJD2PY6U6O5XKBEMMPH7QAXO8
1a4f42e7028670cbeb8ba1d1638090094ec54e03b9d56d1646b62a13d1d891b84bdb3ddbb7df6aed138698d8f4d9c3392b2a3ab2ad6b915e6e532dc9463f008a
[2025-04-22 08:18 UTC] Payment not complete.
[2025-04-22 10:19 UTC] HMAC Recived => 
amount1=0.99&amount2=0.98977&buyer_name=CoinPayments+API&currency1=USD&currency2=USDT.TRC20&email=customer%40example.com&fee=0.0099&invoice=ORDER_680750d14ab1a&ipn_id=e6918a23b6e5773b6994003a1b7dbdfa&ipn_mode=hmac&ipn_type=api&ipn_version=1.0&item_name=%2B1+Month&merchant=e4e7cd20e63a730246557d3636e59ab8&received_amount=0&received_confirms=0&status=-1&status_text=Cancelled+%2F+Timed+Out&txn_id=CPJD2PY6U6O5XKBEMMPH7QAXO8
3b30b2ed714eb1a36f6c2891bfeded37196e39202fc20575c79d1117e3c3eb92f336d477128e070ab760f87fbde6567d91745d0a17f29f902a9a4a2fa9dd2d1d
[2025-04-22 10:19 UTC] Payment not complete.
[2025-04-23 16:54 UTC] HMAC Sent => 
amount=9.9&buyer_email=customer%40example.com&cancel_url=https%3A%2F%2Fmou.elbatal-app.com%2Fusers%2Fcrypto%2Fcancel.php&cmd=create_transaction&currency1=USD&currency2=USDT.TRC20&invoice=ORDER_68091b5e2facd&ipn_url=https%3A%2F%2Fmou.elbatal-app.com%2Fusers%2Fcrypto%2Fipn.php&item_name=%2B1+Year&key=67390e8e994c2845f1a6b4583ac496687564127cc3e7cdc93be22dfbc3a0ef79&success_url=https%3A%2F%2Fmou.elbatal-app.com%2Fusers%2Fcrypto%2Fsuccess.php&version=1
78791b40bbaf81c26c115ada233801e23004fe7e1eb4518fc2a2583877033eee5956cea1f256996dc87587c5338368f3df83f16ab68a25aa92cb329cd25f2fc4
[2025-04-23 16:56 UTC] HMAC Recived => 
amount1=9.9&amount2=9.91043&buyer_name=CoinPayments+API&currency1=USD&currency2=USDT.TRC20&email=customer%40example.com&fee=0.0991&invoice=ORDER_68091b5e2facd&ipn_id=59284a2183528db86b01156386ba1ae4&ipn_mode=hmac&ipn_type=api&ipn_version=1.0&item_name=%2B1+Year&merchant=e4e7cd20e63a730246557d3636e59ab8&received_amount=0&received_confirms=0&status=0&status_text=Waiting+for+buyer+funds...&txn_id=CPJD3QE139VMZJTVYXO2SZQGFD
8aacc217cf152d81d2aa366499db32156e6f06b912573de1c37f106a12193273858ca05b43a24c3e5cb9f1b290b40afee5132a27f9ee63b36c562c00f1a8d78f
[2025-04-23 16:56 UTC] Payment not complete.
[2025-04-23 18:55 UTC] HMAC Recived => 
amount1=9.9&amount2=9.91043&buyer_name=CoinPayments+API&currency1=USD&currency2=USDT.TRC20&email=customer%40example.com&fee=0.0991&invoice=ORDER_68091b5e2facd&ipn_id=f092d67aac4188af8866ae87b9ee7d48&ipn_mode=hmac&ipn_type=api&ipn_version=1.0&item_name=%2B1+Year&merchant=e4e7cd20e63a730246557d3636e59ab8&received_amount=0&received_confirms=0&status=-1&status_text=Cancelled+%2F+Timed+Out&txn_id=CPJD3QE139VMZJTVYXO2SZQGFD
b4b4b70b2cd4bbe6140d65f9f170c0d498c2c7f7d6ff9bff39f17c52446f347dc42b968c8d0873e69ece2a84d7e59fd8b073f6e55f4404abf4ac4f6746a096d8
[2025-04-23 18:55 UTC] Payment not complete.
[2025-04-25 01:01 UTC] HMAC Sent => 
amount=0.99&buyer_email=customer%40example.com&cancel_url=https%3A%2F%2Fmou.elbatal-app.com%2Fusers%2Fcrypto%2Fcancel.php&cmd=create_transaction&currency1=USD&currency2=USDT.TRC20&invoice=ORDER_680aded0c42fc&ipn_url=https%3A%2F%2Fmou.elbatal-app.com%2Fusers%2Fcrypto%2Fipn.php&item_name=%2B1+Month&key=67390e8e994c2845f1a6b4583ac496687564127cc3e7cdc93be22dfbc3a0ef79&success_url=https%3A%2F%2Fmou.elbatal-app.com%2Fusers%2Fcrypto%2Fsuccess.php&version=1
5ddc5ddb3b074b0cb995a00849a58739a8388763d7f314ed78965c1d42d39966c5b6e0173d9f9dce2ee4b1dbfa85c410c8cbb9f58b53f2659cc28fd4002e565b
[2025-04-25 01:01 UTC] HMAC Recived => 
amount1=0.99&amount2=0.98991&buyer_name=CoinPayments+API&currency1=USD&currency2=USDT.TRC20&email=customer%40example.com&fee=0.0099&invoice=ORDER_680aded0c42fc&ipn_id=383e0a712fea1229b4225ddb504733ed&ipn_mode=hmac&ipn_type=api&ipn_version=1.0&item_name=%2B1+Month&merchant=e4e7cd20e63a730246557d3636e59ab8&received_amount=0&received_confirms=0&status=0&status_text=Waiting+for+buyer+funds...&txn_id=CPJD1TWXJTLFK1MDEZ2HDZ6SSH
a1beb81a4b84045db7ecdb9c7d48e000095a918f6d11c70de5dd62093e40aed24770066dd3b4c899fb21499c8a085fc5756338a91a5a5172bd811f491fd76bd2
[2025-04-25 01:01 UTC] Payment not complete.
[2025-04-25 01:01 UTC] HMAC Sent => 
amount=9.9&buyer_email=customer%40example.com&cancel_url=https%3A%2F%2Fmou.elbatal-app.com%2Fusers%2Fcrypto%2Fcancel.php&cmd=create_transaction&currency1=USD&currency2=USDT.TRC20&invoice=ORDER_680adef7bf5a6&ipn_url=https%3A%2F%2Fmou.elbatal-app.com%2Fusers%2Fcrypto%2Fipn.php&item_name=%2B1+Year&key=67390e8e994c2845f1a6b4583ac496687564127cc3e7cdc93be22dfbc3a0ef79&success_url=https%3A%2F%2Fmou.elbatal-app.com%2Fusers%2Fcrypto%2Fsuccess.php&version=1
b4ead427b8d2f769e111d8eaa9f1e400350177b1556c4a4cb688164eb1a4161160d14898dda989abadd56861d10b6d43058746cc59536852c431ef468eebaed3
[2025-04-25 01:01 UTC] HMAC Recived => 
amount1=0.99&amount2=0.98991&buyer_name=CoinPayments+API&currency1=USD&currency2=USDT.TRC20&email=customer%40example.com&fee=0.0099&invoice=ORDER_680aded0c42fc&ipn_id=0e96706deb26c6e6876a491f3364b2f7&ipn_mode=hmac&ipn_type=api&ipn_version=1.0&item_name=%2B1+Month&merchant=e4e7cd20e63a730246557d3636e59ab8&received_amount=0&received_confirms=0&status=0&status_text=Waiting+for+buyer+funds...&txn_id=CPJD1TWXJTLFK1MDEZ2HDZ6SSH
555f1625fe6c9fd2a7aa0d7b96fa7caea582e782c642f47f9f30e550a6b5b07f29bfd675e189a56b8464a1f4d78d24c10db582799b09ac89ed9f27782de0393d
[2025-04-25 01:01 UTC] Payment not complete.
[2025-04-25 01:01 UTC] HMAC Recived => 
amount1=9.9&amount2=9.89909&buyer_name=CoinPayments+API&currency1=USD&currency2=USDT.TRC20&email=customer%40example.com&fee=0.09899&invoice=ORDER_680adef7bf5a6&ipn_id=c246fb2f53a9643b8b23dad9bb94197b&ipn_mode=hmac&ipn_type=api&ipn_version=1.0&item_name=%2B1+Year&merchant=e4e7cd20e63a730246557d3636e59ab8&received_amount=0&received_confirms=0&status=0&status_text=Waiting+for+buyer+funds...&txn_id=CPJD0WMYNAWIYZVOR8VWHHLSZB
44fdc77072506b4b79c812c62d6ab10a6d730f339f481aed4a6b1e1a0a9b294bee4ccce153cd59977fc62495900dff1fac56dfa16dd9bdd661351039a8a948ec
[2025-04-25 01:01 UTC] Payment not complete.
[2025-04-25 03:03 UTC] HMAC Recived => 
amount1=9.9&amount2=9.89909&buyer_name=CoinPayments+API&currency1=USD&currency2=USDT.TRC20&email=customer%40example.com&fee=0.09899&invoice=ORDER_680adef7bf5a6&ipn_id=0c4206433b4bd56c0243a88e77332179&ipn_mode=hmac&ipn_type=api&ipn_version=1.0&item_name=%2B1+Year&merchant=e4e7cd20e63a730246557d3636e59ab8&received_amount=0&received_confirms=0&status=-1&status_text=Cancelled+%2F+Timed+Out&txn_id=CPJD0WMYNAWIYZVOR8VWHHLSZB
872d63fa3cadcb92c589eca10d51a10d81abed9360eac389594849573f6f4b19061d472df3836ff837ac11f84bef7d14ed3892449f22ba342740078138c2ead0
[2025-04-25 03:03 UTC] Payment not complete.
[2025-04-25 03:03 UTC] HMAC Recived => 
amount1=0.99&amount2=0.98991&buyer_name=CoinPayments+API&currency1=USD&currency2=USDT.TRC20&email=customer%40example.com&fee=0.0099&invoice=ORDER_680aded0c42fc&ipn_id=1ac1c135651cbf7682fe74f8b454dc3a&ipn_mode=hmac&ipn_type=api&ipn_version=1.0&item_name=%2B1+Month&merchant=e4e7cd20e63a730246557d3636e59ab8&received_amount=0&received_confirms=0&status=-1&status_text=Cancelled+%2F+Timed+Out&txn_id=CPJD1TWXJTLFK1MDEZ2HDZ6SSH
a4914a2066898cac8bb2bf46e46a0cdd1ebe2b2f990a4d83c90f091d4dd7c3f296db5356f90d98ee5e71ffebd7af844506b3a706428f90ecec4def9c77c45db0
[2025-04-25 03:03 UTC] Payment not complete.
[2025-04-25 20:36 UTC] HMAC Sent => 
amount=9.9&buyer_email=customer%40example.com&cancel_url=https%3A%2F%2Fmou.elbatal-app.com%2Fusers%2Fcrypto%2Fcancel.php&cmd=create_transaction&currency1=USD&currency2=USDT.TRC20&invoice=ORDER_680bf2396a94e&ipn_url=https%3A%2F%2Fmou.elbatal-app.com%2Fusers%2Fcrypto%2Fipn.php&item_name=%2B1+Year&key=67390e8e994c2845f1a6b4583ac496687564127cc3e7cdc93be22dfbc3a0ef79&success_url=https%3A%2F%2Fmou.elbatal-app.com%2Fusers%2Fcrypto%2Fsuccess.php&version=1
26a2361ccb67aba4915ff693ec8859b575fac984c5ab71444dbcb0a9a350b75e8ef4f5628fc32d60c7f5039836cd75e136441ad86549913dea7280959369d258
[2025-04-25 20:36 UTC] HMAC Recived => 
amount1=9.9&amount2=9.89325&buyer_name=CoinPayments+API&currency1=USD&currency2=USDT.TRC20&email=customer%40example.com&fee=0.09893&invoice=ORDER_680bf2396a94e&ipn_id=f47319620691a20d8f85a99198187c0e&ipn_mode=hmac&ipn_type=api&ipn_version=1.0&item_name=%2B1+Year&merchant=e4e7cd20e63a730246557d3636e59ab8&received_amount=0&received_confirms=0&status=0&status_text=Waiting+for+buyer+funds...&txn_id=CPJD7LDGWS8WIX30TKUX7VAPKY
1845a6d81834a317f83e254aae98ec9cd6bc122e92b2029f81c7eeb0d5b638ec81ccde4e717176d09aa19eb8f1fe2ed590ab3219cf55cac9c8fce1ba7c476878
[2025-04-25 20:36 UTC] Payment not complete.
[2025-04-25 20:36 UTC] HMAC Recived => 
amount1=9.9&amount2=9.89325&buyer_name=CoinPayments+API&currency1=USD&currency2=USDT.TRC20&email=customer%40example.com&fee=0.09893&invoice=ORDER_680bf2396a94e&ipn_id=b590a7e45d36ec2d7cdbb25b85621a33&ipn_mode=hmac&ipn_type=api&ipn_version=1.0&item_name=%2B1+Year&merchant=e4e7cd20e63a730246557d3636e59ab8&received_amount=0&received_confirms=0&status=0&status_text=Waiting+for+buyer+funds...&txn_id=CPJD7LDGWS8WIX30TKUX7VAPKY
7fc89682ab976e0cf1ab8fae9fae07e5fc276c3ae20e7f65b2cc277c98bf167b30ae379f872c3729949bf79973944acb47edf106a4c9ab4abdf5872df0be521d
[2025-04-25 20:36 UTC] Payment not complete.
[2025-04-25 22:37 UTC] HMAC Recived => 
amount1=9.9&amount2=9.89325&buyer_name=CoinPayments+API&currency1=USD&currency2=USDT.TRC20&email=customer%40example.com&fee=0.09893&invoice=ORDER_680bf2396a94e&ipn_id=0af3f0a8705f9a2daf66fbedd8e1a2f0&ipn_mode=hmac&ipn_type=api&ipn_version=1.0&item_name=%2B1+Year&merchant=e4e7cd20e63a730246557d3636e59ab8&received_amount=0&received_confirms=0&status=-1&status_text=Cancelled+%2F+Timed+Out&txn_id=CPJD7LDGWS8WIX30TKUX7VAPKY
90967d34227052232bd7caa9e471f24cbe94acfbb94428be8cd13d041aa40d533ff617aa8b2fcafd731955d4a649f108b2a9790d33b59a13495ddcade8e04963
[2025-04-25 22:37 UTC] Payment not complete.
[2025-04-27 00:45 UTC] HMAC Sent => 
amount=9.9&buyer_email=customer%40example.com&cancel_url=https%3A%2F%2Fmou.elbatal-app.com%2Fusers%2Fcrypto%2Fcancel.php&cmd=create_transaction&currency1=USD&currency2=USDT.TRC20&invoice=ORDER_680d7e3786e1c&ipn_url=https%3A%2F%2Fmou.elbatal-app.com%2Fusers%2Fcrypto%2Fipn.php&item_name=%2B1+Year&key=67390e8e994c2845f1a6b4583ac496687564127cc3e7cdc93be22dfbc3a0ef79&success_url=https%3A%2F%2Fmou.elbatal-app.com%2Fusers%2Fcrypto%2Fsuccess.php&version=1
d4a8e8bca313f5fbb330adfef145a47226f1cb2387371190cad7e9f64e6ef2c917887184aa02e28b5d178e82872a724f90ee2bddfebbad312786571e088747aa
[2025-04-27 00:45 UTC] HMAC Recived => 
amount1=9.9&amount2=9.90301&buyer_name=CoinPayments+API&currency1=USD&currency2=USDT.TRC20&email=customer%40example.com&fee=0.09903&invoice=ORDER_680d7e3786e1c&ipn_id=56c7598018e57bcb67d47327456fa90d&ipn_mode=hmac&ipn_type=api&ipn_version=1.0&item_name=%2B1+Year&merchant=e4e7cd20e63a730246557d3636e59ab8&received_amount=0&received_confirms=0&status=0&status_text=Waiting+for+buyer+funds...&txn_id=CPJD4D3FXEM198BD14CFCFYUTB
bd1c92dfaa9436338281716e656e53c79d8d869c859c2dc40a271c027436b25ba1348bb140025136ffc302129b99b1a59fa4f4b59cc4428368f511adad58afb8
[2025-04-27 00:45 UTC] Payment not complete.
[2025-04-27 00:46 UTC] HMAC Recived => 
amount1=9.9&amount2=9.90301&buyer_name=CoinPayments+API&currency1=USD&currency2=USDT.TRC20&email=customer%40example.com&fee=0.09903&invoice=ORDER_680d7e3786e1c&ipn_id=b343ed280a6740cd31e0bb821a9ea116&ipn_mode=hmac&ipn_type=api&ipn_version=1.0&item_name=%2B1+Year&merchant=e4e7cd20e63a730246557d3636e59ab8&received_amount=0&received_confirms=0&status=0&status_text=Waiting+for+buyer+funds...&txn_id=CPJD4D3FXEM198BD14CFCFYUTB
a8d7f9c6949d22ed0b50923ae5721cae96faedb46663b1bfb3874cd339edb08cd3ff75f5dd94fe7121025383cab3131d34a7840bc03002696132e92ea6d8b39e
[2025-04-27 00:46 UTC] Payment not complete.
[2025-04-27 02:46 UTC] HMAC Recived => 
amount1=9.9&amount2=9.90301&buyer_name=CoinPayments+API&currency1=USD&currency2=USDT.TRC20&email=customer%40example.com&fee=0.09903&invoice=ORDER_680d7e3786e1c&ipn_id=5a2c175e735f2094a1568f8373e2d1a6&ipn_mode=hmac&ipn_type=api&ipn_version=1.0&item_name=%2B1+Year&merchant=e4e7cd20e63a730246557d3636e59ab8&received_amount=0&received_confirms=0&status=-1&status_text=Cancelled+%2F+Timed+Out&txn_id=CPJD4D3FXEM198BD14CFCFYUTB
8cc4e8937dfc802225a3bd2721e88f83fb9131724cf8d1fc0a3364f096581fb3d1ae90f977bc5dcf6f0c8b5ccba477da435cc200c420332a4747291cc4ed1fd9
[2025-04-27 02:46 UTC] Payment not complete.
[2025-04-27 17:31 UTC] HMAC Sent => 
amount=9.9&buyer_email=customer%40example.com&cancel_url=https%3A%2F%2Fmou.elbatal-app.com%2Fusers%2Fcrypto%2Fcancel.php&cmd=create_transaction&currency1=USD&currency2=USDT.TRC20&invoice=ORDER_680e69e0360b9&ipn_url=https%3A%2F%2Fmou.elbatal-app.com%2Fusers%2Fcrypto%2Fipn.php&item_name=%2B1+Year&key=67390e8e994c2845f1a6b4583ac496687564127cc3e7cdc93be22dfbc3a0ef79&success_url=https%3A%2F%2Fmou.elbatal-app.com%2Fusers%2Fcrypto%2Fsuccess.php&version=1
4ca5e635d35416158ca70be708e0cf3d952c8c0390a78dd7aaf17536461b6350cfbe02ab6f7343b813c49d162b4b4d35343082215e9a6c4a6e2abe40646a1b52
[2025-04-27 17:31 UTC] HMAC Recived => 
amount1=9.9&amount2=9.89773&buyer_name=CoinPayments+API&currency1=USD&currency2=USDT.TRC20&email=customer%40example.com&fee=0.09898&invoice=ORDER_680e69e0360b9&ipn_id=cb28e7444a56767e6f7c516dab566848&ipn_mode=hmac&ipn_type=api&ipn_version=1.0&item_name=%2B1+Year&merchant=e4e7cd20e63a730246557d3636e59ab8&received_amount=0&received_confirms=0&status=0&status_text=Waiting+for+buyer+funds...&txn_id=CPJD527MIKZKT9MS30LMUZKN68
1f400ca77f316b8ab6a71d747650bb575cf2dd9ebd7ef5d32b8e69c065c96fd874afdb92ce3c9230002252ff71c4a765b49b5c4f2a2a5e09147b422d5a6c8237
[2025-04-27 17:31 UTC] Payment not complete.
[2025-04-27 17:31 UTC] HMAC Recived => 
amount1=9.9&amount2=9.89773&buyer_name=CoinPayments+API&currency1=USD&currency2=USDT.TRC20&email=customer%40example.com&fee=0.09898&invoice=ORDER_680e69e0360b9&ipn_id=23825bbab845349124cc76528045c53f&ipn_mode=hmac&ipn_type=api&ipn_version=1.0&item_name=%2B1+Year&merchant=e4e7cd20e63a730246557d3636e59ab8&received_amount=0&received_confirms=0&status=0&status_text=Waiting+for+buyer+funds...&txn_id=CPJD527MIKZKT9MS30LMUZKN68
960a8a699b36e8c7382fb11e1e03651faba91b543c970d184eda61f352f893596838c30e594866f3fa96bb993749c7e5b7fc5376e84e9ffcec4531a029ca10df
[2025-04-27 17:31 UTC] Payment not complete.
[2025-04-27 18:15 UTC] HMAC Sent => 
amount=4.95&buyer_email=customer%40example.com&cancel_url=https%3A%2F%2Fmou.elbatal-app.com%2Fusers%2Fcrypto%2Fcancel.php&cmd=create_transaction&currency1=USD&currency2=USDT.TRC20&invoice=ORDER_680e744d3283b&ipn_url=https%3A%2F%2Fmou.elbatal-app.com%2Fusers%2Fcrypto%2Fipn.php&item_name=%2B6+Months&key=67390e8e994c2845f1a6b4583ac496687564127cc3e7cdc93be22dfbc3a0ef79&success_url=https%3A%2F%2Fmou.elbatal-app.com%2Fusers%2Fcrypto%2Fsuccess.php&version=1
b55098eaeb8bbfb7a16770a129a1fbcfb8c82cb6f91655623d427b5d4ce26430719e405f02b57b058497cc2e0f47afbe2df163c8c02081c1395849276eab4e14
[2025-04-27 18:15 UTC] HMAC Recived => 
amount1=4.95&amount2=4.94942&buyer_name=CoinPayments+API&currency1=USD&currency2=USDT.TRC20&email=customer%40example.com&fee=0.04949&invoice=ORDER_680e744d3283b&ipn_id=215b328e13f5b58cbfaf381f65eed50a&ipn_mode=hmac&ipn_type=api&ipn_version=1.0&item_name=%2B6+Months&merchant=e4e7cd20e63a730246557d3636e59ab8&received_amount=0&received_confirms=0&status=0&status_text=Waiting+for+buyer+funds...&txn_id=CPJD5M9QRMA6PIFRSPBBDR2CKX
a4cfa9f60b9681f14d203f97f1320ef1f1aad54576e86d02bfe67afc851dadbe5a6661bd1a5b86140de335a275e9543509b3992930dd09bd98d4536a1308590a
[2025-04-27 18:15 UTC] Payment not complete.
[2025-04-27 18:16 UTC] HMAC Recived => 
amount1=4.95&amount2=4.94942&buyer_name=CoinPayments+API&currency1=USD&currency2=USDT.TRC20&email=customer%40example.com&fee=0.04949&invoice=ORDER_680e744d3283b&ipn_id=36d0683d4ea38773c07d8d1b37fbe63f&ipn_mode=hmac&ipn_type=api&ipn_version=1.0&item_name=%2B6+Months&merchant=e4e7cd20e63a730246557d3636e59ab8&received_amount=0&received_confirms=0&status=0&status_text=Waiting+for+buyer+funds...&txn_id=CPJD5M9QRMA6PIFRSPBBDR2CKX
133b08597b40f652eaf39800956b41abac237b65fe8f9b24aaba4293a97b66e4b7224db040b026ddb67d93e0f10060c18b07541347856028a53253fa1ebf7595
[2025-04-27 18:16 UTC] Payment not complete.
[2025-04-27 19:32 UTC] HMAC Recived => 
amount1=9.9&amount2=9.89773&buyer_name=CoinPayments+API&currency1=USD&currency2=USDT.TRC20&email=customer%40example.com&fee=0.09898&invoice=ORDER_680e69e0360b9&ipn_id=3e713675f2efb8c9c6c264190075b722&ipn_mode=hmac&ipn_type=api&ipn_version=1.0&item_name=%2B1+Year&merchant=e4e7cd20e63a730246557d3636e59ab8&received_amount=0&received_confirms=0&status=-1&status_text=Cancelled+%2F+Timed+Out&txn_id=CPJD527MIKZKT9MS30LMUZKN68
5b7f2952d8771474c1d72cba8743054e88f357618f425742bc353fc61b90afbd122313e7ef39f7902fe67cb369bdde33b933ece80b389115e7f40772a910cb61
[2025-04-27 19:32 UTC] Payment not complete.
[2025-04-27 20:16 UTC] HMAC Recived => 
amount1=4.95&amount2=4.94942&buyer_name=CoinPayments+API&currency1=USD&currency2=USDT.TRC20&email=customer%40example.com&fee=0.04949&invoice=ORDER_680e744d3283b&ipn_id=7e044b78cbc7d8f96ffd621f0f2e5f04&ipn_mode=hmac&ipn_type=api&ipn_version=1.0&item_name=%2B6+Months&merchant=e4e7cd20e63a730246557d3636e59ab8&received_amount=0&received_confirms=0&status=-1&status_text=Cancelled+%2F+Timed+Out&txn_id=CPJD5M9QRMA6PIFRSPBBDR2CKX
ee69bc9463a80dcae88ac16bb01c8f9fd3401e518e942483d9487522b478c1dca01739fc26811269d88aeb33a6fae0f47c303aedd9de7bed01183e46c7365957
[2025-04-27 20:16 UTC] Payment not complete.
[2025-04-28 17:26 UTC] HMAC Sent => 
amount=9.9&buyer_email=customer%40example.com&cancel_url=https%3A%2F%2Fmou.elbatal-app.com%2Fusers%2Fcrypto%2Fcancel.php&cmd=create_transaction&currency1=USD&currency2=USDT.TRC20&invoice=ORDER_680fba3877e93&ipn_url=https%3A%2F%2Fmou.elbatal-app.com%2Fusers%2Fcrypto%2Fipn.php&item_name=%2B1+Year&key=67390e8e994c2845f1a6b4583ac496687564127cc3e7cdc93be22dfbc3a0ef79&success_url=https%3A%2F%2Fmou.elbatal-app.com%2Fusers%2Fcrypto%2Fsuccess.php&version=1
5b91db686f95a9fd485b59b4f848638eb4429fecae5abeac4b6a3d7afcc89636468f179181eec5e03d2e468309f8ebacdb4ab55196a3b65a3a3349e5ffa5e1e4
[2025-04-28 17:26 UTC] HMAC Recived => 
amount1=9.9&amount2=9.90028&buyer_name=CoinPayments+API&currency1=USD&currency2=USDT.TRC20&email=customer%40example.com&fee=0.099&invoice=ORDER_680fba3877e93&ipn_id=3de866c071637b585b17465dd2500cbf&ipn_mode=hmac&ipn_type=api&ipn_version=1.0&item_name=%2B1+Year&merchant=e4e7cd20e63a730246557d3636e59ab8&received_amount=0&received_confirms=0&status=0&status_text=Waiting+for+buyer+funds...&txn_id=CPJD2VB5OKK7YEJCOQN0OBBLAO
3b27b14a92d8186c4ee9010b8bc22605e623f650416a2ef3d441cd0dbd9e5ca783f2f8548f42c8bc096b581a3e583854a5ab0f180cd8671d8e422a144c5dc5fc
[2025-04-28 17:26 UTC] Payment not complete.
[2025-04-28 17:26 UTC] HMAC Recived => 
amount1=9.9&amount2=9.90028&buyer_name=CoinPayments+API&currency1=USD&currency2=USDT.TRC20&email=customer%40example.com&fee=0.099&invoice=ORDER_680fba3877e93&ipn_id=2945ce0de016e2f2c4f170531e92bfbf&ipn_mode=hmac&ipn_type=api&ipn_version=1.0&item_name=%2B1+Year&merchant=e4e7cd20e63a730246557d3636e59ab8&received_amount=0&received_confirms=0&status=0&status_text=Waiting+for+buyer+funds...&txn_id=CPJD2VB5OKK7YEJCOQN0OBBLAO
491e8b1a455fa2beac03ede19b77c2c147eb8e06cc3a49b2e289e8b48581abf518af825da9704b4e3863449778221e794461c4776577a3abaf77ab12e1fe7035
[2025-04-28 17:26 UTC] Payment not complete.
[2025-04-28 19:27 UTC] HMAC Recived => 
amount1=9.9&amount2=9.90028&buyer_name=CoinPayments+API&currency1=USD&currency2=USDT.TRC20&email=customer%40example.com&fee=0.099&invoice=ORDER_680fba3877e93&ipn_id=d2b4175dd9dfba0c1e108888de77ff8c&ipn_mode=hmac&ipn_type=api&ipn_version=1.0&item_name=%2B1+Year&merchant=e4e7cd20e63a730246557d3636e59ab8&received_amount=0&received_confirms=0&status=-1&status_text=Cancelled+%2F+Timed+Out&txn_id=CPJD2VB5OKK7YEJCOQN0OBBLAO
690c035dcfa156eaaa503771e99373260af01fb52ea6bbcab20852f0e259455073a796596407815b7c661403a1455f3d0bc28d8dfddd9cc46d4b6b15dff56672
[2025-04-28 19:27 UTC] Payment not complete.
[2025-05-01 04:52 UTC] HMAC Sent => 
amount=2.475&buyer_email=customer%40example.com&cancel_url=https%3A%2F%2Fmou.elbatal-app.com%2Fusers%2Fcrypto%2Fcancel.php&cmd=create_transaction&currency1=USD&currency2=USDT.TRC20&invoice=ORDER_6812fe12451f1&ipn_url=https%3A%2F%2Fmou.elbatal-app.com%2Fusers%2Fcrypto%2Fipn.php&item_name=%2B3+Months&key=67390e8e994c2845f1a6b4583ac496687564127cc3e7cdc93be22dfbc3a0ef79&success_url=https%3A%2F%2Fmou.elbatal-app.com%2Fusers%2Fcrypto%2Fsuccess.php&version=1
f62acdbf6e85bf7327dc65b8f8def45c08eebbed5797f7d8a41558dffbc8165f4ef6edc8d5317474a534d6b4d6d5e708f06b13d09a492cf04d11f236ac0c246a
[2025-05-01 04:52 UTC] HMAC Sent => 
amount=2.475&buyer_email=customer%40example.com&cancel_url=https%3A%2F%2Fmou.elbatal-app.com%2Fusers%2Fcrypto%2Fcancel.php&cmd=create_transaction&currency1=USD&currency2=USDT.TRC20&invoice=ORDER_6812fe14d4df7&ipn_url=https%3A%2F%2Fmou.elbatal-app.com%2Fusers%2Fcrypto%2Fipn.php&item_name=%2B3+Months&key=67390e8e994c2845f1a6b4583ac496687564127cc3e7cdc93be22dfbc3a0ef79&success_url=https%3A%2F%2Fmou.elbatal-app.com%2Fusers%2Fcrypto%2Fsuccess.php&version=1
06a83f8372e4628341a5553070cd574b45d6290ac709f023ddaa850e6010508a85570d9b98d508deac8224c0323020c1121b7d7fbcba6c25fbb72a3311cec3a9
[2025-05-01 04:52 UTC] HMAC Recived => 
amount1=2.475&amount2=2.47393&buyer_name=CoinPayments+API&currency1=USD&currency2=USDT.TRC20&email=customer%40example.com&fee=0.02474&invoice=ORDER_6812fe12451f1&ipn_id=1564cdfa2ced6bc08603179cd29bc252&ipn_mode=hmac&ipn_type=api&ipn_version=1.0&item_name=%2B3+Months&merchant=e4e7cd20e63a730246557d3636e59ab8&received_amount=0&received_confirms=0&status=0&status_text=Waiting+for+buyer+funds...&txn_id=CPJE5QM6QG66NN2SG1HWKE0YXD
67d02ab3a6f3ab440094bb19a83c11bf78f3b2e554ccd6a5965932e7bd57bc29c71337590eda84142e196012c14a10202304ec0f3f8536e2bc0bc85933beee29
[2025-05-01 04:52 UTC] Payment not complete.
[2025-05-01 04:53 UTC] HMAC Recived => 
amount1=2.475&amount2=2.47393&buyer_name=CoinPayments+API&currency1=USD&currency2=USDT.TRC20&email=customer%40example.com&fee=0.02474&invoice=ORDER_6812fe14d4df7&ipn_id=573a825f33cc8908073b2fdac271f829&ipn_mode=hmac&ipn_type=api&ipn_version=1.0&item_name=%2B3+Months&merchant=e4e7cd20e63a730246557d3636e59ab8&received_amount=0&received_confirms=0&status=0&status_text=Waiting+for+buyer+funds...&txn_id=CPJE1X7GW6IIJAWENNKQV3HYED
998157a1e5fb9990ef0eb4b8794d561bc506a1c84711428056e8bc98fc6599d216498f5faecfdcf2e9a0cc3112abc250796b11ed0790ad197bda1751a4324517
[2025-05-01 04:53 UTC] Payment not complete.
[2025-05-01 04:53 UTC] HMAC Recived => 
amount1=2.475&amount2=2.47393&buyer_name=CoinPayments+API&currency1=USD&currency2=USDT.TRC20&email=customer%40example.com&fee=0.02474&invoice=ORDER_6812fe14d4df7&ipn_id=4a096b2d6821dccb0decb3f5df883e48&ipn_mode=hmac&ipn_type=api&ipn_version=1.0&item_name=%2B3+Months&merchant=e4e7cd20e63a730246557d3636e59ab8&received_amount=0&received_confirms=0&status=0&status_text=Waiting+for+buyer+funds...&txn_id=CPJE1X7GW6IIJAWENNKQV3HYED
c527946ae132380f823a7811b399a15a883fbe8a18939e26b4d85ef6e2bdec1dba6a539b34e557d121d714b3935a9850b35a08475ffe280aeb75bf36fd13ed32
[2025-05-01 04:53 UTC] Payment not complete.
[2025-05-01 04:53 UTC] HMAC Recived => 
amount1=2.475&amount2=2.47393&buyer_name=CoinPayments+API&currency1=USD&currency2=USDT.TRC20&email=customer%40example.com&fee=0.02474&invoice=ORDER_6812fe12451f1&ipn_id=7de7a3965026238755550a67b73bf118&ipn_mode=hmac&ipn_type=api&ipn_version=1.0&item_name=%2B3+Months&merchant=e4e7cd20e63a730246557d3636e59ab8&received_amount=0&received_confirms=0&status=0&status_text=Waiting+for+buyer+funds...&txn_id=CPJE5QM6QG66NN2SG1HWKE0YXD
42f7de3fc7d4a08472dcd0e2bffa6adf91531a173bbccb7ce0c39ac8fad6a7c5efd40ea6579fc166c6bdf0cf9507d6be7b74350fcb81a96c579c18761473e4d0
[2025-05-01 04:53 UTC] Payment not complete.
[2025-05-01 06:53 UTC] HMAC Recived => 
amount1=2.475&amount2=2.47393&buyer_name=CoinPayments+API&currency1=USD&currency2=USDT.TRC20&email=customer%40example.com&fee=0.02474&invoice=ORDER_6812fe12451f1&ipn_id=4b0a2ca505ee12165d694769cc7d6df8&ipn_mode=hmac&ipn_type=api&ipn_version=1.0&item_name=%2B3+Months&merchant=e4e7cd20e63a730246557d3636e59ab8&received_amount=0&received_confirms=0&status=-1&status_text=Cancelled+%2F+Timed+Out&txn_id=CPJE5QM6QG66NN2SG1HWKE0YXD
5ce4ef13db54497d955ca1bed141e9e5b8294af3d918e76e72fd9d6b6c2ee2b3cbe0a7f02097d159355a3df4e4119b064c04ab96fc814ed9ee1496bd8dc72790
[2025-05-01 06:53 UTC] Payment not complete.
[2025-05-01 06:53 UTC] HMAC Recived => 
amount1=2.475&amount2=2.47393&buyer_name=CoinPayments+API&currency1=USD&currency2=USDT.TRC20&email=customer%40example.com&fee=0.02474&invoice=ORDER_6812fe14d4df7&ipn_id=f702bc867ba8fcc16a70d6990a4d676c&ipn_mode=hmac&ipn_type=api&ipn_version=1.0&item_name=%2B3+Months&merchant=e4e7cd20e63a730246557d3636e59ab8&received_amount=0&received_confirms=0&status=-1&status_text=Cancelled+%2F+Timed+Out&txn_id=CPJE1X7GW6IIJAWENNKQV3HYED
65d393ff9bd1d1af9bebfec9d88420f8363635dd642fca52202064fadab6ec106af693751c65a2bc24f7c394aa96a1d39c78a3922f8bd89f18c87de7499976f9
[2025-05-01 06:53 UTC] Payment not complete.
[2025-05-01 09:19 UTC] HMAC Sent => 
amount=0.99&buyer_email=customer%40example.com&cancel_url=https%3A%2F%2Fmou.elbatal-app.com%2Fusers%2Fcrypto%2Fcancel.php&cmd=create_transaction&currency1=USD&currency2=USDT.TRC20&invoice=ORDER_68133cb36e61f&ipn_url=https%3A%2F%2Fmou.elbatal-app.com%2Fusers%2Fcrypto%2Fipn.php&item_name=%2B1+Month&key=67390e8e994c2845f1a6b4583ac496687564127cc3e7cdc93be22dfbc3a0ef79&success_url=https%3A%2F%2Fmou.elbatal-app.com%2Fusers%2Fcrypto%2Fsuccess.php&version=1
bc185e9d2c206dd98e2d772e9e9f79ff0d93d6dd2c7c56c9bda372d7b22a3b038d9612ee63d38f5f26a8549c17cc666b76ea000482a8072a428a6067e1a0d848
[2025-05-01 09:20 UTC] HMAC Recived => 
amount1=0.99&amount2=0.98993&buyer_name=CoinPayments+API&currency1=USD&currency2=USDT.TRC20&email=customer%40example.com&fee=0.0099&invoice=ORDER_68133cb36e61f&ipn_id=6140b140610262b99086812a36ef79c7&ipn_mode=hmac&ipn_type=api&ipn_version=1.0&item_name=%2B1+Month&merchant=e4e7cd20e63a730246557d3636e59ab8&received_amount=0&received_confirms=0&status=0&status_text=Waiting+for+buyer+funds...&txn_id=CPJE4R2BEN1NLUBPV2EVMLVNLG
416f68e3e3e7f064220b0b36b00bbc864723c783c3ea6ca4b2ce524724e79d172f4be66566c8a2330133aaa69fa2a499ddcba86f14e4fc1d0a832e858eccff76
[2025-05-01 09:20 UTC] Payment not complete.
[2025-05-01 09:20 UTC] HMAC Recived => 
amount1=0.99&amount2=0.98993&buyer_name=CoinPayments+API&currency1=USD&currency2=USDT.TRC20&email=customer%40example.com&fee=0.0099&invoice=ORDER_68133cb36e61f&ipn_id=1404856bccfec8dbbd1e846eaac57448&ipn_mode=hmac&ipn_type=api&ipn_version=1.0&item_name=%2B1+Month&merchant=e4e7cd20e63a730246557d3636e59ab8&received_amount=0&received_confirms=0&status=0&status_text=Waiting+for+buyer+funds...&txn_id=CPJE4R2BEN1NLUBPV2EVMLVNLG
57fdbfbca331b0faf0707d1f268a3d90a3ce260d6a39336d62674a68c5b0e2733c9dc64667d26a6d22e083bd7bd68e26db135489cf85da530c2b19059ae3d795
[2025-05-01 09:20 UTC] Payment not complete.
[2025-05-01 11:20 UTC] HMAC Recived => 
amount1=0.99&amount2=0.98993&buyer_name=CoinPayments+API&currency1=USD&currency2=USDT.TRC20&email=customer%40example.com&fee=0.0099&invoice=ORDER_68133cb36e61f&ipn_id=5d28ef24543e445ca972a4fc64de1d69&ipn_mode=hmac&ipn_type=api&ipn_version=1.0&item_name=%2B1+Month&merchant=e4e7cd20e63a730246557d3636e59ab8&received_amount=0&received_confirms=0&status=-1&status_text=Cancelled+%2F+Timed+Out&txn_id=CPJE4R2BEN1NLUBPV2EVMLVNLG
e7dc2290c2bc10a437f13e641631db19f85ef129726c433bba5c3e8d81bb76549e89d436e5a0bb95c99c45c1fc1b0849b8a1de40c67b30919b640b6f88b876ce
[2025-05-01 11:20 UTC] Payment not complete.
[2025-05-06 00:50 UTC] HMAC Sent => 
amount=9.9&buyer_email=customer%40example.com&cancel_url=https%3A%2F%2Fmou.elbatal-app.com%2Fusers%2Fcrypto%2Fcancel.php&cmd=create_transaction&currency1=USD&currency2=USDT.TRC20&invoice=ORDER_68195cd4ee526&ipn_url=https%3A%2F%2Fmou.elbatal-app.com%2Fusers%2Fcrypto%2Fipn.php&item_name=%2B1+Year&key=67390e8e994c2845f1a6b4583ac496687564127cc3e7cdc93be22dfbc3a0ef79&success_url=https%3A%2F%2Fmou.elbatal-app.com%2Fusers%2Fcrypto%2Fsuccess.php&version=1
2f08463097e8cdc64bbd3ed00ad1a87398b2ba9a10995f2d61222c6d149ad4ea4dbf86d003c855d287040947b192b2a209da885df6f68c529455e7656b98fd26
[2025-05-06 00:50 UTC] HMAC Recived => 
amount1=9.9&amount2=9.90674&buyer_name=CoinPayments+API&currency1=USD&currency2=USDT.TRC20&email=customer%40example.com&fee=0.09907&invoice=ORDER_68195cd4ee526&ipn_id=723891fa0981d73feb834ac6cdd96833&ipn_mode=hmac&ipn_type=api&ipn_version=1.0&item_name=%2B1+Year&merchant=e4e7cd20e63a730246557d3636e59ab8&received_amount=0&received_confirms=0&status=0&status_text=Waiting+for+buyer+funds...&txn_id=CPJE0XES1VP4RRRZ24290LOZSW
50f7ed3a1b087f076ae7ee5fd120ca174e5c44263710e031b3a780d242bb6c1e5bbc50add11710b86ec961cd721bf675a4f244bcb1bd6027eb8f56fbb6d3ef4c
[2025-05-06 00:50 UTC] Payment not complete.
[2025-05-06 00:50 UTC] HMAC Recived => 
amount1=9.9&amount2=9.90674&buyer_name=CoinPayments+API&currency1=USD&currency2=USDT.TRC20&email=customer%40example.com&fee=0.09907&invoice=ORDER_68195cd4ee526&ipn_id=41b18d09f745b3274ff41cad89da510e&ipn_mode=hmac&ipn_type=api&ipn_version=1.0&item_name=%2B1+Year&merchant=e4e7cd20e63a730246557d3636e59ab8&received_amount=0&received_confirms=0&status=0&status_text=Waiting+for+buyer+funds...&txn_id=CPJE0XES1VP4RRRZ24290LOZSW
2d8ccc0375842c0464541259d3704412da02c312c85a4bc64ebb7e659e1437bc6570c13983d4001b1e80d7c843aa08dbf133da3e380168180abd2901778857e5
[2025-05-06 00:50 UTC] Payment not complete.
[2025-05-06 00:50 UTC] HMAC Sent => 
amount=9.9&buyer_email=customer%40example.com&cancel_url=https%3A%2F%2Fmou.elbatal-app.com%2Fusers%2Fcrypto%2Fcancel.php&cmd=create_transaction&currency1=USD&currency2=USDT.TRC20&invoice=ORDER_68195cee0d69c&ipn_url=https%3A%2F%2Fmou.elbatal-app.com%2Fusers%2Fcrypto%2Fipn.php&item_name=%2B1+Year&key=67390e8e994c2845f1a6b4583ac496687564127cc3e7cdc93be22dfbc3a0ef79&success_url=https%3A%2F%2Fmou.elbatal-app.com%2Fusers%2Fcrypto%2Fsuccess.php&version=1
3572d967495fcda887dde9394db93f26bf4da545e51eae60ae3b3c4d32f65263a6a89bdc252a80d1d4ed7cfc5ee70a32a896aa69fbd7837ae11de54bed5c52ef
[2025-05-06 00:51 UTC] HMAC Recived => 
amount1=9.9&amount2=9.90674&buyer_name=CoinPayments+API&currency1=USD&currency2=USDT.TRC20&email=customer%40example.com&fee=0.09907&invoice=ORDER_68195cee0d69c&ipn_id=ee944918bd7b3af2f696d148f2011c19&ipn_mode=hmac&ipn_type=api&ipn_version=1.0&item_name=%2B1+Year&merchant=e4e7cd20e63a730246557d3636e59ab8&received_amount=0&received_confirms=0&status=0&status_text=Waiting+for+buyer+funds...&txn_id=CPJE5L6Z3LQA9TEGFA0TKCFSIV
272bfd1d0e9b2a7b2b732419ae66263ab31fa64ef915a080d1a87094b8297bbf0720e30b92974ddae93069bdfa503319cd3004a7018c6c7d54ae4f8a1a61a3d5
[2025-05-06 00:51 UTC] Payment not complete.
[2025-05-06 02:51 UTC] HMAC Recived => 
amount1=9.9&amount2=9.90674&buyer_name=CoinPayments+API&currency1=USD&currency2=USDT.TRC20&email=customer%40example.com&fee=0.09907&invoice=ORDER_68195cd4ee526&ipn_id=96e4a9c244023d2ab6671db255f6eff8&ipn_mode=hmac&ipn_type=api&ipn_version=1.0&item_name=%2B1+Year&merchant=e4e7cd20e63a730246557d3636e59ab8&received_amount=0&received_confirms=0&status=-1&status_text=Cancelled+%2F+Timed+Out&txn_id=CPJE0XES1VP4RRRZ24290LOZSW
a70370e2f1a659d3b094e58cf9ff941f31647d735fc81813453434924758987aeb09ade9e63e9cb1f3876e8791360f221fb8fcfeb8567b6d8ccb0b2396c64450
[2025-05-06 02:51 UTC] Payment not complete.
[2025-05-06 02:51 UTC] HMAC Recived => 
amount1=9.9&amount2=9.90674&buyer_name=CoinPayments+API&currency1=USD&currency2=USDT.TRC20&email=customer%40example.com&fee=0.09907&invoice=ORDER_68195cee0d69c&ipn_id=13160707f7cd603a0ab2b7b2f9b34aa3&ipn_mode=hmac&ipn_type=api&ipn_version=1.0&item_name=%2B1+Year&merchant=e4e7cd20e63a730246557d3636e59ab8&received_amount=0&received_confirms=0&status=-1&status_text=Cancelled+%2F+Timed+Out&txn_id=CPJE5L6Z3LQA9TEGFA0TKCFSIV
087d0986755c9481a7dc0b2b130c8bb28b7d2fee4477336d57d3836d639d4f99972a94bf4a1bed05d368d07bbf71cfa05517fb2ee9f97a3fa8669746e6e9c003
[2025-05-06 02:51 UTC] Payment not complete.
[2025-05-07 06:26 UTC] HMAC Sent => 
amount=9.9&buyer_email=customer%40example.com&cancel_url=https%3A%2F%2Fmou.elbatal-app.com%2Fusers%2Fcrypto%2Fcancel.php&cmd=create_transaction&currency1=USD&currency2=USDT.TRC20&invoice=ORDER_681afd1ff1390&ipn_url=https%3A%2F%2Fmou.elbatal-app.com%2Fusers%2Fcrypto%2Fipn.php&item_name=%2B1+Year&key=67390e8e994c2845f1a6b4583ac496687564127cc3e7cdc93be22dfbc3a0ef79&success_url=https%3A%2F%2Fmou.elbatal-app.com%2Fusers%2Fcrypto%2Fsuccess.php&version=1
28c7bc9f23bcd60c89dbc9ea13ac295f0426b6e36c43c3b25a0af2bc0e5b174b8400d62434f5b3ba40c92f737d658abcbd4505b5a01dea353ae9d1b3b661b8f4
[2025-05-07 06:26 UTC] HMAC Recived => 
amount1=9.9&amount2=9.8999&buyer_name=CoinPayments+API&currency1=USD&currency2=USDT.TRC20&email=customer%40example.com&fee=0.099&invoice=ORDER_681afd1ff1390&ipn_id=8ac87bced2055e12f49ee7baaff261aa&ipn_mode=hmac&ipn_type=api&ipn_version=1.0&item_name=%2B1+Year&merchant=e4e7cd20e63a730246557d3636e59ab8&received_amount=0&received_confirms=0&status=0&status_text=Waiting+for+buyer+funds...&txn_id=CPJE2HM4Z3BIYFIYLUMI2VSTY4
4747735b610b948ba962df8835edfbaeeddd57bd0180c65a6d2a40bff164782f78822f732692101f55f907bf414ea3559d2de8358021e9c087d62c9ba772b73d
[2025-05-07 06:26 UTC] Payment not complete.
[2025-05-07 08:27 UTC] HMAC Recived => 
amount1=9.9&amount2=9.8999&buyer_name=CoinPayments+API&currency1=USD&currency2=USDT.TRC20&email=customer%40example.com&fee=0.099&invoice=ORDER_681afd1ff1390&ipn_id=edabd90180320f50cf265f350d1ece44&ipn_mode=hmac&ipn_type=api&ipn_version=1.0&item_name=%2B1+Year&merchant=e4e7cd20e63a730246557d3636e59ab8&received_amount=0&received_confirms=0&status=-1&status_text=Cancelled+%2F+Timed+Out&txn_id=CPJE2HM4Z3BIYFIYLUMI2VSTY4
8335bb62bd54a8c4e79e2785ab0570670d076131071dd3f156f3edfc0e8f2ea6a70dd7a98a48c7a4cfc8aafe6020e68d2baf8eaa981e76e414f97a9366a4ae04
[2025-05-07 08:27 UTC] Payment not complete.
[2025-05-09 04:11 UTC] HMAC Sent => 
amount=9.9&buyer_email=customer%40example.com&cancel_url=https%3A%2F%2Fmou.elbatal-app.com%2Fusers%2Fcrypto%2Fcancel.php&cmd=create_transaction&currency1=USD&currency2=USDT.TRC20&invoice=ORDER_681d807c306d4&ipn_url=https%3A%2F%2Fmou.elbatal-app.com%2Fusers%2Fcrypto%2Fipn.php&item_name=%2B1+Year&key=67390e8e994c2845f1a6b4583ac496687564127cc3e7cdc93be22dfbc3a0ef79&success_url=https%3A%2F%2Fmou.elbatal-app.com%2Fusers%2Fcrypto%2Fsuccess.php&version=1
ac7667a1d480f8a7b62d7cb15eaf9c310e7e6e27302640626ffad84427a44a2d8d022d3f6f6aee5d806f4e5ac2a087363f217f15825776e7f6fb70d240624e33
[2025-05-09 04:11 UTC] HMAC Recived => 
amount1=9.9&amount2=9.90361&buyer_name=CoinPayments+API&currency1=USD&currency2=USDT.TRC20&email=customer%40example.com&fee=0.09904&invoice=ORDER_681d807c306d4&ipn_id=4df1c6001a5033aa4bd4ff2f4f761436&ipn_mode=hmac&ipn_type=api&ipn_version=1.0&item_name=%2B1+Year&merchant=e4e7cd20e63a730246557d3636e59ab8&received_amount=0&received_confirms=0&status=0&status_text=Waiting+for+buyer+funds...&txn_id=CPJE0FLYLND29FGMDT3RSS9CGP
3fa732bb482237881d7ee83eab07bb36c082b67907553ba0a93bd595458086956077cec148611032b68828b591ed2e41f0d172a59ee9eb2627cff7cd97c8123d
[2025-05-09 04:11 UTC] Payment not complete.
[2025-05-09 04:11 UTC] HMAC Recived => 
amount1=9.9&amount2=9.90361&buyer_name=CoinPayments+API&currency1=USD&currency2=USDT.TRC20&email=customer%40example.com&fee=0.09904&invoice=ORDER_681d807c306d4&ipn_id=cda7332d08ebd79d74dd62d4c0fc6a59&ipn_mode=hmac&ipn_type=api&ipn_version=1.0&item_name=%2B1+Year&merchant=e4e7cd20e63a730246557d3636e59ab8&received_amount=0&received_confirms=0&status=0&status_text=Waiting+for+buyer+funds...&txn_id=CPJE0FLYLND29FGMDT3RSS9CGP
fdfb2a2ce81bcf08f8ad8be37ec23f7725725d6ec4e9acab9466436fd4fb08034e1427785aece65dbf40ae88d3e73a00a4c8814b6db98e73086ad7fc1fa8fb4e
[2025-05-09 04:11 UTC] Payment not complete.
[2025-05-09 06:12 UTC] HMAC Recived => 
amount1=9.9&amount2=9.90361&buyer_name=CoinPayments+API&currency1=USD&currency2=USDT.TRC20&email=customer%40example.com&fee=0.09904&invoice=ORDER_681d807c306d4&ipn_id=c01edae870822e1d728ef43591374796&ipn_mode=hmac&ipn_type=api&ipn_version=1.0&item_name=%2B1+Year&merchant=e4e7cd20e63a730246557d3636e59ab8&received_amount=0&received_confirms=0&status=-1&status_text=Cancelled+%2F+Timed+Out&txn_id=CPJE0FLYLND29FGMDT3RSS9CGP
a811db737d32cdacf9b5215acaace4ef4d45082259fcb4209cc838eb7df01809d21f9dad73e6dbfc1ffe7017930c009aa95624bc6bcdfc5143155bf202ce44ff
[2025-05-09 06:12 UTC] Payment not complete.
[2025-05-10 08:24 UTC] HMAC Sent => 
amount=2.475&buyer_email=customer%40example.com&cancel_url=https%3A%2F%2Fmou.elbatal-app.com%2Fusers%2Fcrypto%2Fcancel.php&cmd=create_transaction&currency1=USD&currency2=USDT.TRC20&invoice=ORDER_681f0d5229c43&ipn_url=https%3A%2F%2Fmou.elbatal-app.com%2Fusers%2Fcrypto%2Fipn.php&item_name=%2B3+Months&key=67390e8e994c2845f1a6b4583ac496687564127cc3e7cdc93be22dfbc3a0ef79&success_url=https%3A%2F%2Fmou.elbatal-app.com%2Fusers%2Fcrypto%2Fsuccess.php&version=1
6b341b5444df1163295b70229eadfa83455ba334edf4b0675f8345ec14c732691c8574d93f672405372ed1b467d5a4d767ff5c29f713c9e22946b86be8fccb3c
[2025-05-10 08:25 UTC] HMAC Recived => 
amount1=2.475&amount2=2.47694&buyer_name=CoinPayments+API&currency1=USD&currency2=USDT.TRC20&email=customer%40example.com&fee=0.02477&invoice=ORDER_681f0d5229c43&ipn_id=3f7e3121c1193d1e3fc5444dbdb0a399&ipn_mode=hmac&ipn_type=api&ipn_version=1.0&item_name=%2B3+Months&merchant=e4e7cd20e63a730246557d3636e59ab8&received_amount=0&received_confirms=0&status=0&status_text=Waiting+for+buyer+funds...&txn_id=CPJE6CRLEDZ6QDL7FBHNWD4JB1
906f75114bdc5e6ccec175c6ae52b5fe5dc87131e724fca10c1dab6e9879d0f8fec34a5d346225be80bd77770a615a765f5d64e9b705f75b9dd202c6096a8922
[2025-05-10 08:25 UTC] Payment not complete.
[2025-05-10 08:25 UTC] HMAC Recived => 
amount1=2.475&amount2=2.47694&buyer_name=CoinPayments+API&currency1=USD&currency2=USDT.TRC20&email=customer%40example.com&fee=0.02477&invoice=ORDER_681f0d5229c43&ipn_id=c6ff5d2a985d58ac499033c04f3c8d4b&ipn_mode=hmac&ipn_type=api&ipn_version=1.0&item_name=%2B3+Months&merchant=e4e7cd20e63a730246557d3636e59ab8&received_amount=0&received_confirms=0&status=0&status_text=Waiting+for+buyer+funds...&txn_id=CPJE6CRLEDZ6QDL7FBHNWD4JB1
688075d59624e3844cf4dfe2aa073a2ec201c97d014ff7d24c8fd4cf400cbacfaa527046430caed75ea2fd50df13fbbc4bb54abc815133e6aa6c23996d7b1209
[2025-05-10 08:25 UTC] Payment not complete.
[2025-05-10 09:33 UTC] HMAC Sent => 
amount=0.99&buyer_email=customer%40example.com&cancel_url=https%3A%2F%2Fmou.elbatal-app.com%2Fusers%2Fcrypto%2Fcancel.php&cmd=create_transaction&currency1=USD&currency2=USDT.TRC20&invoice=ORDER_681f1d55ebc86&ipn_url=https%3A%2F%2Fmou.elbatal-app.com%2Fusers%2Fcrypto%2Fipn.php&item_name=%2B1+Month&key=67390e8e994c2845f1a6b4583ac496687564127cc3e7cdc93be22dfbc3a0ef79&success_url=https%3A%2F%2Fmou.elbatal-app.com%2Fusers%2Fcrypto%2Fsuccess.php&version=1
e11e214a787ebed44bb3b0c0289b07b71068970086540b744cc496f7171484994a5481cf86895721471b1d3dd15227e716720e12d6b726913ec2ed0fdf27fbcd
[2025-05-10 09:33 UTC] HMAC Recived => 
amount1=0.99&amount2=0.98998&buyer_name=CoinPayments+API&currency1=USD&currency2=USDT.TRC20&email=customer%40example.com&fee=0.0099&invoice=ORDER_681f1d55ebc86&ipn_id=06366334959d521df290a047a62efe24&ipn_mode=hmac&ipn_type=api&ipn_version=1.0&item_name=%2B1+Month&merchant=e4e7cd20e63a730246557d3636e59ab8&received_amount=0&received_confirms=0&status=0&status_text=Waiting+for+buyer+funds...&txn_id=CPJE5IGRWFHZXPLJK54PR09FEV
fb3560fbda9eccbf6399156f653aef8665921bb68cb643aa3712430876e24f51a0b5ca7b063d51a0359ae73d3edb7722198c08ff0b0e8fced428cc7225bfc5b0
[2025-05-10 09:33 UTC] Payment not complete.
[2025-05-10 09:33 UTC] HMAC Recived => 
amount1=0.99&amount2=0.98998&buyer_name=CoinPayments+API&currency1=USD&currency2=USDT.TRC20&email=customer%40example.com&fee=0.0099&invoice=ORDER_681f1d55ebc86&ipn_id=c63fe57b1bd139df5b302c19289503ef&ipn_mode=hmac&ipn_type=api&ipn_version=1.0&item_name=%2B1+Month&merchant=e4e7cd20e63a730246557d3636e59ab8&received_amount=0&received_confirms=0&status=0&status_text=Waiting+for+buyer+funds...&txn_id=CPJE5IGRWFHZXPLJK54PR09FEV
b7e4bcdf04e234b92c1647020ac3ffde5c097a9c719eb7303635a2f5cfa86c258b34789c59f65f4314abb74e174d31dd8714fb9d651e8abb358d17a4c3b9733c
[2025-05-10 09:33 UTC] Payment not complete.
[2025-05-10 10:26 UTC] HMAC Recived => 
amount1=2.475&amount2=2.47694&buyer_name=CoinPayments+API&currency1=USD&currency2=USDT.TRC20&email=customer%40example.com&fee=0.02477&invoice=ORDER_681f0d5229c43&ipn_id=dfaa883c07e124ca65f17d838d87b6aa&ipn_mode=hmac&ipn_type=api&ipn_version=1.0&item_name=%2B3+Months&merchant=e4e7cd20e63a730246557d3636e59ab8&received_amount=0&received_confirms=0&status=-1&status_text=Cancelled+%2F+Timed+Out&txn_id=CPJE6CRLEDZ6QDL7FBHNWD4JB1
dae7d8d25f00db0a8b0b4c012e76a1f6236f60bd15ad0de69df2585ef6727aca49dbd5cf05a9b9d8dfefc8218c1d1b4cefda9a5262f7f71ed53405bd79f1ebc1
[2025-05-10 10:26 UTC] Payment not complete.
[2025-05-10 11:34 UTC] HMAC Recived => 
amount1=0.99&amount2=0.98998&buyer_name=CoinPayments+API&currency1=USD&currency2=USDT.TRC20&email=customer%40example.com&fee=0.0099&invoice=ORDER_681f1d55ebc86&ipn_id=ceeb44dcbd9451d1837b8bd777ba0583&ipn_mode=hmac&ipn_type=api&ipn_version=1.0&item_name=%2B1+Month&merchant=e4e7cd20e63a730246557d3636e59ab8&received_amount=0&received_confirms=0&status=-1&status_text=Cancelled+%2F+Timed+Out&txn_id=CPJE5IGRWFHZXPLJK54PR09FEV
a13f32398588f6b85bdb4599dd7cf636c27fc48039af3157257032d8d3ee8a419687831b6a2a0b73d0e766b00c081efb149081b095a2c92ae1ce692a83508498
[2025-05-10 11:34 UTC] Payment not complete.
[2025-05-11 22:25 UTC] HMAC Sent => 
amount=9.9&buyer_email=customer%40example.com&cancel_url=https%3A%2F%2Fmou.elbatal-app.com%2Fusers%2Fcrypto%2Fcancel.php&cmd=create_transaction&currency1=USD&currency2=USDT.TRC20&invoice=ORDER_682123cc8114c&ipn_url=https%3A%2F%2Fmou.elbatal-app.com%2Fusers%2Fcrypto%2Fipn.php&item_name=%2B1+Year&key=67390e8e994c2845f1a6b4583ac496687564127cc3e7cdc93be22dfbc3a0ef79&success_url=https%3A%2F%2Fmou.elbatal-app.com%2Fusers%2Fcrypto%2Fsuccess.php&version=1
1e021650a1823aa70f4e2334ed2e8a6a13d57449068b3741e6e7da9a1f0c6c1cd228c390a54d25366427592276330cca1a2b115b945a15b0ac86dbce058a66a4
[2025-05-11 22:25 UTC] HMAC Recived => 
amount1=9.9&amount2=9.889&buyer_name=CoinPayments+API&currency1=USD&currency2=USDT.TRC20&email=customer%40example.com&fee=0.09889&invoice=ORDER_682123cc8114c&ipn_id=0c2762edfcb5386337f5fc1cd3b4b0cc&ipn_mode=hmac&ipn_type=api&ipn_version=1.0&item_name=%2B1+Year&merchant=e4e7cd20e63a730246557d3636e59ab8&received_amount=0&received_confirms=0&status=0&status_text=Waiting+for+buyer+funds...&txn_id=CPJE3P2PUGRYA4T5TILBOZVUSF
0ce1d4f7cd4e89a125f4da2051b6269b56ab17537f835d47a7b775e4fa4a38dcad40da267a273aee70d0e3ad4ecb6395908eef9ec3c53bbecf4dc94d3fa45878
[2025-05-11 22:25 UTC] Payment not complete.
[2025-05-11 22:26 UTC] HMAC Recived => 
amount1=9.9&amount2=9.889&buyer_name=CoinPayments+API&currency1=USD&currency2=USDT.TRC20&email=customer%40example.com&fee=0.09889&invoice=ORDER_682123cc8114c&ipn_id=fbebd36153fef784286bf1b5c8119680&ipn_mode=hmac&ipn_type=api&ipn_version=1.0&item_name=%2B1+Year&merchant=e4e7cd20e63a730246557d3636e59ab8&received_amount=0&received_confirms=0&status=0&status_text=Waiting+for+buyer+funds...&txn_id=CPJE3P2PUGRYA4T5TILBOZVUSF
1237bca8979ba33382859df738d885cb4fa637c18a76de67328fe983706037464b6a997373a426e28ec1895772517139406f2e6099dafa90761b11f297f6e91e
[2025-05-11 22:26 UTC] Payment not complete.
[2025-05-12 00:26 UTC] HMAC Recived => 
amount1=9.9&amount2=9.889&buyer_name=CoinPayments+API&currency1=USD&currency2=USDT.TRC20&email=customer%40example.com&fee=0.09889&invoice=ORDER_682123cc8114c&ipn_id=6f8adcb165b85505893052699d4309d6&ipn_mode=hmac&ipn_type=api&ipn_version=1.0&item_name=%2B1+Year&merchant=e4e7cd20e63a730246557d3636e59ab8&received_amount=0&received_confirms=0&status=-1&status_text=Cancelled+%2F+Timed+Out&txn_id=CPJE3P2PUGRYA4T5TILBOZVUSF
df3556b70bf7a0fdd916815aafa56caff0f4fcd75e5849fe1b69de88f850b96e56d08c8f7f9e52c255e14021ff478f93013279f182668f15799a7af9178a351e
[2025-05-12 00:26 UTC] Payment not complete.
[2025-05-12 10:39 UTC] HMAC Sent => 
amount=0.99&buyer_email=customer%40example.com&cancel_url=https%3A%2F%2Fmou.elbatal-app.com%2Fusers%2Fcrypto%2Fcancel.php&cmd=create_transaction&currency1=USD&currency2=USDT.TRC20&invoice=ORDER_6821cfdfab7af&ipn_url=https%3A%2F%2Fmou.elbatal-app.com%2Fusers%2Fcrypto%2Fipn.php&item_name=%2B1+Month&key=67390e8e994c2845f1a6b4583ac496687564127cc3e7cdc93be22dfbc3a0ef79&success_url=https%3A%2F%2Fmou.elbatal-app.com%2Fusers%2Fcrypto%2Fsuccess.php&version=1
764d2c1e95f54f4a968664b2aa3accb20b77c64520ca64f06d7842e4cca9839c3d943e63216bfb6b7f54eb48e1a837e1f131d72903f27ba4599fd8cb4183ee94
[2025-05-12 10:39 UTC] HMAC Recived => 
amount1=0.99&amount2=0.98975&buyer_name=CoinPayments+API&currency1=USD&currency2=USDT.TRC20&email=customer%40example.com&fee=0.0099&invoice=ORDER_6821cfdfab7af&ipn_id=817b651a887b908e3d9ab10262a57c29&ipn_mode=hmac&ipn_type=api&ipn_version=1.0&item_name=%2B1+Month&merchant=e4e7cd20e63a730246557d3636e59ab8&received_amount=0&received_confirms=0&status=0&status_text=Waiting+for+buyer+funds...&txn_id=CPJE0P8OPDWTM1JGRBPP8QONJH
ac80869a5a03e4e1c88b4563a382d4dbc5975771142ad53575176603310eb3ab1aa730255fed343712c7cfd25574d2a25d00177884b09ca61ea16d461d4be5f6
[2025-05-12 10:39 UTC] Payment not complete.
[2025-05-12 10:40 UTC] HMAC Recived => 
amount1=0.99&amount2=0.98975&buyer_name=CoinPayments+API&currency1=USD&currency2=USDT.TRC20&email=customer%40example.com&fee=0.0099&invoice=ORDER_6821cfdfab7af&ipn_id=d24acceb6c379805f0b750555f46ce54&ipn_mode=hmac&ipn_type=api&ipn_version=1.0&item_name=%2B1+Month&merchant=e4e7cd20e63a730246557d3636e59ab8&received_amount=0&received_confirms=0&status=0&status_text=Waiting+for+buyer+funds...&txn_id=CPJE0P8OPDWTM1JGRBPP8QONJH
2669ca07fa67e965d9770870bf24cb37f8b5c003820ca8082048cfcde6f1aacdf2f7fd5786b8ff7e3012570cf3ccf09e7605451691aa8b54bc02849a21b74000
[2025-05-12 10:40 UTC] Payment not complete.
[2025-05-12 12:40 UTC] HMAC Recived => 
amount1=0.99&amount2=0.98975&buyer_name=CoinPayments+API&currency1=USD&currency2=USDT.TRC20&email=customer%40example.com&fee=0.0099&invoice=ORDER_6821cfdfab7af&ipn_id=4bd8cac7d7f7d519f41a99b60fc19ee9&ipn_mode=hmac&ipn_type=api&ipn_version=1.0&item_name=%2B1+Month&merchant=e4e7cd20e63a730246557d3636e59ab8&received_amount=0&received_confirms=0&status=-1&status_text=Cancelled+%2F+Timed+Out&txn_id=CPJE0P8OPDWTM1JGRBPP8QONJH
4f88024b703f26cdb575611be28993586caf5de507ce1cb2897dbd04219a56a116a839cb5bbd8abb6a8f107166de0551d3035eee54f6a2200fd4c7c1404f894d
[2025-05-12 12:40 UTC] Payment not complete.
[2025-05-12 19:27 UTC] HMAC Sent => 
amount=9.9&buyer_email=customer%40example.com&cancel_url=https%3A%2F%2Fmou.elbatal-app.com%2Fusers%2Fcrypto%2Fcancel.php&cmd=create_transaction&currency1=USD&currency2=USDT.TRC20&invoice=ORDER_68224ba111e3b&ipn_url=https%3A%2F%2Fmou.elbatal-app.com%2Fusers%2Fcrypto%2Fipn.php&item_name=%2B1+Year&key=67390e8e994c2845f1a6b4583ac496687564127cc3e7cdc93be22dfbc3a0ef79&success_url=https%3A%2F%2Fmou.elbatal-app.com%2Fusers%2Fcrypto%2Fsuccess.php&version=1
fae19eba48ce10372299ffe852db8a836aa4cac355e7d67aac117bdb229fbfadbd13a951255163cfe53ca117e5d057e9e9aeb39fa1f02acab2ae2696a960733a
[2025-05-12 19:27 UTC] HMAC Recived => 
amount1=9.9&amount2=9.90136&buyer_name=CoinPayments+API&currency1=USD&currency2=USDT.TRC20&email=customer%40example.com&fee=0.09901&invoice=ORDER_68224ba111e3b&ipn_id=9a195fa6ec677e7d35180ea0aa7c5937&ipn_mode=hmac&ipn_type=api&ipn_version=1.0&item_name=%2B1+Year&merchant=e4e7cd20e63a730246557d3636e59ab8&received_amount=0&received_confirms=0&status=0&status_text=Waiting+for+buyer+funds...&txn_id=CPJE5WGY6GNHPP3LBEZKSEQORK
65429eeab660125717a675a8905f3052b2de52653ab15e72237e02f6a1ab4a2a57a7999bb567c427b68ab3c17d42582af5e597aeee0a6a0d6447ecd2b876b92d
[2025-05-12 19:27 UTC] Payment not complete.
[2025-05-12 19:27 UTC] HMAC Recived => 
amount1=9.9&amount2=9.90136&buyer_name=CoinPayments+API&currency1=USD&currency2=USDT.TRC20&email=customer%40example.com&fee=0.09901&invoice=ORDER_68224ba111e3b&ipn_id=dfdaace83449394a8cc9bbb5914ebffc&ipn_mode=hmac&ipn_type=api&ipn_version=1.0&item_name=%2B1+Year&merchant=e4e7cd20e63a730246557d3636e59ab8&received_amount=0&received_confirms=0&status=0&status_text=Waiting+for+buyer+funds...&txn_id=CPJE5WGY6GNHPP3LBEZKSEQORK
1a87895ecd7ab8b2fa9e9bf16567b2df6ac5ed440d28cb05f6d4c8ccc5d68a21d8d10123cdc6b086a87bb52f25ff991c166958b045c0624a8d776ba7286d313e
[2025-05-12 19:27 UTC] Payment not complete.
[2025-05-12 21:29 UTC] HMAC Recived => 
amount1=9.9&amount2=9.90136&buyer_name=CoinPayments+API&currency1=USD&currency2=USDT.TRC20&email=customer%40example.com&fee=0.09901&invoice=ORDER_68224ba111e3b&ipn_id=11c7aa8fccb1a6aa66ecf473b09390df&ipn_mode=hmac&ipn_type=api&ipn_version=1.0&item_name=%2B1+Year&merchant=e4e7cd20e63a730246557d3636e59ab8&received_amount=0&received_confirms=0&status=-1&status_text=Cancelled+%2F+Timed+Out&txn_id=CPJE5WGY6GNHPP3LBEZKSEQORK
4218a8f701cc44227d8a0fd8e10d6a5bc36637d6ee0cd7bd11cc5722b2a3227375df931b203e7385541e1466d509f87598bba4d00d9c3bd45e8a2036de021c7e
[2025-05-12 21:29 UTC] Payment not complete.
[2025-05-13 09:07 UTC] HMAC Sent => 
amount=4.95&buyer_email=customer%40example.com&cancel_url=https%3A%2F%2Fmou.elbatal-app.com%2Fusers%2Fcrypto%2Fcancel.php&cmd=create_transaction&currency1=USD&currency2=USDT.TRC20&invoice=ORDER_68230bdc78f8d&ipn_url=https%3A%2F%2Fmou.elbatal-app.com%2Fusers%2Fcrypto%2Fipn.php&item_name=%2B6+Months&key=67390e8e994c2845f1a6b4583ac496687564127cc3e7cdc93be22dfbc3a0ef79&success_url=https%3A%2F%2Fmou.elbatal-app.com%2Fusers%2Fcrypto%2Fsuccess.php&version=1
3958a7f9373be3195da1ecf2764d80563ee5f0690eb194a75daca5b2ce6f133e444700d977c9fc0eda36acbcfb388cdd2ce5c39fec9c59362445a46c1d2a8ef0
[2025-05-13 09:07 UTC] HMAC Recived => 
amount1=4.95&amount2=4.95064&buyer_name=CoinPayments+API&currency1=USD&currency2=USDT.TRC20&email=customer%40example.com&fee=0.04951&invoice=ORDER_68230bdc78f8d&ipn_id=f13ebf68b89e68f4dc5782e747cd6d8c&ipn_mode=hmac&ipn_type=api&ipn_version=1.0&item_name=%2B6+Months&merchant=e4e7cd20e63a730246557d3636e59ab8&received_amount=0&received_confirms=0&status=0&status_text=Waiting+for+buyer+funds...&txn_id=CPJE3HFSILLJIOT8A66SNQEI1N
03b59a44f045b8725bc793d9d24285752ca03c0772293cc4f5f9b93b7c10b86339b6239f78df293562ab1c697f45c6282fea5f04226a210814b02fc5ed88ba32
[2025-05-13 09:07 UTC] Payment not complete.
[2025-05-13 09:07 UTC] HMAC Recived => 
amount1=4.95&amount2=4.95064&buyer_name=CoinPayments+API&currency1=USD&currency2=USDT.TRC20&email=customer%40example.com&fee=0.04951&invoice=ORDER_68230bdc78f8d&ipn_id=e6413687bab7da06b235d04f5343fdf6&ipn_mode=hmac&ipn_type=api&ipn_version=1.0&item_name=%2B6+Months&merchant=e4e7cd20e63a730246557d3636e59ab8&received_amount=0&received_confirms=0&status=0&status_text=Waiting+for+buyer+funds...&txn_id=CPJE3HFSILLJIOT8A66SNQEI1N
24def69d78348a2c74de280f11d8341eb8738174b1eb458a1286afd4dbf5d22438cb9af62851a3d7056ed8c5cac47e213a1233a0068ad615c1b83798024d1f82
[2025-05-13 09:07 UTC] Payment not complete.
[2025-05-13 11:08 UTC] HMAC Recived => 
amount1=4.95&amount2=4.95064&buyer_name=CoinPayments+API&currency1=USD&currency2=USDT.TRC20&email=customer%40example.com&fee=0.04951&invoice=ORDER_68230bdc78f8d&ipn_id=a558b20ede875956944a7585e43b0165&ipn_mode=hmac&ipn_type=api&ipn_version=1.0&item_name=%2B6+Months&merchant=e4e7cd20e63a730246557d3636e59ab8&received_amount=0&received_confirms=0&status=-1&status_text=Cancelled+%2F+Timed+Out&txn_id=CPJE3HFSILLJIOT8A66SNQEI1N
4aefe80468c5809aedc89dd51f6b33d99e4d948647e2574ccec4c9fa145c4c5bf00a0a23c38a7c07fa20b4400a6c4db4045adf99eeb489054b924196c79c192c
[2025-05-13 11:08 UTC] Payment not complete.
[2025-05-13 16:18 UTC] HMAC Sent => 
amount=9.9&buyer_email=customer%40example.com&cancel_url=https%3A%2F%2Fmou.elbatal-app.com%2Fusers%2Fcrypto%2Fcancel.php&cmd=create_transaction&currency1=USD&currency2=USDT.TRC20&invoice=ORDER_682370e190446&ipn_url=https%3A%2F%2Fmou.elbatal-app.com%2Fusers%2Fcrypto%2Fipn.php&item_name=%2B1+Year&key=67390e8e994c2845f1a6b4583ac496687564127cc3e7cdc93be22dfbc3a0ef79&success_url=https%3A%2F%2Fmou.elbatal-app.com%2Fusers%2Fcrypto%2Fsuccess.php&version=1
3524d99631b62363ff1524b2e33830c70fdc5ce77894ccc0d46a47710e253d2c808ab234afb11d6c2e1e301ad4e59c32f941a69ecee5b0744a205cdb36a86509
[2025-05-13 16:18 UTC] HMAC Recived => 
amount1=9.9&amount2=9.89499&buyer_name=CoinPayments+API&currency1=USD&currency2=USDT.TRC20&email=customer%40example.com&fee=0.09895&invoice=ORDER_682370e190446&ipn_id=236716608526fee239bb0aa02ad9870b&ipn_mode=hmac&ipn_type=api&ipn_version=1.0&item_name=%2B1+Year&merchant=e4e7cd20e63a730246557d3636e59ab8&received_amount=0&received_confirms=0&status=0&status_text=Waiting+for+buyer+funds...&txn_id=CPJE6GHUDZLGRJOS9RWFGZLRZJ
0bfe4b1fd41f5ef9e4b27f22bb01d2f9fab3d3a9c30f8bcbb088da762b0431b7375c5afa28c73ea6cdfb5fb9a71a8ca0dab0548825706ff8cd110f51f329887e
[2025-05-13 16:18 UTC] Payment not complete.
[2025-05-13 18:19 UTC] HMAC Recived => 
amount1=9.9&amount2=9.89499&buyer_name=CoinPayments+API&currency1=USD&currency2=USDT.TRC20&email=customer%40example.com&fee=0.09895&invoice=ORDER_682370e190446&ipn_id=c638004acac036b4cf7c01feb635a1e6&ipn_mode=hmac&ipn_type=api&ipn_version=1.0&item_name=%2B1+Year&merchant=e4e7cd20e63a730246557d3636e59ab8&received_amount=0&received_confirms=0&status=-1&status_text=Cancelled+%2F+Timed+Out&txn_id=CPJE6GHUDZLGRJOS9RWFGZLRZJ
c6b629b3e3aca254f6af93d679841b5c1caeac96e28fc78338acd54b8079973b0578e3eb54a8350efd2f732785490b7ef66ecaf267047d1538ed7a24e07b7be9
[2025-05-13 18:19 UTC] Payment not complete.
[2025-05-16 10:23 UTC] HMAC Sent => 
amount=0.99&buyer_email=customer%40example.com&cancel_url=https%3A%2F%2Fmou.elbatal-app.com%2Fusers%2Fcrypto%2Fcancel.php&cmd=create_transaction&currency1=USD&currency2=USDT.TRC20&invoice=ORDER_6827120759bed&ipn_url=https%3A%2F%2Fmou.elbatal-app.com%2Fusers%2Fcrypto%2Fipn.php&item_name=%2B1+Month&key=67390e8e994c2845f1a6b4583ac496687564127cc3e7cdc93be22dfbc3a0ef79&success_url=https%3A%2F%2Fmou.elbatal-app.com%2Fusers%2Fcrypto%2Fsuccess.php&version=1
57001ef35e09c33d78b25ac8b32bceb6411ceeeea6e970be37e32792670e2224d5aa8d3e5239d5a695e350f4ec7fffc1738e37cb84887483e8ec6a9892810023
[2025-05-16 10:23 UTC] HMAC Recived => 
amount1=0.99&amount2=6.28664&buyer_name=CoinPayments+API&currency1=USD&currency2=USDT.TRC20&email=customer%40example.com&fee=5.30722&invoice=ORDER_6827120759bed&ipn_id=399b742514966438d3b806b634aff892&ipn_mode=hmac&ipn_type=api&ipn_version=1.0&item_name=%2B1+Month&merchant=e4e7cd20e63a730246557d3636e59ab8&received_amount=0&received_confirms=0&status=0&status_text=Waiting+for+buyer+funds...&txn_id=CPJE4NBQCAM6NGLMSPW7XDCMNQ
6c636afdfce657205a897180ab9610b1f09e6adae2c6b0b043f0ae82d6e8aefdc9364312606e78d7cd061569fa79103ffe7a3e43be41d16f4769b6973df3133e
[2025-05-16 10:23 UTC] Payment not complete.
[2025-05-16 10:23 UTC] HMAC Recived => 
amount1=0.99&amount2=6.28664&buyer_name=CoinPayments+API&currency1=USD&currency2=USDT.TRC20&email=customer%40example.com&fee=5.30722&invoice=ORDER_6827120759bed&ipn_id=64b6f43495a2495234767e0be55f254c&ipn_mode=hmac&ipn_type=api&ipn_version=1.0&item_name=%2B1+Month&merchant=e4e7cd20e63a730246557d3636e59ab8&received_amount=0&received_confirms=0&status=0&status_text=Waiting+for+buyer+funds...&txn_id=CPJE4NBQCAM6NGLMSPW7XDCMNQ
c64cd0e3f7ee70912d02dbf8837483bf2486c33dc45c392dc81d32afe29b9296c238f7036f2e2c0a335741c4003bcf1ab6d03dfccd53c2f9ce54b16933030adb
[2025-05-16 10:23 UTC] Payment not complete.
[2025-05-16 12:24 UTC] HMAC Recived => 
amount1=0.99&amount2=6.28664&buyer_name=CoinPayments+API&currency1=USD&currency2=USDT.TRC20&email=customer%40example.com&fee=5.30722&invoice=ORDER_6827120759bed&ipn_id=9d2c8f5b3ee5f0883531e92b13bf0424&ipn_mode=hmac&ipn_type=api&ipn_version=1.0&item_name=%2B1+Month&merchant=e4e7cd20e63a730246557d3636e59ab8&received_amount=0&received_confirms=0&status=-1&status_text=Cancelled+%2F+Timed+Out&txn_id=CPJE4NBQCAM6NGLMSPW7XDCMNQ
605bfae4860cf58743858c2e66f96e6a31acc7551cf40868677e5ed6a263056f39d8d704daa47aba6db4ab4d61fd6d840f243ed2211705e806c4a164cff42c61
[2025-05-16 12:24 UTC] Payment not complete.
[2025-05-18 08:35 UTC] HMAC Sent => 
amount=9.9&buyer_email=customer%40example.com&cancel_url=https%3A%2F%2Fmou.elbatal-app.com%2Fusers%2Fcrypto%2Fcancel.php&cmd=create_transaction&currency1=USD&currency2=USDT.TRC20&invoice=ORDER_68299be43ef1b&ipn_url=https%3A%2F%2Fmou.elbatal-app.com%2Fusers%2Fcrypto%2Fipn.php&item_name=%2B1+Year&key=67390e8e994c2845f1a6b4583ac496687564127cc3e7cdc93be22dfbc3a0ef79&success_url=https%3A%2F%2Fmou.elbatal-app.com%2Fusers%2Fcrypto%2Fsuccess.php&version=1
fc52cee25fe6b670137beed474ec42871de0aa01a97c8c1672ad1aea153ea650d2ec9fc6a740da68172b533840b83bd1e5a1a23e7be2cd63007924b0d1ceb3ca
[2025-05-18 08:36 UTC] HMAC Recived => 
amount1=9.9&amount2=16.35533&buyer_name=CoinPayments+API&currency1=USD&currency2=USDT.TRC20&email=customer%40example.com&fee=6.55747&invoice=ORDER_68299be43ef1b&ipn_id=3312a60c1ce3b731786e1b828af2f6db&ipn_mode=hmac&ipn_type=api&ipn_version=1.0&item_name=%2B1+Year&merchant=e4e7cd20e63a730246557d3636e59ab8&received_amount=0&received_confirms=0&status=0&status_text=Waiting+for+buyer+funds...&txn_id=CPJE4LSYREPAFKLEWESEO2ATHE
19019818b4f9fb0ed065a871f78e4beb76a038c5e74af1740855673d213f0c434c7518437668ddc46d151431a9fcf36e37fcbcc5c3d4cd67b1470a5cf5dc3243
[2025-05-18 08:36 UTC] Payment not complete.
[2025-05-18 08:36 UTC] HMAC Recived => 
amount1=9.9&amount2=16.35533&buyer_name=CoinPayments+API&currency1=USD&currency2=USDT.TRC20&email=customer%40example.com&fee=6.55747&invoice=ORDER_68299be43ef1b&ipn_id=315ce1ffa0eb21a3684984f2915a3eec&ipn_mode=hmac&ipn_type=api&ipn_version=1.0&item_name=%2B1+Year&merchant=e4e7cd20e63a730246557d3636e59ab8&received_amount=0&received_confirms=0&status=0&status_text=Waiting+for+buyer+funds...&txn_id=CPJE4LSYREPAFKLEWESEO2ATHE
bb31b7e0cc6924e0afceccc5ebc1d151ee6b63621add16096c1ccc10aa6303f925201d25075811fb9f99bfd1789c75d1e4c2d9f2736b6c34fb7f16acc9acb045
[2025-05-18 08:36 UTC] Payment not complete.
[2025-05-18 10:36 UTC] HMAC Recived => 
amount1=9.9&amount2=16.35533&buyer_name=CoinPayments+API&currency1=USD&currency2=USDT.TRC20&email=customer%40example.com&fee=6.55747&invoice=ORDER_68299be43ef1b&ipn_id=c8ed30cd2ceb5978804bf61e3019d69c&ipn_mode=hmac&ipn_type=api&ipn_version=1.0&item_name=%2B1+Year&merchant=e4e7cd20e63a730246557d3636e59ab8&received_amount=0&received_confirms=0&status=-1&status_text=Cancelled+%2F+Timed+Out&txn_id=CPJE4LSYREPAFKLEWESEO2ATHE
e75a384a91eb5aac873621d80e78841baf4dbd2fa4d7fde0e354a31f09a713d123f08677bf07d1818a368a9e15dc810a097d64686a605e2b440c8cccafcba4b9
[2025-05-18 10:36 UTC] Payment not complete.
[2025-05-19 00:11 UTC] HMAC Sent => 
amount=0.99&buyer_email=customer%40example.com&cancel_url=https%3A%2F%2Fmou.elbatal-app.com%2Fusers%2Fcrypto%2Fcancel.php&cmd=create_transaction&currency1=USD&currency2=USDT.TRC20&invoice=ORDER_682a77217a132&ipn_url=https%3A%2F%2Fmou.elbatal-app.com%2Fusers%2Fcrypto%2Fipn.php&item_name=%2B1+Month&key=67390e8e994c2845f1a6b4583ac496687564127cc3e7cdc93be22dfbc3a0ef79&success_url=https%3A%2F%2Fmou.elbatal-app.com%2Fusers%2Fcrypto%2Fsuccess.php&version=1
949a81b00311d06ec227b3005f88412403c874c3d9a08c650585d7b9b9e30ca8e2705aaba24bf8e45888fe9077122b9ac422d3eb4fb86fd49e7de53b86517480
[2025-05-19 00:11 UTC] HMAC Recived => 
amount1=0.99&amount2=6.60561&buyer_name=CoinPayments+API&currency1=USD&currency2=USDT.TRC20&email=customer%40example.com&fee=5.62591&invoice=ORDER_682a77217a132&ipn_id=4d413efdc2e9689c8f003823014b1ffd&ipn_mode=hmac&ipn_type=api&ipn_version=1.0&item_name=%2B1+Month&merchant=e4e7cd20e63a730246557d3636e59ab8&received_amount=0&received_confirms=0&status=0&status_text=Waiting+for+buyer+funds...&txn_id=CPJE2RSWBGLH6TNZJZRZ7KFPRO
3c319b9194a23400c75e55c4191350a6021fb03a505ddf7d20ff8d1407ec880e9784e57fb7aeb8fa29f474d39c760f71bce0d7c8a0f9f0a7c1d5103fc33d0243
[2025-05-19 00:11 UTC] Payment not complete.
[2025-05-19 00:12 UTC] HMAC Recived => 
amount1=0.99&amount2=6.60561&buyer_name=CoinPayments+API&currency1=USD&currency2=USDT.TRC20&email=customer%40example.com&fee=5.62591&invoice=ORDER_682a77217a132&ipn_id=c6c8f1113fc073b8deddd0cef1338a3a&ipn_mode=hmac&ipn_type=api&ipn_version=1.0&item_name=%2B1+Month&merchant=e4e7cd20e63a730246557d3636e59ab8&received_amount=0&received_confirms=0&status=0&status_text=Waiting+for+buyer+funds...&txn_id=CPJE2RSWBGLH6TNZJZRZ7KFPRO
ec17e481419dace05b5484d118f15ab4d8e443ca8d6ef03c6191f765bbdd7068053ba0c1222faaddf70bc9011837f4c05b03b09e0a29907495ed7bb8caf6caba
[2025-05-19 00:12 UTC] Payment not complete.
[2025-05-19 02:13 UTC] HMAC Recived => 
amount1=0.99&amount2=6.60561&buyer_name=CoinPayments+API&currency1=USD&currency2=USDT.TRC20&email=customer%40example.com&fee=5.62591&invoice=ORDER_682a77217a132&ipn_id=62fa17abbc139b50f301551e9f880dc8&ipn_mode=hmac&ipn_type=api&ipn_version=1.0&item_name=%2B1+Month&merchant=e4e7cd20e63a730246557d3636e59ab8&received_amount=0&received_confirms=0&status=-1&status_text=Cancelled+%2F+Timed+Out&txn_id=CPJE2RSWBGLH6TNZJZRZ7KFPRO
766cf3ec211caddf2a107af285682c7f930cbbc07ff20e3b011ab42ae4f8a85bcbafc3b7df3436b99c8e203f984d6907166b5c42391676718eafd0fdc0b13ef8
[2025-05-19 02:13 UTC] Payment not complete.
[2025-05-20 12:24 UTC] HMAC Sent => 
amount=9.9&buyer_email=customer%40example.com&cancel_url=https%3A%2F%2Fmou.elbatal-app.com%2Fusers%2Fcrypto%2Fcancel.php&cmd=create_transaction&currency1=USD&currency2=USDT.TRC20&invoice=ORDER_682c7479860c6&ipn_url=https%3A%2F%2Fmou.elbatal-app.com%2Fusers%2Fcrypto%2Fipn.php&item_name=%2B1+Year&key=67390e8e994c2845f1a6b4583ac496687564127cc3e7cdc93be22dfbc3a0ef79&success_url=https%3A%2F%2Fmou.elbatal-app.com%2Fusers%2Fcrypto%2Fsuccess.php&version=1
3ac212532fd512399eab12aa2acb239689217d2658fc161750e1947d25ef86b2cd9f8d06f5b3eb7480b6da132c8420cab91f34e33cb1d36382559225ba23c96b
[2025-05-20 12:24 UTC] HMAC Recived => 
amount1=9.9&amount2=15.25845&buyer_name=CoinPayments+API&currency1=USD&currency2=USDT.TRC20&email=customer%40example.com&fee=5.45343&invoice=ORDER_682c7479860c6&ipn_id=552dcbbd91164ae17108f6cd173b2f87&ipn_mode=hmac&ipn_type=api&ipn_version=1.0&item_name=%2B1+Year&merchant=e4e7cd20e63a730246557d3636e59ab8&received_amount=0&received_confirms=0&status=0&status_text=Waiting+for+buyer+funds...&txn_id=CPJE7L0EVGPYAKK5GHGXUIEBEG
8c9300126b0e7aa4cada9f2e8f13fc5cec8b900a20fef5524e179305a84fb71f23a610f628b9fad10b870bd22786c4050c0c28462f2489371c1e5f94bf29e5f0
[2025-05-20 12:24 UTC] Payment not complete.
[2025-05-20 12:24 UTC] HMAC Recived => 
amount1=9.9&amount2=15.25845&buyer_name=CoinPayments+API&currency1=USD&currency2=USDT.TRC20&email=customer%40example.com&fee=5.45343&invoice=ORDER_682c7479860c6&ipn_id=9c60e3d71638f8c9c7408de62c326381&ipn_mode=hmac&ipn_type=api&ipn_version=1.0&item_name=%2B1+Year&merchant=e4e7cd20e63a730246557d3636e59ab8&received_amount=0&received_confirms=0&status=0&status_text=Waiting+for+buyer+funds...&txn_id=CPJE7L0EVGPYAKK5GHGXUIEBEG
33a872338ecd4cee5c3d05397b790276a5ff890d06628678783c650b87ca5ac18ea541cf20468cd1da2044fa3bf1509f399015fa7a9af2c62fe3e77829352b11
[2025-05-20 12:24 UTC] Payment not complete.
[2025-05-20 14:26 UTC] HMAC Recived => 
amount1=9.9&amount2=15.25845&buyer_name=CoinPayments+API&currency1=USD&currency2=USDT.TRC20&email=customer%40example.com&fee=5.45343&invoice=ORDER_682c7479860c6&ipn_id=ac0cab5686a3bafbfdbd24768424114c&ipn_mode=hmac&ipn_type=api&ipn_version=1.0&item_name=%2B1+Year&merchant=e4e7cd20e63a730246557d3636e59ab8&received_amount=0&received_confirms=0&status=-1&status_text=Cancelled+%2F+Timed+Out&txn_id=CPJE7L0EVGPYAKK5GHGXUIEBEG
a0c0bcd3b7fb080c40f1762675de3c38190b40be871f80efeb9ab531c06c0c172bbadc755a8a0174388334018b98535aed5d99e9b74aa98669dd3d17350c8bea
[2025-05-20 14:26 UTC] Payment not complete.
[2025-05-20 23:14 UTC] HMAC Sent => 
amount=0.99&buyer_email=customer%40example.com&cancel_url=https%3A%2F%2Fmou.elbatal-app.com%2Fusers%2Fcrypto%2Fcancel.php&cmd=create_transaction&currency1=USD&currency2=USDT.TRC20&invoice=ORDER_682d0cd83e348&ipn_url=https%3A%2F%2Fmou.elbatal-app.com%2Fusers%2Fcrypto%2Fipn.php&item_name=%2B1+Month&key=67390e8e994c2845f1a6b4583ac496687564127cc3e7cdc93be22dfbc3a0ef79&success_url=https%3A%2F%2Fmou.elbatal-app.com%2Fusers%2Fcrypto%2Fsuccess.php&version=1
2b091f5aaaf07583931435308112058db06db3fb05ec8ffc4f26859eb462d27ceaacbf6f892cd0149e507545c7725bdce817be60ddd9850c2c4856e451936b1b
[2025-05-20 23:14 UTC] HMAC Recived => 
amount1=0.99&amount2=5.86749&buyer_name=CoinPayments+API&currency1=USD&currency2=USDT.TRC20&email=customer%40example.com&fee=4.88785&invoice=ORDER_682d0cd83e348&ipn_id=3ab9bcd44ee3e63d0c99984c967d1a30&ipn_mode=hmac&ipn_type=api&ipn_version=1.0&item_name=%2B1+Month&merchant=e4e7cd20e63a730246557d3636e59ab8&received_amount=0&received_confirms=0&status=0&status_text=Waiting+for+buyer+funds...&txn_id=CPJE5LCNYZDF5CTYTPNA1TISJW
49f70aeed0c2b43354c6da9dc41bb5a108507352a9d25c8294903d0af086cf7c3d14ecd488b3bcfc5108875e80dafbc38d4f5f3cf5791764c9c1a1717151ff87
[2025-05-20 23:14 UTC] Payment not complete.
[2025-05-21 01:15 UTC] HMAC Recived => 
amount1=0.99&amount2=5.86749&buyer_name=CoinPayments+API&currency1=USD&currency2=USDT.TRC20&email=customer%40example.com&fee=4.88785&invoice=ORDER_682d0cd83e348&ipn_id=1ec0547419ee8eae99dcd8860a9e44ed&ipn_mode=hmac&ipn_type=api&ipn_version=1.0&item_name=%2B1+Month&merchant=e4e7cd20e63a730246557d3636e59ab8&received_amount=0&received_confirms=0&status=-1&status_text=Cancelled+%2F+Timed+Out&txn_id=CPJE5LCNYZDF5CTYTPNA1TISJW
e989525f99e3b75b4ae1f850ac2be1afa50ef0a3e7c974cb095dc51462011a268b04a2bcb1f27b07432d582846049e58a2bd224283701a2db7ccc2b73d0f658c
[2025-05-21 01:15 UTC] Payment not complete.
[2025-05-23 21:24 UTC] HMAC Sent => 
amount=2.475&buyer_email=customer%40example.com&cancel_url=https%3A%2F%2Fmou.elbatal-app.com%2Fusers%2Fcrypto%2Fcancel.php&cmd=create_transaction&currency1=USD&currency2=USDT.TRC20&invoice=ORDER_6830e7a2f24d8&ipn_url=https%3A%2F%2Fmou.elbatal-app.com%2Fusers%2Fcrypto%2Fipn.php&item_name=%2B3+Months&key=67390e8e994c2845f1a6b4583ac496687564127cc3e7cdc93be22dfbc3a0ef79&success_url=https%3A%2F%2Fmou.elbatal-app.com%2Fusers%2Fcrypto%2Fsuccess.php&version=1
c60214ed37f892737754686e29f7796ca70687c0fee9ea5abcc655167dc1460ef2341decf8fbb21fa4ed52128984e933fa647ad5574581f8447c071105b9e75a
[2025-05-23 21:25 UTC] HMAC Recived => 
amount1=2.475&amount2=8.82443&buyer_name=CoinPayments+API&currency1=USD&currency2=USDT.TRC20&email=customer%40example.com&fee=6.37433&invoice=ORDER_6830e7a2f24d8&ipn_id=242dbcc14930367ceca41c29fe972476&ipn_mode=hmac&ipn_type=api&ipn_version=1.0&item_name=%2B3+Months&merchant=e4e7cd20e63a730246557d3636e59ab8&received_amount=0&received_confirms=0&status=0&status_text=Waiting+for+buyer+funds...&txn_id=CPJE1OTTP70CTMYYFXWZNBDIQP
e60c88826bcbb95025843be2256dbef40878a58022a39c2a3a803271cca4ce7655d99290a2b1a983685146cb698dc2901b609adf7303738bfdf3ef0117117243
[2025-05-23 21:25 UTC] Payment not complete.
[2025-05-23 21:25 UTC] HMAC Sent => 
amount=4.95&buyer_email=customer%40example.com&cancel_url=https%3A%2F%2Fmou.elbatal-app.com%2Fusers%2Fcrypto%2Fcancel.php&cmd=create_transaction&currency1=USD&currency2=USDT.TRC20&invoice=ORDER_6830e7d814d00&ipn_url=https%3A%2F%2Fmou.elbatal-app.com%2Fusers%2Fcrypto%2Fipn.php&item_name=%2B6+Months&key=67390e8e994c2845f1a6b4583ac496687564127cc3e7cdc93be22dfbc3a0ef79&success_url=https%3A%2F%2Fmou.elbatal-app.com%2Fusers%2Fcrypto%2Fsuccess.php&version=1
2f1432c638c0717dfbfd3d2e59812457a142b370e6fef1a1b2c091bed33c24f0d87dec5f0206a2ed1a8f8254580061f462114b333d08a947a988ebdf7a8c838c
[2025-05-23 21:26 UTC] HMAC Recived => 
amount1=4.95&amount2=11.29928&buyer_name=CoinPayments+API&currency1=USD&currency2=USDT.TRC20&email=customer%40example.com&fee=6.39908&invoice=ORDER_6830e7d814d00&ipn_id=5bd060547cc6129bbc377049cef1a162&ipn_mode=hmac&ipn_type=api&ipn_version=1.0&item_name=%2B6+Months&merchant=e4e7cd20e63a730246557d3636e59ab8&received_amount=0&received_confirms=0&status=0&status_text=Waiting+for+buyer+funds...&txn_id=CPJE4AVUZ4CAWYX1QZAWL9XFOR
362f475b01b9bcd94a8932656e6b7780928328d7ca436798758adea58e0154073252860d0ade8f84b1e8f8618fd57cd2a861193b02cd58ecdea45ce5846cd1dd
[2025-05-23 21:26 UTC] Payment not complete.
[2025-05-23 21:26 UTC] HMAC Sent => 
amount=9.9&buyer_email=customer%40example.com&cancel_url=https%3A%2F%2Fmou.elbatal-app.com%2Fusers%2Fcrypto%2Fcancel.php&cmd=create_transaction&currency1=USD&currency2=USDT.TRC20&invoice=ORDER_6830e7f5cf239&ipn_url=https%3A%2F%2Fmou.elbatal-app.com%2Fusers%2Fcrypto%2Fipn.php&item_name=%2B1+Year&key=67390e8e994c2845f1a6b4583ac496687564127cc3e7cdc93be22dfbc3a0ef79&success_url=https%3A%2F%2Fmou.elbatal-app.com%2Fusers%2Fcrypto%2Fsuccess.php&version=1
24a0a8a9f903b7a7c3e12301420c04c82e048bd603ea3a292665b8c9208adb6d5dffd9f5972c92a92cd493426f331054b2f7ca9d606cc38035f9121efc1abfba
[2025-05-23 21:26 UTC] HMAC Recived => 
amount1=9.9&amount2=16.24898&buyer_name=CoinPayments+API&currency1=USD&currency2=USDT.TRC20&email=customer%40example.com&fee=6.44857&invoice=ORDER_6830e7f5cf239&ipn_id=0dabad1f469a9e5e8cfa1875ae6ae610&ipn_mode=hmac&ipn_type=api&ipn_version=1.0&item_name=%2B1+Year&merchant=e4e7cd20e63a730246557d3636e59ab8&received_amount=0&received_confirms=0&status=0&status_text=Waiting+for+buyer+funds...&txn_id=CPJE6HYR32VUEC0SYH2N1IAF3G
d97f2ad29267d6313924cf5833b1a5b64bec2310d8b895bb934df9f8fadb7f9b080d5f306136d52c8709a41536c4f9077b814ddc0b849873e6da6ea2aeeeeb1d
[2025-05-23 21:26 UTC] Payment not complete.
[2025-05-23 21:26 UTC] HMAC Recived => 
amount1=9.9&amount2=16.24898&buyer_name=CoinPayments+API&currency1=USD&currency2=USDT.TRC20&email=customer%40example.com&fee=6.44857&invoice=ORDER_6830e7f5cf239&ipn_id=0a2fd17104b642cd0839a65b1d0cfceb&ipn_mode=hmac&ipn_type=api&ipn_version=1.0&item_name=%2B1+Year&merchant=e4e7cd20e63a730246557d3636e59ab8&received_amount=0&received_confirms=0&status=0&status_text=Waiting+for+buyer+funds...&txn_id=CPJE6HYR32VUEC0SYH2N1IAF3G
750ab73334fe2b6319c652296e1ac8178f7c7bf0cea14827f59c9c13ca2e76d1563283e8e2352d17acfc2c1c96d5703787887f0e1721877ce6c96c32375ef18e
[2025-05-23 21:26 UTC] Payment not complete.
[2025-05-23 23:25 UTC] HMAC Recived => 
amount1=2.475&amount2=8.82443&buyer_name=CoinPayments+API&currency1=USD&currency2=USDT.TRC20&email=customer%40example.com&fee=6.37433&invoice=ORDER_6830e7a2f24d8&ipn_id=b2436850830f46c4ae0e995de0e46080&ipn_mode=hmac&ipn_type=api&ipn_version=1.0&item_name=%2B3+Months&merchant=e4e7cd20e63a730246557d3636e59ab8&received_amount=0&received_confirms=0&status=-1&status_text=Cancelled+%2F+Timed+Out&txn_id=CPJE1OTTP70CTMYYFXWZNBDIQP
a06fda9cb67b227be87dcb0169f97a8d5b26f3742d7f5646530c1aa2ab9c0b823233faae3cf344e36fc136bc6d797b0e32d26ad2d0388c7ade88709cc8816b25
[2025-05-23 23:25 UTC] Payment not complete.
[2025-05-23 23:26 UTC] HMAC Recived => 
amount1=4.95&amount2=11.29928&buyer_name=CoinPayments+API&currency1=USD&currency2=USDT.TRC20&email=customer%40example.com&fee=6.39908&invoice=ORDER_6830e7d814d00&ipn_id=8edf076cf00cc2d9eb48364f365e3ab5&ipn_mode=hmac&ipn_type=api&ipn_version=1.0&item_name=%2B6+Months&merchant=e4e7cd20e63a730246557d3636e59ab8&received_amount=0&received_confirms=0&status=-1&status_text=Cancelled+%2F+Timed+Out&txn_id=CPJE4AVUZ4CAWYX1QZAWL9XFOR
338addc7c7cd814bfdd823fabdf4c3b69ee7d9830ae2dade33b657f1c6c5e1d224ff4ef199caace03a121b938fc4b4967019d049b8ba601bf2cbf10c41ee7bd4
[2025-05-23 23:26 UTC] Payment not complete.
[2025-05-23 23:27 UTC] HMAC Recived => 
amount1=9.9&amount2=16.24898&buyer_name=CoinPayments+API&currency1=USD&currency2=USDT.TRC20&email=customer%40example.com&fee=6.44857&invoice=ORDER_6830e7f5cf239&ipn_id=395542a06ea8759be19f1f77ce9ae6d3&ipn_mode=hmac&ipn_type=api&ipn_version=1.0&item_name=%2B1+Year&merchant=e4e7cd20e63a730246557d3636e59ab8&received_amount=0&received_confirms=0&status=-1&status_text=Cancelled+%2F+Timed+Out&txn_id=CPJE6HYR32VUEC0SYH2N1IAF3G
ec281af28cd6af07dc4277a68e321773cc796187a25b16840d71172983b28d923db8fa4f4581f4f3b9ad2c28be94c457abcfd11d088996b9dabb6504ec26f586
[2025-05-23 23:27 UTC] Payment not complete.
[2025-05-24 00:51 UTC] HMAC Sent => 
amount=2.475&buyer_email=customer%40example.com&cancel_url=https%3A%2F%2Fmou.elbatal-app.com%2Fusers%2Fcrypto%2Fcancel.php&cmd=create_transaction&currency1=USD&currency2=USDT.TRC20&invoice=ORDER_6831181f2c6ac&ipn_url=https%3A%2F%2Fmou.elbatal-app.com%2Fusers%2Fcrypto%2Fipn.php&item_name=%2B3+Months&key=67390e8e994c2845f1a6b4583ac496687564127cc3e7cdc93be22dfbc3a0ef79&success_url=https%3A%2F%2Fmou.elbatal-app.com%2Fusers%2Fcrypto%2Fsuccess.php&version=1
61cc7d4da2d5645e608b03aa337a012e1b9b8f381fa3bdfad2300892c6dd8e96ed846b31180ff2b919906798710837cb896916d384cde3c67425bb3adbe3af2b
[2025-05-24 00:51 UTC] HMAC Recived => 
amount1=2.475&amount2=7.44889&buyer_name=CoinPayments+API&currency1=USD&currency2=USDT.TRC20&email=customer%40example.com&fee=4.99769&invoice=ORDER_6831181f2c6ac&ipn_id=b7ea04a4ccc0f4f2dc878c3348ab2d31&ipn_mode=hmac&ipn_type=api&ipn_version=1.0&item_name=%2B3+Months&merchant=e4e7cd20e63a730246557d3636e59ab8&received_amount=0&received_confirms=0&status=0&status_text=Waiting+for+buyer+funds...&txn_id=CPJE1MAB8WFZBHII9ZCQLO0B43
193c806298d79e6bcf31468347a14b13171fc1cb18ca0c73915f9864a250c18d0fde4c1f03d0501840f25da4c75dc5ca1c75569af0e6b6f0da81234272fb2fa5
[2025-05-24 00:51 UTC] Payment not complete.
[2025-05-24 00:52 UTC] HMAC Recived => 
amount1=2.475&amount2=7.44889&buyer_name=CoinPayments+API&currency1=USD&currency2=USDT.TRC20&email=customer%40example.com&fee=4.99769&invoice=ORDER_6831181f2c6ac&ipn_id=c14c99df72f419fb2f7eba362e2f4263&ipn_mode=hmac&ipn_type=api&ipn_version=1.0&item_name=%2B3+Months&merchant=e4e7cd20e63a730246557d3636e59ab8&received_amount=0&received_confirms=0&status=0&status_text=Waiting+for+buyer+funds...&txn_id=CPJE1MAB8WFZBHII9ZCQLO0B43
c45df8579c12f8801f5962347b3a389d600390023e00bd5c8d07beb8c8b24d50ec0e50309217776f3096817ceabf75caf2541b926aac416b71efe758ab0e6eb3
[2025-05-24 00:52 UTC] Payment not complete.
[2025-05-24 02:09 UTC] HMAC Sent => 
amount=9.9&buyer_email=customer%40example.com&cancel_url=https%3A%2F%2Fmou.elbatal-app.com%2Fusers%2Fcrypto%2Fcancel.php&cmd=create_transaction&currency1=USD&currency2=USDT.TRC20&invoice=ORDER_68312a587db9b&ipn_url=https%3A%2F%2Fmou.elbatal-app.com%2Fusers%2Fcrypto%2Fipn.php&item_name=%2B1+Year&key=67390e8e994c2845f1a6b4583ac496687564127cc3e7cdc93be22dfbc3a0ef79&success_url=https%3A%2F%2Fmou.elbatal-app.com%2Fusers%2Fcrypto%2Fsuccess.php&version=1
5747c7d422f67a218a05483056f5fa08ae617d3fab933614b5600b7496922ee0a728ae977473b98292afca4a62eb7c364c14a8ad2a7b94ac76742b4303ebf766
[2025-05-24 02:09 UTC] HMAC Recived => 
amount1=9.9&amount2=15.43814&buyer_name=CoinPayments+API&currency1=USD&currency2=USDT.TRC20&email=customer%40example.com&fee=5.63783&invoice=ORDER_68312a587db9b&ipn_id=303aabd3cf60b8cb23a8849470951627&ipn_mode=hmac&ipn_type=api&ipn_version=1.0&item_name=%2B1+Year&merchant=e4e7cd20e63a730246557d3636e59ab8&received_amount=0&received_confirms=0&status=0&status_text=Waiting+for+buyer+funds...&txn_id=CPJE4L3C3BLP6TPCVIBLHBUHXP
467ef41ad924fa8b3b9122edc27ae491b09264017a5344af5e1f6c86fd8c494f9ff6c3552c1d91fffcd06f05b18e3227b7569cfcb82b40ba18f1248f0bd207e5
[2025-05-24 02:09 UTC] Payment not complete.
[2025-05-24 02:09 UTC] HMAC Recived => 
amount1=9.9&amount2=15.43814&buyer_name=CoinPayments+API&currency1=USD&currency2=USDT.TRC20&email=customer%40example.com&fee=5.63783&invoice=ORDER_68312a587db9b&ipn_id=c9136f789179e58b56180153bace8129&ipn_mode=hmac&ipn_type=api&ipn_version=1.0&item_name=%2B1+Year&merchant=e4e7cd20e63a730246557d3636e59ab8&received_amount=0&received_confirms=0&status=0&status_text=Waiting+for+buyer+funds...&txn_id=CPJE4L3C3BLP6TPCVIBLHBUHXP
13b619bd9aa82c3a26f172ed08d1a8c7e9e0ea0b7ff492f026e03f4b686b3e2b8c9d6d050efc2cc3dca5d85c7644dcb7a943b2ad3dc3d012752acd67ee6aebdf
[2025-05-24 02:09 UTC] Payment not complete.
[2025-05-24 02:18 UTC] HMAC Sent => 
amount=9.9&buyer_email=customer%40example.com&cancel_url=https%3A%2F%2Fmou.elbatal-app.com%2Fusers%2Fcrypto%2Fcancel.php&cmd=create_transaction&currency1=USD&currency2=USDT.TRC20&invoice=ORDER_68312c7ba396d&ipn_url=https%3A%2F%2Fmou.elbatal-app.com%2Fusers%2Fcrypto%2Fipn.php&item_name=%2B1+Year&key=67390e8e994c2845f1a6b4583ac496687564127cc3e7cdc93be22dfbc3a0ef79&success_url=https%3A%2F%2Fmou.elbatal-app.com%2Fusers%2Fcrypto%2Fsuccess.php&version=1
b92cd3cf9fb050962c349fc11f8cf82c721a7049e3e75f216d7cceed846724070eb5c2dbfd58532fc69ec7099720c644b0a7d0893e7997f3a0d2fe7ca0af3a7d
[2025-05-24 02:18 UTC] HMAC Recived => 
amount1=9.9&amount2=15.52023&buyer_name=CoinPayments+API&currency1=USD&currency2=USDT.TRC20&email=customer%40example.com&fee=5.72131&invoice=ORDER_68312c7ba396d&ipn_id=d2fd6b40e3a60ccdd1e9ea2bcd398a8f&ipn_mode=hmac&ipn_type=api&ipn_version=1.0&item_name=%2B1+Year&merchant=e4e7cd20e63a730246557d3636e59ab8&received_amount=0&received_confirms=0&status=0&status_text=Waiting+for+buyer+funds...&txn_id=CPJE0GAGC6PH8LQ5XTSJ5Y7DOS
9349f031dc80a420ac3dea326f67be2aaa1c25ef45c9293acd5f581081bdc128af52be018bb041ab94fdf73b19aaeb4dea715386b9c64b0ed2b0f1faa06cbc9b
[2025-05-24 02:18 UTC] Payment not complete.
[2025-05-24 02:18 UTC] HMAC Recived => 
amount1=9.9&amount2=15.52023&buyer_name=CoinPayments+API&currency1=USD&currency2=USDT.TRC20&email=customer%40example.com&fee=5.72131&invoice=ORDER_68312c7ba396d&ipn_id=1fd91f096fcf125eebc010bef19a4ae6&ipn_mode=hmac&ipn_type=api&ipn_version=1.0&item_name=%2B1+Year&merchant=e4e7cd20e63a730246557d3636e59ab8&received_amount=0&received_confirms=0&status=0&status_text=Waiting+for+buyer+funds...&txn_id=CPJE0GAGC6PH8LQ5XTSJ5Y7DOS
a39834d90b427e5e93342144ca2c8a9f6fec0bd29ae2994a81aa2e7cde630b17161eb4cc77432a7e700e89d902749a1a8d601ec5d5c72663707f0c50873867b6
[2025-05-24 02:18 UTC] Payment not complete.
[2025-05-24 02:22 UTC] HMAC Sent => 
amount=2.475&buyer_email=customer%40example.com&cancel_url=https%3A%2F%2Fmou.elbatal-app.com%2Fusers%2Fcrypto%2Fcancel.php&cmd=create_transaction&currency1=USD&currency2=USDT.TRC20&invoice=ORDER_68312d6b0e939&ipn_url=https%3A%2F%2Fmou.elbatal-app.com%2Fusers%2Fcrypto%2Fipn.php&item_name=%2B3+Months&key=67390e8e994c2845f1a6b4583ac496687564127cc3e7cdc93be22dfbc3a0ef79&success_url=https%3A%2F%2Fmou.elbatal-app.com%2Fusers%2Fcrypto%2Fsuccess.php&version=1
6eaef00d75c87d91d6feb88830261b2c03ce5b88348d7df962f40ff015a3a50ad07e5cd156bb2eb6d21582bd70e0c53d0d7c157d115aca271396332ae0dcef7e
[2025-05-24 02:22 UTC] HMAC Recived => 
amount1=2.475&amount2=8.19608&buyer_name=CoinPayments+API&currency1=USD&currency2=USDT.TRC20&email=customer%40example.com&fee=5.74635&invoice=ORDER_68312d6b0e939&ipn_id=424045f76fb61e041461d526d4180f9b&ipn_mode=hmac&ipn_type=api&ipn_version=1.0&item_name=%2B3+Months&merchant=e4e7cd20e63a730246557d3636e59ab8&received_amount=0&received_confirms=0&status=0&status_text=Waiting+for+buyer+funds...&txn_id=CPJE7DCXCSDHY14FNVUYJ8Q3BY
91cd2cd0d988382e0eb3161c3d4f3129931c4b3c35c244b81e50231e078a0c56344dbbd42aad8cff584e83997557d4251023bbb7a2be2cfc7c70b9c7b236465b
[2025-05-24 02:22 UTC] Payment not complete.
[2025-05-24 02:23 UTC] HMAC Recived => 
amount1=2.475&amount2=8.19608&buyer_name=CoinPayments+API&currency1=USD&currency2=USDT.TRC20&email=customer%40example.com&fee=5.74635&invoice=ORDER_68312d6b0e939&ipn_id=3a0354aeaf336b8ec8a2ddc42b23ae91&ipn_mode=hmac&ipn_type=api&ipn_version=1.0&item_name=%2B3+Months&merchant=e4e7cd20e63a730246557d3636e59ab8&received_amount=0&received_confirms=0&status=0&status_text=Waiting+for+buyer+funds...&txn_id=CPJE7DCXCSDHY14FNVUYJ8Q3BY
267712df8f17ded97fb2c59ff57fce82ec8316c19d52acac2aaf8be590c4c1a9fe029c76e55721604d282dd9848cc0b4980fd2961daaf1fc7a6adcf3e64a05ef
[2025-05-24 02:23 UTC] Payment not complete.
[2025-05-24 02:52 UTC] HMAC Recived => 
amount1=2.475&amount2=7.44889&buyer_name=CoinPayments+API&currency1=USD&currency2=USDT.TRC20&email=customer%40example.com&fee=4.99769&invoice=ORDER_6831181f2c6ac&ipn_id=fa057613c00c905d6ab31af8592739a7&ipn_mode=hmac&ipn_type=api&ipn_version=1.0&item_name=%2B3+Months&merchant=e4e7cd20e63a730246557d3636e59ab8&received_amount=0&received_confirms=0&status=-1&status_text=Cancelled+%2F+Timed+Out&txn_id=CPJE1MAB8WFZBHII9ZCQLO0B43
493de7b81e642e696bb23b44fbc26a86a44ee6de8dd1f1ca5c00621a4019a57cd8f8ac42264f807982686b82da26b729494288be944070cc5931e04c88cd59bd
[2025-05-24 02:52 UTC] Payment not complete.
[2025-05-24 04:10 UTC] HMAC Recived => 
amount1=9.9&amount2=15.43814&buyer_name=CoinPayments+API&currency1=USD&currency2=USDT.TRC20&email=customer%40example.com&fee=5.63783&invoice=ORDER_68312a587db9b&ipn_id=db434b5afafc130ced9709ce857dd753&ipn_mode=hmac&ipn_type=api&ipn_version=1.0&item_name=%2B1+Year&merchant=e4e7cd20e63a730246557d3636e59ab8&received_amount=0&received_confirms=0&status=-1&status_text=Cancelled+%2F+Timed+Out&txn_id=CPJE4L3C3BLP6TPCVIBLHBUHXP
ac89704d27c5dd708cb77b8b3db79fea8dfe3d5f13844f664bec2c758eef53d5a86731193006937c587155fcaac121f6f21bd4b09c77e3a7406a7774d1b66147
[2025-05-24 04:10 UTC] Payment not complete.
[2025-05-24 04:19 UTC] HMAC Recived => 
amount1=9.9&amount2=15.52023&buyer_name=CoinPayments+API&currency1=USD&currency2=USDT.TRC20&email=customer%40example.com&fee=5.72131&invoice=ORDER_68312c7ba396d&ipn_id=e42fb5b0e38beb86c86e211ab5344a61&ipn_mode=hmac&ipn_type=api&ipn_version=1.0&item_name=%2B1+Year&merchant=e4e7cd20e63a730246557d3636e59ab8&received_amount=0&received_confirms=0&status=-1&status_text=Cancelled+%2F+Timed+Out&txn_id=CPJE0GAGC6PH8LQ5XTSJ5Y7DOS
e2a5be0a14b1182006fa5ba48f2c63a023170a0ea16d30844b02e16b9864a16f5ab2c03bcf50174972af1bc15bbee2651cf1719ad4dd9746717e7a2318cc4627
[2025-05-24 04:19 UTC] Payment not complete.
[2025-05-24 04:23 UTC] HMAC Recived => 
amount1=2.475&amount2=8.19608&buyer_name=CoinPayments+API&currency1=USD&currency2=USDT.TRC20&email=customer%40example.com&fee=5.74635&invoice=ORDER_68312d6b0e939&ipn_id=fb40b319ccb81dab7d635f6ce7ca5c68&ipn_mode=hmac&ipn_type=api&ipn_version=1.0&item_name=%2B3+Months&merchant=e4e7cd20e63a730246557d3636e59ab8&received_amount=0&received_confirms=0&status=-1&status_text=Cancelled+%2F+Timed+Out&txn_id=CPJE7DCXCSDHY14FNVUYJ8Q3BY
e3bafebf64db62d30b3515e877d4617dee358920c2236a8f4090f1b48820b5f1a868aeb7a3328e2c5177e16d6e923bb04e8b86f637894d3e7a251fa0f878726c
[2025-05-24 04:23 UTC] Payment not complete.
[2025-05-24 16:09 UTC] HMAC Sent => 
amount=1.485&buyer_email=customer%40example.com&cancel_url=https%3A%2F%2Fmou.elbatal-app.com%2Fusers%2Fcrypto%2Fcancel.php&cmd=create_transaction&currency1=USD&currency2=USDT.TRC20&invoice=ORDER_6831ef3923802&ipn_url=https%3A%2F%2Fmou.elbatal-app.com%2Fusers%2Fcrypto%2Fipn.php&item_name=%2B1+Month&key=67390e8e994c2845f1a6b4583ac496687564127cc3e7cdc93be22dfbc3a0ef79&success_url=https%3A%2F%2Fmou.elbatal-app.com%2Fusers%2Fcrypto%2Fsuccess.php&version=1
234a961ec63b49182c233c4df893507f6188c0aa9f8894724f33aa7cfd36120a8c9ae494aa5f767905811624b5381d1d9c6868ced13d2b5f3764e4ecb1ed1fcc
[2025-05-24 16:09 UTC] HMAC Recived => 
amount1=1.485&amount2=7.5754&buyer_name=CoinPayments+API&currency1=USD&currency2=USDT.TRC20&email=customer%40example.com&fee=6.10647&invoice=ORDER_6831ef3923802&ipn_id=b0ba299638ad8eddccb684797a514e4c&ipn_mode=hmac&ipn_type=api&ipn_version=1.0&item_name=%2B1+Month&merchant=e4e7cd20e63a730246557d3636e59ab8&received_amount=0&received_confirms=0&status=0&status_text=Waiting+for+buyer+funds...&txn_id=CPJE0VXQQHEZB9ATFFGBNYCQI5
c33d346c5ae3c3f6364b2017dda52bb3e832ba0241639db9b64ce8fd708bd17b1879b2d568913b5ba11a280851d51532e6b9a18a1209c9829ba3d859b487d72b
[2025-05-24 16:09 UTC] Payment not complete.
[2025-05-24 16:10 UTC] HMAC Recived => 
amount1=1.485&amount2=7.5754&buyer_name=CoinPayments+API&currency1=USD&currency2=USDT.TRC20&email=customer%40example.com&fee=6.10647&invoice=ORDER_6831ef3923802&ipn_id=92fde1bb82d7bba32696caeb4b569cef&ipn_mode=hmac&ipn_type=api&ipn_version=1.0&item_name=%2B1+Month&merchant=e4e7cd20e63a730246557d3636e59ab8&received_amount=0&received_confirms=0&status=0&status_text=Waiting+for+buyer+funds...&txn_id=CPJE0VXQQHEZB9ATFFGBNYCQI5
0d9d1fede9b64bdb9e57197b281414a04b5e5ca25fa693893128b15f90fc01fce2fa6aeeaca88d50d02c2ed5d7a367999d98d8ad2ed689764de43ea5d9163b45
[2025-05-24 16:10 UTC] Payment not complete.
[2025-05-24 18:11 UTC] HMAC Recived => 
amount1=1.485&amount2=7.5754&buyer_name=CoinPayments+API&currency1=USD&currency2=USDT.TRC20&email=customer%40example.com&fee=6.10647&invoice=ORDER_6831ef3923802&ipn_id=ef64a2093557e874e822c34dcb0c9f7b&ipn_mode=hmac&ipn_type=api&ipn_version=1.0&item_name=%2B1+Month&merchant=e4e7cd20e63a730246557d3636e59ab8&received_amount=0&received_confirms=0&status=-1&status_text=Cancelled+%2F+Timed+Out&txn_id=CPJE0VXQQHEZB9ATFFGBNYCQI5
ae77559cab2d9071983e644260f89fc9cc4f9a8d3e00b9ba101e54f639c5e3a1dd9ddb06b1901d968e0df63cb6f349f24727f7b5a4098544d974a8ebacb73ef8
[2025-05-24 18:11 UTC] Payment not complete.
[2025-05-27 16:20 UTC] HMAC Sent => 
amount=3.96&buyer_email=customer%40example.com&cancel_url=https%3A%2F%2Fmou.elbatal-app.com%2Fusers%2Fcrypto%2Fcancel.php&cmd=create_transaction&currency1=USD&currency2=USDT.TRC20&invoice=ORDER_6835e63bdff28&ipn_url=https%3A%2F%2Fmou.elbatal-app.com%2Fusers%2Fcrypto%2Fipn.php&item_name=%2B3+Months&key=67390e8e994c2845f1a6b4583ac496687564127cc3e7cdc93be22dfbc3a0ef79&success_url=https%3A%2F%2Fmou.elbatal-app.com%2Fusers%2Fcrypto%2Fsuccess.php&version=1
03a0272864b50a6db6d8cae423b72b8564d26272be7ef8c77ded81ad7a0034e490cc9f96dd217873b40b766018438ebe71f84754aa163d723d09909996315cc1
[2025-05-27 16:20 UTC] HMAC Recived => 
amount1=3.96&amount2=9.20416&buyer_name=CoinPayments+API&currency1=USD&currency2=USDT.TRC20&email=customer%40example.com&fee=5.28448&invoice=ORDER_6835e63bdff28&ipn_id=61ff557eaacb81fdd868a7b3f93173d6&ipn_mode=hmac&ipn_type=api&ipn_version=1.0&item_name=%2B3+Months&merchant=e4e7cd20e63a730246557d3636e59ab8&received_amount=0&received_confirms=0&status=0&status_text=Waiting+for+buyer+funds...&txn_id=CPJE4RUMUVJKYCY4T7GLIVM7IJ
0f40dcb6cfeb1aac4a14a8f4f69360b751d49839603fb7427b74f450f8aca3bd04ab3e92fe13318d520dbb90b3ffaf11b65e3f5a828b4d365aab0a6b991732b3
[2025-05-27 16:20 UTC] Payment not complete.
[2025-05-27 16:20 UTC] HMAC Recived => 
amount1=3.96&amount2=9.20416&buyer_name=CoinPayments+API&currency1=USD&currency2=USDT.TRC20&email=customer%40example.com&fee=5.28448&invoice=ORDER_6835e63bdff28&ipn_id=6f46b3b729e56eca89e75b1cdd93b425&ipn_mode=hmac&ipn_type=api&ipn_version=1.0&item_name=%2B3+Months&merchant=e4e7cd20e63a730246557d3636e59ab8&received_amount=0&received_confirms=0&status=0&status_text=Waiting+for+buyer+funds...&txn_id=CPJE4RUMUVJKYCY4T7GLIVM7IJ
f75877282fef5375746777a17cec35c713d81cb91450f7e60d8839b33b4767d4c9ec90f29db12e1fbc38b0ca9f4d197aa5e19d1c62dc773327ca8598c9479f49
[2025-05-27 16:20 UTC] Payment not complete.
[2025-05-27 18:21 UTC] HMAC Recived => 
amount1=3.96&amount2=9.20416&buyer_name=CoinPayments+API&currency1=USD&currency2=USDT.TRC20&email=customer%40example.com&fee=5.28448&invoice=ORDER_6835e63bdff28&ipn_id=bf377e3282eac2fa70d67cd7a6c80686&ipn_mode=hmac&ipn_type=api&ipn_version=1.0&item_name=%2B3+Months&merchant=e4e7cd20e63a730246557d3636e59ab8&received_amount=0&received_confirms=0&status=-1&status_text=Cancelled+%2F+Timed+Out&txn_id=CPJE4RUMUVJKYCY4T7GLIVM7IJ
7e0fda8cf2ae5da9e25f29a1379f8cddef71db116eac11b65f104a4428c1f2be8b8cc620ecba89c8b50e6e94da3417127fe7d85c01da159f4b2e6a7d93c95b31
[2025-05-27 18:21 UTC] Payment not complete.
[2025-05-28 00:16 UTC] HMAC Sent => 
amount=1.485&buyer_email=customer%40example.com&cancel_url=https%3A%2F%2Fmou.elbatal-app.com%2Fusers%2Fcrypto%2Fcancel.php&cmd=create_transaction&currency1=USD&currency2=USDT.TRC20&invoice=ORDER_683655e626567&ipn_url=https%3A%2F%2Fmou.elbatal-app.com%2Fusers%2Fcrypto%2Fipn.php&item_name=%2B1+Month&key=67390e8e994c2845f1a6b4583ac496687564127cc3e7cdc93be22dfbc3a0ef79&success_url=https%3A%2F%2Fmou.elbatal-app.com%2Fusers%2Fcrypto%2Fsuccess.php&version=1
7c6240027ea0d75a2336ba5418e3d38a8de6cd4eb922ec80a44063a8c4e9347e369240ad4cb53939dac69977d16b0e55e593959fefd88bef2edcc3480bd1e253
[2025-05-28 00:16 UTC] HMAC Recived => 
amount1=1.485&amount2=6.82786&buyer_name=CoinPayments+API&currency1=USD&currency2=USDT.TRC20&email=customer%40example.com&fee=5.35861&invoice=ORDER_683655e626567&ipn_id=6ba70282882c488f2f6867f68d47c2e2&ipn_mode=hmac&ipn_type=api&ipn_version=1.0&item_name=%2B1+Month&merchant=e4e7cd20e63a730246557d3636e59ab8&received_amount=0&received_confirms=0&status=0&status_text=Waiting+for+buyer+funds...&txn_id=CPJE7SQ0ALKLDURM6RHBLPSB3A
d0b6f500cbc1fb0d8c69673ac8b938c29dbfe296fbbca0c395171a63ea3e6a86bd5fd72a0200fcd50d7dc6913315fff98b82f6f46349668e835f2299b758595f
[2025-05-28 00:16 UTC] Payment not complete.
[2025-05-28 00:16 UTC] HMAC Recived => 
amount1=1.485&amount2=6.82786&buyer_name=CoinPayments+API&currency1=USD&currency2=USDT.TRC20&email=customer%40example.com&fee=5.35861&invoice=ORDER_683655e626567&ipn_id=844cd784e2a38417b23d3db51badc91d&ipn_mode=hmac&ipn_type=api&ipn_version=1.0&item_name=%2B1+Month&merchant=e4e7cd20e63a730246557d3636e59ab8&received_amount=0&received_confirms=0&status=0&status_text=Waiting+for+buyer+funds...&txn_id=CPJE7SQ0ALKLDURM6RHBLPSB3A
3fdab6eaee6f97d1fd328f5fe5d136ec11cbcc46f8b69d1443eec59f1e641bc8664c20b861c1661eb0d2e6053c0fe91250568c74bb03aaabba5dba665889357e
[2025-05-28 00:16 UTC] Payment not complete.
[2025-05-28 02:17 UTC] HMAC Recived => 
amount1=1.485&amount2=6.82786&buyer_name=CoinPayments+API&currency1=USD&currency2=USDT.TRC20&email=customer%40example.com&fee=5.35861&invoice=ORDER_683655e626567&ipn_id=36b1855623e1b41cc926d98a0572ee50&ipn_mode=hmac&ipn_type=api&ipn_version=1.0&item_name=%2B1+Month&merchant=e4e7cd20e63a730246557d3636e59ab8&received_amount=0&received_confirms=0&status=-1&status_text=Cancelled+%2F+Timed+Out&txn_id=CPJE7SQ0ALKLDURM6RHBLPSB3A
c1c17d0deb6b0b88dfe301188fc5c6bd629e7ca69f96532d9edc72d0349835d124bd0d5b7efa2acd111f31f075bd4361d14e503ff868412ccf5cda8cfb858068
[2025-05-28 02:17 UTC] Payment not complete.
[2025-05-29 15:09 UTC] HMAC Sent => 
amount=6.435&buyer_email=customer%40example.com&cancel_url=https%3A%2F%2Fmou.elbatal-app.com%2Fusers%2Fcrypto%2Fcancel.php&cmd=create_transaction&currency1=USD&currency2=USDT.TRC20&invoice=ORDER_683878b76b471&ipn_url=https%3A%2F%2Fmou.elbatal-app.com%2Fusers%2Fcrypto%2Fipn.php&item_name=%2B6+Months&key=67390e8e994c2845f1a6b4583ac496687564127cc3e7cdc93be22dfbc3a0ef79&success_url=https%3A%2F%2Fmou.elbatal-app.com%2Fusers%2Fcrypto%2Fsuccess.php&version=1
05b6a97be3c854c667aa62d6d62f3369bb74b03933b0284c012c7b699391831630474ad63c51e972af0e81c863141a876a781c93b2067a3e00f437539e994630
[2025-05-29 15:09 UTC] HMAC Recived => 
amount1=6.435&amount2=11.66333&buyer_name=CoinPayments+API&currency1=USD&currency2=USDT.TRC20&email=customer%40example.com&fee=5.2894&invoice=ORDER_683878b76b471&ipn_id=83f047f6e86f4e76c8f5ad10e49b2c01&ipn_mode=hmac&ipn_type=api&ipn_version=1.0&item_name=%2B6+Months&merchant=e4e7cd20e63a730246557d3636e59ab8&received_amount=0&received_confirms=0&status=0&status_text=Waiting+for+buyer+funds...&txn_id=CPJE4CIDPFPX9GHDKK0I1WKVZF
f9c8fb4df8cf75843a7a6eb81744d0e4d459d87753ff49e9ee2a72c1e19c2a346657ea7447ec0ea1bb41267f3c0b80c9e984083ba1c31d01454c58bab59d8539
[2025-05-29 15:09 UTC] Payment not complete.
[2025-05-29 17:11 UTC] HMAC Recived => 
amount1=6.435&amount2=11.66333&buyer_name=CoinPayments+API&currency1=USD&currency2=USDT.TRC20&email=customer%40example.com&fee=5.2894&invoice=ORDER_683878b76b471&ipn_id=78befcf5fdd057080e183f3c6139ca72&ipn_mode=hmac&ipn_type=api&ipn_version=1.0&item_name=%2B6+Months&merchant=e4e7cd20e63a730246557d3636e59ab8&received_amount=0&received_confirms=0&status=-1&status_text=Cancelled+%2F+Timed+Out&txn_id=CPJE4CIDPFPX9GHDKK0I1WKVZF
71eb26bbd34e07181e9cfdc5f788f08dcfba56a9ed552059213b293a034a689865d88784f8c32caf9582e19c91bfb16fa64c6472cb3ed165d7351293fe8952d9
[2025-05-29 17:11 UTC] Payment not complete.
[2025-05-30 21:26 UTC] HMAC Sent => 
amount=1.485&buyer_email=customer%40example.com&cancel_url=https%3A%2F%2Fmou.elbatal-app.com%2Fusers%2Fcrypto%2Fcancel.php&cmd=create_transaction&currency1=USD&currency2=USDT.TRC20&invoice=ORDER_683a2272e874b&ipn_url=https%3A%2F%2Fmou.elbatal-app.com%2Fusers%2Fcrypto%2Fipn.php&item_name=%2B1+Month&key=67390e8e994c2845f1a6b4583ac496687564127cc3e7cdc93be22dfbc3a0ef79&success_url=https%3A%2F%2Fmou.elbatal-app.com%2Fusers%2Fcrypto%2Fsuccess.php&version=1
fb5d34efb2258bb79bba140debbef2c8df541d84c1376acf475a2fdfc959ab093dbb8a26f8289be255e8f46021b34dae5606d46684d4368667f95a8b2237a1cc
[2025-05-30 21:26 UTC] HMAC Sent => 
amount=1.485&buyer_email=customer%40example.com&cancel_url=https%3A%2F%2Fmou.elbatal-app.com%2Fusers%2Fcrypto%2Fcancel.php&cmd=create_transaction&currency1=USD&currency2=USDT.TRC20&invoice=ORDER_683a22777f8db&ipn_url=https%3A%2F%2Fmou.elbatal-app.com%2Fusers%2Fcrypto%2Fipn.php&item_name=%2B1+Month&key=67390e8e994c2845f1a6b4583ac496687564127cc3e7cdc93be22dfbc3a0ef79&success_url=https%3A%2F%2Fmou.elbatal-app.com%2Fusers%2Fcrypto%2Fsuccess.php&version=1
5e6fa148f2dc19283e2f4651ec19fd3d46b3f6073cdff15c5198888e9850642996b4982952cb8c64623ff83237dd834be0cde0f37fe55962cdcfae541c89523d
[2025-05-30 21:26 UTC] HMAC Recived => 
amount1=1.485&amount2=6.37918&buyer_name=CoinPayments+API&currency1=USD&currency2=USDT.TRC20&email=customer%40example.com&fee=4.90958&invoice=ORDER_683a2272e874b&ipn_id=9fa1461646ba6e653689e12aa00b934a&ipn_mode=hmac&ipn_type=api&ipn_version=1.0&item_name=%2B1+Month&merchant=e4e7cd20e63a730246557d3636e59ab8&received_amount=0&received_confirms=0&status=0&status_text=Waiting+for+buyer+funds...&txn_id=CPJE7EFPMBECH4CKNRCLCM0E5A
0b7484437c4c9b90d2fd3ac093710720435b6d1201ef6e1b3f764f30021b06a48a4138ff6fccadcdc8d86bc2ec2cab7408109b84cf8bb3db518fbf054658afb0
[2025-05-30 21:26 UTC] Payment not complete.
[2025-05-30 21:26 UTC] HMAC Recived => 
amount1=1.485&amount2=6.37918&buyer_name=CoinPayments+API&currency1=USD&currency2=USDT.TRC20&email=customer%40example.com&fee=4.90958&invoice=ORDER_683a22777f8db&ipn_id=94507e0fcd2a443d7865cc68512f275f&ipn_mode=hmac&ipn_type=api&ipn_version=1.0&item_name=%2B1+Month&merchant=e4e7cd20e63a730246557d3636e59ab8&received_amount=0&received_confirms=0&status=0&status_text=Waiting+for+buyer+funds...&txn_id=CPJE2OSYWCWSE1KRCZAZAVRFC1
a50163a31c64c98d9ae9a5aa0b89d55c92b6d4a0f9a55545fd8382212a79affe2364b89857ecfa495fafe771052fcf42eeb2b6d30c937d1ccaa07110bfb7f9f2
[2025-05-30 21:26 UTC] Payment not complete.
[2025-05-30 21:26 UTC] HMAC Recived => 
amount1=1.485&amount2=6.37918&buyer_name=CoinPayments+API&currency1=USD&currency2=USDT.TRC20&email=customer%40example.com&fee=4.90958&invoice=ORDER_683a22777f8db&ipn_id=2558e946790439fcc4f252c81b039aca&ipn_mode=hmac&ipn_type=api&ipn_version=1.0&item_name=%2B1+Month&merchant=e4e7cd20e63a730246557d3636e59ab8&received_amount=0&received_confirms=0&status=0&status_text=Waiting+for+buyer+funds...&txn_id=CPJE2OSYWCWSE1KRCZAZAVRFC1
4524a026c4d12f833c14bd0059867f58e0cf901240f5407756075c2e4459f19f148f4b6fd6e92b153d796e5a5bac19f84b721e0470344749e69e0c008e86a133
[2025-05-30 21:26 UTC] Payment not complete.
[2025-05-30 23:27 UTC] HMAC Recived => 
amount1=1.485&amount2=6.37918&buyer_name=CoinPayments+API&currency1=USD&currency2=USDT.TRC20&email=customer%40example.com&fee=4.90958&invoice=ORDER_683a22777f8db&ipn_id=8c21c4050a4e8778d5151321d3ef466f&ipn_mode=hmac&ipn_type=api&ipn_version=1.0&item_name=%2B1+Month&merchant=e4e7cd20e63a730246557d3636e59ab8&received_amount=0&received_confirms=0&status=-1&status_text=Cancelled+%2F+Timed+Out&txn_id=CPJE2OSYWCWSE1KRCZAZAVRFC1
b8ef8f3b08846ef98fac3ceefafe37d10cb67f73f7e80b18939ec8af749a7c24f4db11f44b347400c998c44d95bea2c183a4fec11e82fdec640676d036354e0a
[2025-05-30 23:27 UTC] Payment not complete.
[2025-05-30 23:27 UTC] HMAC Recived => 
amount1=1.485&amount2=6.37918&buyer_name=CoinPayments+API&currency1=USD&currency2=USDT.TRC20&email=customer%40example.com&fee=4.90958&invoice=ORDER_683a2272e874b&ipn_id=ee557c4cb594d74527a9fab9b194aef7&ipn_mode=hmac&ipn_type=api&ipn_version=1.0&item_name=%2B1+Month&merchant=e4e7cd20e63a730246557d3636e59ab8&received_amount=0&received_confirms=0&status=-1&status_text=Cancelled+%2F+Timed+Out&txn_id=CPJE7EFPMBECH4CKNRCLCM0E5A
77fcf945d4f1b10f666e378148aa9f89d2160ec21ede4f7b681fe2d5330807d05c3a4e8e748f6243e7187ffc7fd4b62d7e0d48eb30a04ef1fd28d75445f55877
[2025-05-30 23:27 UTC] Payment not complete.
[2025-06-01 14:02 UTC] HMAC Sent => 
amount=9.9&buyer_email=customer%40example.com&cancel_url=https%3A%2F%2Fmou.elbatal-app.com%2Fusers%2Fcrypto%2Fcancel.php&cmd=create_transaction&currency1=USD&currency2=USDT.TRC20&invoice=ORDER_683c5d8096195&ipn_url=https%3A%2F%2Fmou.elbatal-app.com%2Fusers%2Fcrypto%2Fipn.php&item_name=%2B1+Year&key=67390e8e994c2845f1a6b4583ac496687564127cc3e7cdc93be22dfbc3a0ef79&success_url=https%3A%2F%2Fmou.elbatal-app.com%2Fusers%2Fcrypto%2Fsuccess.php&version=1
6db0a932eda639b77026909cd8fd840626f812cce3b0e2ac745080df0e5d70efcde0cd1f93e7de3c73b9433bed17a724e2c5646b5a1bb278bb5682d876b78675
[2025-06-01 14:02 UTC] HMAC Recived => 
amount1=9.9&amount2=15.30573&buyer_name=CoinPayments+API&currency1=USD&currency2=USDT.TRC20&email=customer%40example.com&fee=5.51138&invoice=ORDER_683c5d8096195&ipn_id=ebdf98feca1e1b48a5bf20448722b30d&ipn_mode=hmac&ipn_type=api&ipn_version=1.0&item_name=%2B1+Year&merchant=e4e7cd20e63a730246557d3636e59ab8&received_amount=0&received_confirms=0&status=0&status_text=Waiting+for+buyer+funds...&txn_id=CPJF6H6UZ4L5KADL5JXJOP65HY
3b66a9ec0948eabdb470ee3cd20d443ed1da3d22a6a8d4902ac75d2a851e242365c9869ece813e2ebbfe675f9abc5eabdc4396410dafd8494648a8f97c41bf89
[2025-06-01 14:02 UTC] Payment not complete.
[2025-06-01 14:02 UTC] HMAC Recived => 
amount1=9.9&amount2=15.30573&buyer_name=CoinPayments+API&currency1=USD&currency2=USDT.TRC20&email=customer%40example.com&fee=5.51138&invoice=ORDER_683c5d8096195&ipn_id=1b1c86ad9177c9ee4658d96f6899c10c&ipn_mode=hmac&ipn_type=api&ipn_version=1.0&item_name=%2B1+Year&merchant=e4e7cd20e63a730246557d3636e59ab8&received_amount=0&received_confirms=0&status=0&status_text=Waiting+for+buyer+funds...&txn_id=CPJF6H6UZ4L5KADL5JXJOP65HY
5081bbd288c038e9aa067dbcecdc64757eabca1b4b5aadbc08c49492717e424a22931c7b731a0a902e0b170120c2d1a20ff790556e635327d8908763694e2632
[2025-06-01 14:02 UTC] Payment not complete.
[2025-06-01 16:03 UTC] HMAC Recived => 
amount1=9.9&amount2=15.30573&buyer_name=CoinPayments+API&currency1=USD&currency2=USDT.TRC20&email=customer%40example.com&fee=5.51138&invoice=ORDER_683c5d8096195&ipn_id=3b015be48099dcf6565bdc8e4f1ebde5&ipn_mode=hmac&ipn_type=api&ipn_version=1.0&item_name=%2B1+Year&merchant=e4e7cd20e63a730246557d3636e59ab8&received_amount=0&received_confirms=0&status=-1&status_text=Cancelled+%2F+Timed+Out&txn_id=CPJF6H6UZ4L5KADL5JXJOP65HY
593bdb461d8b9eed0c1f4645f03c89dbb1beee3e02c6613c125876ccf16c59fed9d0d0776a0fd635c2eea8992c5b73190bf7d90de788e6cfc9fdb5ec18106679
[2025-06-01 16:03 UTC] Payment not complete.
[2025-06-01 17:49 UTC] HMAC Sent => 
amount=3.96&buyer_email=customer%40example.com&cancel_url=https%3A%2F%2Fmou.elbatal-app.com%2Fusers%2Fcrypto%2Fcancel.php&cmd=create_transaction&currency1=USD&currency2=USDT.TRC20&invoice=ORDER_683c929cd1cff&ipn_url=https%3A%2F%2Fmou.elbatal-app.com%2Fusers%2Fcrypto%2Fipn.php&item_name=%2B3+Months&key=67390e8e994c2845f1a6b4583ac496687564127cc3e7cdc93be22dfbc3a0ef79&success_url=https%3A%2F%2Fmou.elbatal-app.com%2Fusers%2Fcrypto%2Fsuccess.php&version=1
94c82f1dc4f0b17f1e74d51879ae7f9aebd02cb4f70fb51eb852c6b160b29c1760dd99ad2db1abe7e9c81601065075ffe70f4c05295d378762a859e597bb2081
[2025-06-01 17:49 UTC] HMAC Recived => 
amount1=3.96&amount2=10.27344&buyer_name=CoinPayments+API&currency1=USD&currency2=USDT.TRC20&email=customer%40example.com&fee=6.35393&invoice=ORDER_683c929cd1cff&ipn_id=bfc2a2fb8762e69c7078bc6c4257f926&ipn_mode=hmac&ipn_type=api&ipn_version=1.0&item_name=%2B3+Months&merchant=e4e7cd20e63a730246557d3636e59ab8&received_amount=0&received_confirms=0&status=0&status_text=Waiting+for+buyer+funds...&txn_id=CPJF4CZ3UIAVXJBCLSXSIIGXJP
3914c80f99d69457196dba065c16feb32704cd06c8e65a256d380386b70ac86dad6c6f3bfb27b56ee001863229cf805554db760c70cfde185ade90e3d874c822
[2025-06-01 17:49 UTC] Payment not complete.
[2025-06-01 17:49 UTC] HMAC Recived => 
amount1=3.96&amount2=10.27344&buyer_name=CoinPayments+API&currency1=USD&currency2=USDT.TRC20&email=customer%40example.com&fee=6.35393&invoice=ORDER_683c929cd1cff&ipn_id=730c19367b52c6b8c90b1414bb1e600d&ipn_mode=hmac&ipn_type=api&ipn_version=1.0&item_name=%2B3+Months&merchant=e4e7cd20e63a730246557d3636e59ab8&received_amount=0&received_confirms=0&status=0&status_text=Waiting+for+buyer+funds...&txn_id=CPJF4CZ3UIAVXJBCLSXSIIGXJP
667568f83e17afebf574ff3c14d0dfa30693de74c2bdaf868479560cf3d734b91af6f0bc55561710802b894e979b7c1e142ee7e992dd818305d6093a90b6fb9c
[2025-06-01 17:49 UTC] Payment not complete.
[2025-06-01 19:50 UTC] HMAC Recived => 
amount1=3.96&amount2=10.27344&buyer_name=CoinPayments+API&currency1=USD&currency2=USDT.TRC20&email=customer%40example.com&fee=6.35393&invoice=ORDER_683c929cd1cff&ipn_id=aeea0ab519769c8ebd1df58b748d0902&ipn_mode=hmac&ipn_type=api&ipn_version=1.0&item_name=%2B3+Months&merchant=e4e7cd20e63a730246557d3636e59ab8&received_amount=0&received_confirms=0&status=-1&status_text=Cancelled+%2F+Timed+Out&txn_id=CPJF4CZ3UIAVXJBCLSXSIIGXJP
33d2f00d77c8e6f76fa2315b7fc0a259b298c859b3c5c72156bbdc51245abc3bff6f2b69e907ae5f55246338c542b732bbb9838161fca75ddea99cd30ec9b9a4
[2025-06-01 19:50 UTC] Payment not complete.
[2025-06-01 23:40 UTC] HMAC Sent => 
amount=3.96&buyer_email=customer%40example.com&cancel_url=https%3A%2F%2Fmou.elbatal-app.com%2Fusers%2Fcrypto%2Fcancel.php&cmd=create_transaction&currency1=USD&currency2=USDT.TRC20&invoice=ORDER_683ce4e552bc8&ipn_url=https%3A%2F%2Fmou.elbatal-app.com%2Fusers%2Fcrypto%2Fipn.php&item_name=%2B3+Months&key=67390e8e994c2845f1a6b4583ac496687564127cc3e7cdc93be22dfbc3a0ef79&success_url=https%3A%2F%2Fmou.elbatal-app.com%2Fusers%2Fcrypto%2Fsuccess.php&version=1
4f0787edd5200d17176469d75672133799d93a396c4451f6a30d9b0971a014ac691a60f47ea175c2474483462c77d5362c730732f2d186b5c08c0be930fab069
[2025-06-01 23:40 UTC] HMAC Recived => 
amount1=3.96&amount2=9.35766&buyer_name=CoinPayments+API&currency1=USD&currency2=USDT.TRC20&email=customer%40example.com&fee=5.43758&invoice=ORDER_683ce4e552bc8&ipn_id=c0158b322f24f282b1acc0b811c5b92b&ipn_mode=hmac&ipn_type=api&ipn_version=1.0&item_name=%2B3+Months&merchant=e4e7cd20e63a730246557d3636e59ab8&received_amount=0&received_confirms=0&status=0&status_text=Waiting+for+buyer+funds...&txn_id=CPJF78ZKINQNDDKEEHF5S8IP1N
bf3e69bb4c7b899145e0e7d7257d70d5a6b7984fc74bfecd64cd073d7c273106278efd0660350673c4265efa7b6c3a848658ab1b92fe839abfeb05d65a98e705
[2025-06-01 23:40 UTC] Payment not complete.
[2025-06-02 01:42 UTC] HMAC Recived => 
amount1=3.96&amount2=9.35766&buyer_name=CoinPayments+API&currency1=USD&currency2=USDT.TRC20&email=customer%40example.com&fee=5.43758&invoice=ORDER_683ce4e552bc8&ipn_id=332afab68bcf044ed9e4358f6ed3728d&ipn_mode=hmac&ipn_type=api&ipn_version=1.0&item_name=%2B3+Months&merchant=e4e7cd20e63a730246557d3636e59ab8&received_amount=0&received_confirms=0&status=-1&status_text=Cancelled+%2F+Timed+Out&txn_id=CPJF78ZKINQNDDKEEHF5S8IP1N
ebcd3e4470d52216f9cb3ad9646cc35343db39f7449c568065eebf67ab5c1ded31180a85e463e396dd2590696bed50b6ddfe740794a436e4db587864e758b18b
[2025-06-02 01:42 UTC] Payment not complete.
[2025-06-03 16:13 UTC] HMAC Sent => 
amount=3.96&buyer_email=customer%40example.com&cancel_url=https%3A%2F%2Fmou.elbatal-app.com%2Fusers%2Fcrypto%2Fcancel.php&cmd=create_transaction&currency1=USD&currency2=USDT.TRC20&invoice=ORDER_683f1f2b3df6a&ipn_url=https%3A%2F%2Fmou.elbatal-app.com%2Fusers%2Fcrypto%2Fipn.php&item_name=%2B3+Months&key=67390e8e994c2845f1a6b4583ac496687564127cc3e7cdc93be22dfbc3a0ef79&success_url=https%3A%2F%2Fmou.elbatal-app.com%2Fusers%2Fcrypto%2Fsuccess.php&version=1
0cead63dc6c056cb20604806c872d1368aa77f1b618e4b3c9f2cdad91e277337588ec50ed33a4e936ca3984fd0d2d0692ed547f7bd80b184805a254fbb931764
[2025-06-03 16:13 UTC] HMAC Sent => 
amount=3.96&buyer_email=customer%40example.com&cancel_url=https%3A%2F%2Fmou.elbatal-app.com%2Fusers%2Fcrypto%2Fcancel.php&cmd=create_transaction&currency1=USD&currency2=USDT.TRC20&invoice=ORDER_683f1f2c95526&ipn_url=https%3A%2F%2Fmou.elbatal-app.com%2Fusers%2Fcrypto%2Fipn.php&item_name=%2B3+Months&key=67390e8e994c2845f1a6b4583ac496687564127cc3e7cdc93be22dfbc3a0ef79&success_url=https%3A%2F%2Fmou.elbatal-app.com%2Fusers%2Fcrypto%2Fsuccess.php&version=1
addb0ee4d0c00a365a86d9905cc92547d55e38098f62886c88027c10466a070bef4e90af80edab7996357ad8142b7896677278bfb4c8fe7e277bed6fa6df4fe0
[2025-06-03 16:13 UTC] HMAC Recived => 
amount1=3.96&amount2=8.96287&buyer_name=CoinPayments+API&currency1=USD&currency2=USDT.TRC20&email=customer%40example.com&fee=5.04774&invoice=ORDER_683f1f2c95526&ipn_id=5ae054395427879f9c7b4429bc0ee47d&ipn_mode=hmac&ipn_type=api&ipn_version=1.0&item_name=%2B3+Months&merchant=e4e7cd20e63a730246557d3636e59ab8&received_amount=0&received_confirms=0&status=0&status_text=Waiting+for+buyer+funds...&txn_id=CPJF6RWRX5FQKOVCO5HQN2A9GK
ff0cbde2358791a1521496799d60878a68a7029fc999fb2fd3a3f2442ae0fbab0a161cc2fb9698dd0d107274483cd98804d5e841aea4e5e4e72670f27df485ba
[2025-06-03 16:13 UTC] Payment not complete.
[2025-06-03 16:15 UTC] HMAC Recived => 
amount1=3.96&amount2=8.96287&buyer_name=CoinPayments+API&currency1=USD&currency2=USDT.TRC20&email=customer%40example.com&fee=5.04774&invoice=ORDER_683f1f2b3df6a&ipn_id=b2f2e3ca0b2a329c223b0b72966dbc7e&ipn_mode=hmac&ipn_type=api&ipn_version=1.0&item_name=%2B3+Months&merchant=e4e7cd20e63a730246557d3636e59ab8&received_amount=0&received_confirms=0&status=0&status_text=Waiting+for+buyer+funds...&txn_id=CPJF02DS7KQ4F7FIV4MYJRRYNM
8967df74966a80b5a4a1b17ccc867b9460903e735ee80ce30291c957a6413b8ea54279d51fd605b1890070cdb7acbd2cf951c37eb740d5c09ed5bf6d382d773e
[2025-06-03 16:15 UTC] Payment not complete.
[2025-06-03 18:14 UTC] HMAC Recived => 
amount1=3.96&amount2=8.96287&buyer_name=CoinPayments+API&currency1=USD&currency2=USDT.TRC20&email=customer%40example.com&fee=5.04774&invoice=ORDER_683f1f2b3df6a&ipn_id=1e0cd949eb8fd5a48a3b43f25f3e010e&ipn_mode=hmac&ipn_type=api&ipn_version=1.0&item_name=%2B3+Months&merchant=e4e7cd20e63a730246557d3636e59ab8&received_amount=0&received_confirms=0&status=-1&status_text=Cancelled+%2F+Timed+Out&txn_id=CPJF02DS7KQ4F7FIV4MYJRRYNM
b5e9a006bd1410414324a8183e393e90b6ff1fbad9c01533d1fb99966937ffa4a7d2a1e9d371a34756d542de0d086225170340747edaa3ea6d7077c0a01ca3bb
[2025-06-03 18:14 UTC] Payment not complete.
[2025-06-03 18:15 UTC] HMAC Recived => 
amount1=3.96&amount2=8.96287&buyer_name=CoinPayments+API&currency1=USD&currency2=USDT.TRC20&email=customer%40example.com&fee=5.04774&invoice=ORDER_683f1f2c95526&ipn_id=b52bde5e60f99bfd33e6e27068c072d7&ipn_mode=hmac&ipn_type=api&ipn_version=1.0&item_name=%2B3+Months&merchant=e4e7cd20e63a730246557d3636e59ab8&received_amount=0&received_confirms=0&status=-1&status_text=Cancelled+%2F+Timed+Out&txn_id=CPJF6RWRX5FQKOVCO5HQN2A9GK
1c1cef2fbcee39325c0bd00ed2cbc70cdf8c0b1969939692d0c34f287ec644460e874f57d441f07df605de5752fc9c190d74781d8ed0e60877db30f487607973
[2025-06-03 18:15 UTC] Payment not complete.
[2025-06-07 04:10 UTC] HMAC Sent => 
amount=1.485&buyer_email=customer%40example.com&cancel_url=https%3A%2F%2Fmou.elbatal-app.com%2Fusers%2Fcrypto%2Fcancel.php&cmd=create_transaction&currency1=USD&currency2=USDT.TRC20&invoice=ORDER_6843bbce34743&ipn_url=https%3A%2F%2Fmou.elbatal-app.com%2Fusers%2Fcrypto%2Fipn.php&item_name=%2B1+Month&key=67390e8e994c2845f1a6b4583ac496687564127cc3e7cdc93be22dfbc3a0ef79&success_url=https%3A%2F%2Fmou.elbatal-app.com%2Fusers%2Fcrypto%2Fsuccess.php&version=1
b8cde6835f0d6b40b4c683b11bb17a41d0706cd5f7225a4d42b50eb99456243444fd75f641a8c52e2df29d8482db63705bb9d5b8f0e5f89f7fe3768fa1933b68
[2025-06-07 04:11 UTC] HMAC Recived => 
amount1=1.485&amount2=6.17038&buyer_name=CoinPayments+API&currency1=USD&currency2=USDT.TRC20&email=customer%40example.com&fee=4.70172&invoice=ORDER_6843bbce34743&ipn_id=738c71c2600d4073ec9a4c88bfaca045&ipn_mode=hmac&ipn_type=api&ipn_version=1.0&item_name=%2B1+Month&merchant=e4e7cd20e63a730246557d3636e59ab8&received_amount=0&received_confirms=0&status=0&status_text=Waiting+for+buyer+funds...&txn_id=CPJF7LVYESH5WDKZGD2XX9XBJH
27bc36cd1da397161f532c17160fc55911122cf8bf91dae571698e19194d668ad4ad13b1bf19fd123d6389834be7ea3eee7e9404455e16e8a8eb4bf86b2ef29c
[2025-06-07 04:11 UTC] Payment not complete.
[2025-06-07 04:11 UTC] HMAC Recived => 
amount1=1.485&amount2=6.17038&buyer_name=CoinPayments+API&currency1=USD&currency2=USDT.TRC20&email=customer%40example.com&fee=4.70172&invoice=ORDER_6843bbce34743&ipn_id=c6fa34ccf9c84277ecbe19b1fe7971e9&ipn_mode=hmac&ipn_type=api&ipn_version=1.0&item_name=%2B1+Month&merchant=e4e7cd20e63a730246557d3636e59ab8&received_amount=0&received_confirms=0&status=0&status_text=Waiting+for+buyer+funds...&txn_id=CPJF7LVYESH5WDKZGD2XX9XBJH
59360fa612e852808137dee7be62382ced6c2863ac2965e838680f84feae7a8698a0e596ef4ad10d5979d985fa7d6fa4d4256269096f45efc0d1fba7318e51e9
[2025-06-07 04:11 UTC] Payment not complete.
[2025-06-07 06:12 UTC] HMAC Recived => 
amount1=1.485&amount2=6.17038&buyer_name=CoinPayments+API&currency1=USD&currency2=USDT.TRC20&email=customer%40example.com&fee=4.70172&invoice=ORDER_6843bbce34743&ipn_id=deb7de52468fea8bbe58ba2cd89819e0&ipn_mode=hmac&ipn_type=api&ipn_version=1.0&item_name=%2B1+Month&merchant=e4e7cd20e63a730246557d3636e59ab8&received_amount=0&received_confirms=0&status=-1&status_text=Cancelled+%2F+Timed+Out&txn_id=CPJF7LVYESH5WDKZGD2XX9XBJH
0ed9ff1b7e04aac167dbcf44761980e3258dc2d399722b9fd3a1ee15261c521d846e7e1653220758d42e26a62ef2159283a14388921c997200b0faa66d3ef9b2
[2025-06-07 06:12 UTC] Payment not complete.
[2025-06-10 03:38 UTC] HMAC Sent => 
amount=9.9&buyer_email=customer%40example.com&cancel_url=https%3A%2F%2Fmou.elbatal-app.com%2Fusers%2Fcrypto%2Fcancel.php&cmd=create_transaction&currency1=USD&currency2=USDT.TRC20&invoice=ORDER_6847a8a45ae62&ipn_url=https%3A%2F%2Fmou.elbatal-app.com%2Fusers%2Fcrypto%2Fipn.php&item_name=%2B1+Year&key=67390e8e994c2845f1a6b4583ac496687564127cc3e7cdc93be22dfbc3a0ef79&success_url=https%3A%2F%2Fmou.elbatal-app.com%2Fusers%2Fcrypto%2Fsuccess.php&version=1
eb1877c77263e7b3c6e812d32d6c325d3c5a8a0f33cd604d745955b2422a7030a53c609304fb0e0f38563b4b0ed3992b7c5dd84b8a44b2a02b3d25eb2c150948
[2025-06-10 03:38 UTC] HMAC Recived => 
amount1=9.9&amount2=15.11283&buyer_name=CoinPayments+API&currency1=USD&currency2=USDT.TRC20&email=customer%40example.com&fee=5.31123&invoice=ORDER_6847a8a45ae62&ipn_id=59502eab7f7373c460c7f6cd376d80ea&ipn_mode=hmac&ipn_type=api&ipn_version=1.0&item_name=%2B1+Year&merchant=e4e7cd20e63a730246557d3636e59ab8&received_amount=0&received_confirms=0&status=0&status_text=Waiting+for+buyer+funds...&txn_id=CPJF1AHAUD3EEF8KOFJHG0DMPO
68f7bd2d0d125db129ce44bb62961ec9d3d82e6e49dc7a25e38db1e723811c656dd5b075b035ac3e72d78a713aae3aa00affd23e1a799c0413d910de0e018b3d
[2025-06-10 03:38 UTC] Payment not complete.
[2025-06-10 03:38 UTC] HMAC Sent => 
amount=9.9&buyer_email=customer%40example.com&cancel_url=https%3A%2F%2Fmou.elbatal-app.com%2Fusers%2Fcrypto%2Fcancel.php&cmd=create_transaction&currency1=USD&currency2=USDT.TRC20&invoice=ORDER_6847a8d3da56f&ipn_url=https%3A%2F%2Fmou.elbatal-app.com%2Fusers%2Fcrypto%2Fipn.php&item_name=%2B1+Year&key=67390e8e994c2845f1a6b4583ac496687564127cc3e7cdc93be22dfbc3a0ef79&success_url=https%3A%2F%2Fmou.elbatal-app.com%2Fusers%2Fcrypto%2Fsuccess.php&version=1
1d62aa1e3a2c86b566cb77e01189163f401b178d15a4bad233a1e75ada600a9ce36e8252629dce474a21fcd76a17a04822b973148d507e1311b597b763b5aee3
[2025-06-10 03:39 UTC] HMAC Recived => 
amount1=9.9&amount2=15.11283&buyer_name=CoinPayments+API&currency1=USD&currency2=USDT.TRC20&email=customer%40example.com&fee=5.31123&invoice=ORDER_6847a8a45ae62&ipn_id=b6f8c5c2fa964816bebdf5f580b458b1&ipn_mode=hmac&ipn_type=api&ipn_version=1.0&item_name=%2B1+Year&merchant=e4e7cd20e63a730246557d3636e59ab8&received_amount=0&received_confirms=0&status=0&status_text=Waiting+for+buyer+funds...&txn_id=CPJF1AHAUD3EEF8KOFJHG0DMPO
d4962980221368d9cffbac710b8c851e808d09b51c1c1f3ca302ed5aa433e7c5d0d02467f5f7ab6535c3c6c79c19eecd6c6eb7e4fec69c235fdd3715fd25962f
[2025-06-10 03:39 UTC] Payment not complete.
[2025-06-10 03:39 UTC] HMAC Recived => 
amount1=9.9&amount2=15.11283&buyer_name=CoinPayments+API&currency1=USD&currency2=USDT.TRC20&email=customer%40example.com&fee=5.31123&invoice=ORDER_6847a8d3da56f&ipn_id=79eae74c4c8f847737f27bf6d117fe25&ipn_mode=hmac&ipn_type=api&ipn_version=1.0&item_name=%2B1+Year&merchant=e4e7cd20e63a730246557d3636e59ab8&received_amount=0&received_confirms=0&status=0&status_text=Waiting+for+buyer+funds...&txn_id=CPJF71W812EUNGAVTOLFXSRAVE
ce2be0243eb839abc10c4d972e3f98e510a56ae4ae64fa0d37bbc5430e3d6076e51d6e0080b11d8b82a0f98e59815603c42df28f8c95326ccfab56083505b01e
[2025-06-10 03:39 UTC] Payment not complete.
[2025-06-10 05:40 UTC] HMAC Recived => 
amount1=9.9&amount2=15.11283&buyer_name=CoinPayments+API&currency1=USD&currency2=USDT.TRC20&email=customer%40example.com&fee=5.31123&invoice=ORDER_6847a8d3da56f&ipn_id=8ec48a63b3b9b1699534f84f9706ebb7&ipn_mode=hmac&ipn_type=api&ipn_version=1.0&item_name=%2B1+Year&merchant=e4e7cd20e63a730246557d3636e59ab8&received_amount=0&received_confirms=0&status=-1&status_text=Cancelled+%2F+Timed+Out&txn_id=CPJF71W812EUNGAVTOLFXSRAVE
9f8507e10b48fb2abf93aa995994d2afcd458543c01b009bf05f078a9f342ceab057d764730bcbeb76b62479d371b05961f68c0b977d526f6e3eadfdbbc9933a
[2025-06-10 05:40 UTC] Payment not complete.
[2025-06-10 05:40 UTC] HMAC Recived => 
amount1=9.9&amount2=15.11283&buyer_name=CoinPayments+API&currency1=USD&currency2=USDT.TRC20&email=customer%40example.com&fee=5.31123&invoice=ORDER_6847a8a45ae62&ipn_id=4976075ee52d1664f4c155834f58c8d8&ipn_mode=hmac&ipn_type=api&ipn_version=1.0&item_name=%2B1+Year&merchant=e4e7cd20e63a730246557d3636e59ab8&received_amount=0&received_confirms=0&status=-1&status_text=Cancelled+%2F+Timed+Out&txn_id=CPJF1AHAUD3EEF8KOFJHG0DMPO
97dd11623e3274e9c293ecd6bcc76f2ec248b1d6c81c01e17621a5f2f96a3a4cfc8ed65aae7394af5c7165cd26be145033bc50ac21fe4c4c482e0a8e2d196d22
[2025-06-10 05:40 UTC] Payment not complete.
[2025-06-14 19:10 UTC] HMAC Sent => 
amount=3.96&buyer_email=customer%40example.com&cancel_url=https%3A%2F%2Fmou.elbatal-app.com%2Fusers%2Fcrypto%2Fcancel.php&cmd=create_transaction&currency1=USD&currency2=USDT.TRC20&invoice=ORDER_684dc91d3f436&ipn_url=https%3A%2F%2Fmou.elbatal-app.com%2Fusers%2Fcrypto%2Fipn.php&item_name=%2B3+Months&key=67390e8e994c2845f1a6b4583ac496687564127cc3e7cdc93be22dfbc3a0ef79&success_url=https%3A%2F%2Fmou.elbatal-app.com%2Fusers%2Fcrypto%2Fsuccess.php&version=1
8f6ba8ff54f33a961ccd4d3cc1a839ec57f037e1fee599ecf3c54d257ecf9248f442d4e17dd4082cb129a43f973d32b0dbd085a3403afc70dcb01b0e8745b293
[2025-06-14 19:10 UTC] HMAC Recived => 
amount1=3.96&amount2=8.87764&buyer_name=CoinPayments+API&currency1=USD&currency2=USDT.TRC20&email=customer%40example.com&fee=4.96272&invoice=ORDER_684dc91d3f436&ipn_id=91696485c96c6e4d9d4af9c34b5d45d0&ipn_mode=hmac&ipn_type=api&ipn_version=1.0&item_name=%2B3+Months&merchant=e4e7cd20e63a730246557d3636e59ab8&received_amount=0&received_confirms=0&status=0&status_text=Waiting+for+buyer+funds...&txn_id=CPJF4TG8EE5DURNE4OIMODLSZW
884c2ab900ba0cfd22f04334ca710a63bef5120a083e547a89d6c283b78c1a881b798a229c9e84f2b816a434a978c5cbdd77f6f0e364359cf3b7388558715e2a
[2025-06-14 19:10 UTC] Payment not complete.
[2025-06-14 19:10 UTC] HMAC Recived => 
amount1=3.96&amount2=8.87764&buyer_name=CoinPayments+API&currency1=USD&currency2=USDT.TRC20&email=customer%40example.com&fee=4.96272&invoice=ORDER_684dc91d3f436&ipn_id=f968706d9f7d0a6f218ef7a2a013fb6b&ipn_mode=hmac&ipn_type=api&ipn_version=1.0&item_name=%2B3+Months&merchant=e4e7cd20e63a730246557d3636e59ab8&received_amount=0&received_confirms=0&status=0&status_text=Waiting+for+buyer+funds...&txn_id=CPJF4TG8EE5DURNE4OIMODLSZW
77414b9a9a7fabf48819c3f54ac6e1d9b7eb0864836951b457bbd7a1e98f94a1b1a6b46f2b5beac92d060d57381b0fa837195278bff94199d515821f7025d045
[2025-06-14 19:10 UTC] Payment not complete.
[2025-06-14 19:40 UTC] HMAC Sent => 
amount=1.485&buyer_email=customer%40example.com&cancel_url=https%3A%2F%2Fmou.elbatal-app.com%2Fusers%2Fcrypto%2Fcancel.php&cmd=create_transaction&currency1=USD&currency2=USDT.TRC20&invoice=ORDER_684dd01b961c5&ipn_url=https%3A%2F%2Fmou.elbatal-app.com%2Fusers%2Fcrypto%2Fipn.php&item_name=%2B1+Month&key=67390e8e994c2845f1a6b4583ac496687564127cc3e7cdc93be22dfbc3a0ef79&success_url=https%3A%2F%2Fmou.elbatal-app.com%2Fusers%2Fcrypto%2Fsuccess.php&version=1
3e75cde1d1e1d8e006db59d2368914fbb9ea81b40cdbe1bb084a0373016c393f14e90271846ceb6df175c0d2de9f17cf6cb8d36cbd6a3bffa81007678193555a
[2025-06-14 19:40 UTC] HMAC Recived => 
amount1=1.485&amount2=7.7672&buyer_name=CoinPayments+API&currency1=USD&currency2=USDT.TRC20&email=customer%40example.com&fee=6.29746&invoice=ORDER_684dd01b961c5&ipn_id=22373df084b457cf8ddaba351dfa2077&ipn_mode=hmac&ipn_type=api&ipn_version=1.0&item_name=%2B1+Month&merchant=e4e7cd20e63a730246557d3636e59ab8&received_amount=0&received_confirms=0&status=0&status_text=Waiting+for+buyer+funds...&txn_id=CPJF2RMF5D1MXNDITSVADLNFGE
5e518ae311fb5ebbb8f75fdbc91e1b2a3612338b7379076aee7cf3cfb257549a700d7a7ff718c466ccb17b73cc5f769126d5d8a71dc1f74d230cb3d40d01f2cd
[2025-06-14 19:40 UTC] Payment not complete.
[2025-06-14 19:54 UTC] HMAC Sent => 
amount=9.9&buyer_email=customer%40example.com&cancel_url=https%3A%2F%2Fmou.elbatal-app.com%2Fusers%2Fcrypto%2Fcancel.php&cmd=create_transaction&currency1=USD&currency2=USDT.TRC20&invoice=ORDER_684dd388c2eca&ipn_url=https%3A%2F%2Fmou.elbatal-app.com%2Fusers%2Fcrypto%2Fipn.php&item_name=%2B1+Year&key=67390e8e994c2845f1a6b4583ac496687564127cc3e7cdc93be22dfbc3a0ef79&success_url=https%3A%2F%2Fmou.elbatal-app.com%2Fusers%2Fcrypto%2Fsuccess.php&version=1
c97272a94a73112da22d084554bb1107140c57e89ca73e28df3c62b02b2e0aad22f4555f99408bbfc6e18a5554a3529cd7e3bea60b791a9a7a6296709d7195b2
[2025-06-14 19:54 UTC] HMAC Recived => 
amount1=9.9&amount2=16.10421&buyer_name=CoinPayments+API&currency1=USD&currency2=USDT.TRC20&email=customer%40example.com&fee=6.30962&invoice=ORDER_684dd388c2eca&ipn_id=2964966051aad9b037fced524805d756&ipn_mode=hmac&ipn_type=api&ipn_version=1.0&item_name=%2B1+Year&merchant=e4e7cd20e63a730246557d3636e59ab8&received_amount=0&received_confirms=0&status=0&status_text=Waiting+for+buyer+funds...&txn_id=CPJF1DMAYNF1H0JTQIMRQAB96Q
3728015969c180616334a7c4e5874a6dfbf01a4b89263f22554d627ff28ce85858e83ff8acbcca4f2854f559aca4fe9b7d1a310981e6d354dae30a8dc88c81cb
[2025-06-14 19:54 UTC] Payment not complete.
[2025-06-14 19:54 UTC] HMAC Recived => 
amount1=9.9&amount2=16.10421&buyer_name=CoinPayments+API&currency1=USD&currency2=USDT.TRC20&email=customer%40example.com&fee=6.30962&invoice=ORDER_684dd388c2eca&ipn_id=e8735c1dfc6d0f3f572c0d3e149ab4a9&ipn_mode=hmac&ipn_type=api&ipn_version=1.0&item_name=%2B1+Year&merchant=e4e7cd20e63a730246557d3636e59ab8&received_amount=0&received_confirms=0&status=0&status_text=Waiting+for+buyer+funds...&txn_id=CPJF1DMAYNF1H0JTQIMRQAB96Q
bfd364714b27ac88403363fd5e6bdfb4646a318cc8f3c2f0e5181b0d65004589aa43b1af76cd4d7123a8294c30016524953cae958f94ee134cd80800904ac6b5
[2025-06-14 19:54 UTC] Payment not complete.
[2025-06-14 21:11 UTC] HMAC Recived => 
amount1=3.96&amount2=8.87764&buyer_name=CoinPayments+API&currency1=USD&currency2=USDT.TRC20&email=customer%40example.com&fee=4.96272&invoice=ORDER_684dc91d3f436&ipn_id=d651e4bed6c165d65d369917b4c5df19&ipn_mode=hmac&ipn_type=api&ipn_version=1.0&item_name=%2B3+Months&merchant=e4e7cd20e63a730246557d3636e59ab8&received_amount=0&received_confirms=0&status=-1&status_text=Cancelled+%2F+Timed+Out&txn_id=CPJF4TG8EE5DURNE4OIMODLSZW
47c08d6eac460d10f0da7bf42c691d97f05c8db410b665a056959713c38f3fa8885777c3cb586c5af119c9a96c923699aa33b6b15f0c7499ddc0f3d79d224e65
[2025-06-14 21:11 UTC] Payment not complete.
[2025-06-14 21:41 UTC] HMAC Recived => 
amount1=1.485&amount2=7.7672&buyer_name=CoinPayments+API&currency1=USD&currency2=USDT.TRC20&email=customer%40example.com&fee=6.29746&invoice=ORDER_684dd01b961c5&ipn_id=4253aa3f9c6f4e7d94e5f34e1716f482&ipn_mode=hmac&ipn_type=api&ipn_version=1.0&item_name=%2B1+Month&merchant=e4e7cd20e63a730246557d3636e59ab8&received_amount=0&received_confirms=0&status=-1&status_text=Cancelled+%2F+Timed+Out&txn_id=CPJF2RMF5D1MXNDITSVADLNFGE
5863cb3ef6526752c7ddb14f735695869a87e6f07845b9e17fb6fc7e853c9f4965446c03b8012141339b6b56639703014056252fa857948ec1ecd3e6b68b3462
[2025-06-14 21:41 UTC] Payment not complete.
[2025-06-14 21:55 UTC] HMAC Recived => 
amount1=9.9&amount2=16.10421&buyer_name=CoinPayments+API&currency1=USD&currency2=USDT.TRC20&email=customer%40example.com&fee=6.30962&invoice=ORDER_684dd388c2eca&ipn_id=cfbf264d7ff692e38d4f9fc6f09c8f72&ipn_mode=hmac&ipn_type=api&ipn_version=1.0&item_name=%2B1+Year&merchant=e4e7cd20e63a730246557d3636e59ab8&received_amount=0&received_confirms=0&status=-1&status_text=Cancelled+%2F+Timed+Out&txn_id=CPJF1DMAYNF1H0JTQIMRQAB96Q
ec4aaab50ea151c740c559d6bd4729d4ebde951647fc5779f9b9ee846644f80d9262ad8a3603bc991e259cbf79f67f774c5b36ad86ad0313b8b37524afa87328
[2025-06-14 21:55 UTC] Payment not complete.
[2025-06-16 00:54 UTC] HMAC Sent => 
amount=1.485&buyer_email=customer%40example.com&cancel_url=https%3A%2F%2Fmou.elbatal-app.com%2Fusers%2Fcrypto%2Fcancel.php&cmd=create_transaction&currency1=USD&currency2=USDT.TRC20&invoice=ORDER_684f6b2ce4552&ipn_url=https%3A%2F%2Fmou.elbatal-app.com%2Fusers%2Fcrypto%2Fipn.php&item_name=%2B1+Month&key=67390e8e994c2845f1a6b4583ac496687564127cc3e7cdc93be22dfbc3a0ef79&success_url=https%3A%2F%2Fmou.elbatal-app.com%2Fusers%2Fcrypto%2Fsuccess.php&version=1
7a661247b6663b97082e181f78b4d1eafee1836834c90b1d29ca8d67ca07fdf86fd250306bb2ccc3bcc73227684260cd3374614b56e92b756766cc5970f50a28
[2025-06-16 00:54 UTC] HMAC Recived => 
amount1=1.485&amount2=7.11178&buyer_name=CoinPayments+API&currency1=USD&currency2=USDT.TRC20&email=customer%40example.com&fee=5.64154&invoice=ORDER_684f6b2ce4552&ipn_id=9802d1cda7f1942f53166a5eb1b945ed&ipn_mode=hmac&ipn_type=api&ipn_version=1.0&item_name=%2B1+Month&merchant=e4e7cd20e63a730246557d3636e59ab8&received_amount=0&received_confirms=0&status=0&status_text=Waiting+for+buyer+funds...&txn_id=CPJF1NUTYEOIWWVY32RUAIVR0O
76dc0b7047b864c136777c4037aeb14aa48547b251eab7d1d83379efd8312c415731df5fa1c4e7fc80b8615dd841737bcee9587263a69cebf37eb2a2cb101e00
[2025-06-16 00:54 UTC] Payment not complete.
[2025-06-16 00:55 UTC] HMAC Recived => 
amount1=1.485&amount2=7.11178&buyer_name=CoinPayments+API&currency1=USD&currency2=USDT.TRC20&email=customer%40example.com&fee=5.64154&invoice=ORDER_684f6b2ce4552&ipn_id=ff9d17982e9f18a7914840dccf273d49&ipn_mode=hmac&ipn_type=api&ipn_version=1.0&item_name=%2B1+Month&merchant=e4e7cd20e63a730246557d3636e59ab8&received_amount=0&received_confirms=0&status=0&status_text=Waiting+for+buyer+funds...&txn_id=CPJF1NUTYEOIWWVY32RUAIVR0O
acfca86357bcfe3324499fa06bab8fd46fa96824a0c2c9e4ad405d178e67579bae23b069c1f541ed701782f65d0df2a49b4b544109a679b20018c924b9c1c672
[2025-06-16 00:55 UTC] Payment not complete.
[2025-06-16 02:54 UTC] HMAC Recived => 
amount1=1.485&amount2=7.11178&buyer_name=CoinPayments+API&currency1=USD&currency2=USDT.TRC20&email=customer%40example.com&fee=5.64154&invoice=ORDER_684f6b2ce4552&ipn_id=912f788e1fb452e22ac5d0fe95a0a4a6&ipn_mode=hmac&ipn_type=api&ipn_version=1.0&item_name=%2B1+Month&merchant=e4e7cd20e63a730246557d3636e59ab8&received_amount=0&received_confirms=0&status=-1&status_text=Cancelled+%2F+Timed+Out&txn_id=CPJF1NUTYEOIWWVY32RUAIVR0O
eb813ffd9251a9320015c580e460bf2ca2df8ee3eb7232e6f1c75e23283f3ef0329d5087aab2de6a503a3706725a8d098863e548e8d45e6e3ef3760f109b3e04
[2025-06-16 02:54 UTC] Payment not complete.
[2025-06-21 10:59 UTC] HMAC Sent => 
amount=1.485&buyer_email=customer%40example.com&cancel_url=https%3A%2F%2Fmou.elbatal-app.com%2Fusers%2Fcrypto%2Fcancel.php&cmd=create_transaction&currency1=USD&currency2=USDT.TRC20&invoice=ORDER_6856908e6dd7a&ipn_url=https%3A%2F%2Fmou.elbatal-app.com%2Fusers%2Fcrypto%2Fipn.php&item_name=%2B1+Month&key=67390e8e994c2845f1a6b4583ac496687564127cc3e7cdc93be22dfbc3a0ef79&success_url=https%3A%2F%2Fmou.elbatal-app.com%2Fusers%2Fcrypto%2Fsuccess.php&version=1
3ff4b4d32c498e50b8b3f6e8cc419d406bf5c16e16f729d19c374023814c612a7a6f436e85030984d8d6872578d7b5167a6a1f828cdbbfd61f00d3b9206ad651
[2025-06-21 10:59 UTC] HMAC Recived => 
amount1=1.485&amount2=6.92544&buyer_name=CoinPayments+API&currency1=USD&currency2=USDT.TRC20&email=customer%40example.com&fee=5.45549&invoice=ORDER_6856908e6dd7a&ipn_id=e68c23ff65abed1f646da0fd7bef59d7&ipn_mode=hmac&ipn_type=api&ipn_version=1.0&item_name=%2B1+Month&merchant=e4e7cd20e63a730246557d3636e59ab8&received_amount=0&received_confirms=0&status=0&status_text=Waiting+for+buyer+funds...&txn_id=CPJF0E11XXIYBYEBHCMTXSDJVN
004ae33822aa5409545f4b0bb39be47091d70782d607e454aba33e5f07d924f7717b0e2578fc51d4d925c99ede6190e69d04c3c89426d36e93029581d6fed08f
[2025-06-21 10:59 UTC] Payment not complete.
[2025-06-21 10:59 UTC] HMAC Recived => 
amount1=1.485&amount2=6.92544&buyer_name=CoinPayments+API&currency1=USD&currency2=USDT.TRC20&email=customer%40example.com&fee=5.45549&invoice=ORDER_6856908e6dd7a&ipn_id=dcb8bf634644d855326f24b8c47a2a02&ipn_mode=hmac&ipn_type=api&ipn_version=1.0&item_name=%2B1+Month&merchant=e4e7cd20e63a730246557d3636e59ab8&received_amount=0&received_confirms=0&status=0&status_text=Waiting+for+buyer+funds...&txn_id=CPJF0E11XXIYBYEBHCMTXSDJVN
3b70ce94578409c92050fb8e65ad773ada65045c0bee3c8a716c3665012853e8e87af6d5f21460a6010f8205a856a674870361467aac7045a5481f187dacd16e
[2025-06-21 10:59 UTC] Payment not complete.
[2025-06-21 13:00 UTC] HMAC Recived => 
amount1=1.485&amount2=6.92544&buyer_name=CoinPayments+API&currency1=USD&currency2=USDT.TRC20&email=customer%40example.com&fee=5.45549&invoice=ORDER_6856908e6dd7a&ipn_id=cb7867a341d0ae7b77e80894a5dba2b9&ipn_mode=hmac&ipn_type=api&ipn_version=1.0&item_name=%2B1+Month&merchant=e4e7cd20e63a730246557d3636e59ab8&received_amount=0&received_confirms=0&status=-1&status_text=Cancelled+%2F+Timed+Out&txn_id=CPJF0E11XXIYBYEBHCMTXSDJVN
cca5f850bf4acce0f933be6a6955a5b73cd3057db15d6a332d06b228aae3f13cf1bced6e98ae539e30c6663555d58d02381d4644546785381a024d708cfea1f3
[2025-06-21 13:00 UTC] Payment not complete.
[2025-06-22 00:57 UTC] HMAC Sent => 
amount=3.96&buyer_email=customer%40example.com&cancel_url=https%3A%2F%2Fmou.elbatal-app.com%2Fusers%2Fcrypto%2Fcancel.php&cmd=create_transaction&currency1=USD&currency2=USDT.TRC20&invoice=ORDER_6857550cd2640&ipn_url=https%3A%2F%2Fmou.elbatal-app.com%2Fusers%2Fcrypto%2Fipn.php&item_name=%2B3+Months&key=67390e8e994c2845f1a6b4583ac496687564127cc3e7cdc93be22dfbc3a0ef79&success_url=https%3A%2F%2Fmou.elbatal-app.com%2Fusers%2Fcrypto%2Fsuccess.php&version=1
6f8e53393d56bc64f4c396569da88c244bf7acdeb76cb4bd41eb3eea0f46b73f629a4f16397eac1be56e95de9b89165282dd326ca20931d1373c577357f41b53
[2025-06-22 00:57 UTC] HMAC Recived => 
amount1=3.96&amount2=9.59769&buyer_name=CoinPayments+API&currency1=USD&currency2=USDT.TRC20&email=customer%40example.com&fee=5.6769&invoice=ORDER_6857550cd2640&ipn_id=2c6d3790f590e92a89be861d2827e4d6&ipn_mode=hmac&ipn_type=api&ipn_version=1.0&item_name=%2B3+Months&merchant=e4e7cd20e63a730246557d3636e59ab8&received_amount=0&received_confirms=0&status=0&status_text=Waiting+for+buyer+funds...&txn_id=CPJF4U9WUCMRI9XLFQ1SHAMMON
f6fb14886de15624991563c612ef3a468a45c0914d50d7fb73a10948166e8c192dbff353a38059e0d872df2b8dad96ce8e5061cbc945fde95cb456929cb19973
[2025-06-22 00:57 UTC] Payment not complete.
[2025-06-22 00:58 UTC] HMAC Recived => 
amount1=3.96&amount2=9.59769&buyer_name=CoinPayments+API&currency1=USD&currency2=USDT.TRC20&email=customer%40example.com&fee=5.6769&invoice=ORDER_6857550cd2640&ipn_id=59e26e08809edfa7c78619d96e2be1a3&ipn_mode=hmac&ipn_type=api&ipn_version=1.0&item_name=%2B3+Months&merchant=e4e7cd20e63a730246557d3636e59ab8&received_amount=0&received_confirms=0&status=0&status_text=Waiting+for+buyer+funds...&txn_id=CPJF4U9WUCMRI9XLFQ1SHAMMON
9496b1f2fb2b302765d03e7e7b84cd1fc76242b292e6e159796a4047cb4db97c0f8480bcc74d29e7ec46c88983dda4a6ef00c8eeca925340c539acb1c1b51837
[2025-06-22 00:58 UTC] Payment not complete.
[2025-06-22 02:58 UTC] HMAC Recived => 
amount1=3.96&amount2=9.59769&buyer_name=CoinPayments+API&currency1=USD&currency2=USDT.TRC20&email=customer%40example.com&fee=5.6769&invoice=ORDER_6857550cd2640&ipn_id=7d3fc6812f2f398e41301ef5689dfc8a&ipn_mode=hmac&ipn_type=api&ipn_version=1.0&item_name=%2B3+Months&merchant=e4e7cd20e63a730246557d3636e59ab8&received_amount=0&received_confirms=0&status=-1&status_text=Cancelled+%2F+Timed+Out&txn_id=CPJF4U9WUCMRI9XLFQ1SHAMMON
b3e01ec509db19f72dac6f8e877fa0ace7f8ea8fc1f791f8bfa17aea2f94dd60bae94a9cedcf86fcae01dc900da230f25b955109c9338f7afd5d82e73490b937
[2025-06-22 02:58 UTC] Payment not complete.
[2025-06-25 14:52 UTC] HMAC Sent => 
amount=9.9&buyer_email=customer%40example.com&cancel_url=https%3A%2F%2Fmou.elbatal-app.com%2Fusers%2Fcrypto%2Fcancel.php&cmd=create_transaction&currency1=USD&currency2=USDT.TRC20&invoice=ORDER_685c0d2f9539e&ipn_url=https%3A%2F%2Fmou.elbatal-app.com%2Fusers%2Fcrypto%2Fipn.php&item_name=%2B1+Year&key=67390e8e994c2845f1a6b4583ac496687564127cc3e7cdc93be22dfbc3a0ef79&success_url=https%3A%2F%2Fmou.elbatal-app.com%2Fusers%2Fcrypto%2Fsuccess.php&version=1
436267c3a715c819c4894dabd5a753229f9b915d3ef607a7727c6f78b4af030f48473ed506a58c4f2a78e092c73a10844e9096c4e2817be795c9936772b1ce33
[2025-06-25 14:53 UTC] HMAC Recived => 
amount1=9.9&amount2=14.78701&buyer_name=CoinPayments+API&currency1=USD&currency2=USDT.TRC20&email=customer%40example.com&fee=4.99151&invoice=ORDER_685c0d2f9539e&ipn_id=4b5735a51e901ab2592b3d96ef0bd06c&ipn_mode=hmac&ipn_type=api&ipn_version=1.0&item_name=%2B1+Year&merchant=e4e7cd20e63a730246557d3636e59ab8&received_amount=0&received_confirms=0&status=0&status_text=Waiting+for+buyer+funds...&txn_id=CPJF2NRP3TXDUZBHRK7896NGT6
d7c8e0dea351e5b919adf9ece3db3f8ecb687fcf39d550d5238539f8bb2dbee042aa032c643c1f779d1cc7b8b934ac011901775caf890cc45cfee9517f69448a
[2025-06-25 14:53 UTC] Payment not complete.
[2025-06-25 14:53 UTC] HMAC Recived => 
amount1=9.9&amount2=14.78701&buyer_name=CoinPayments+API&currency1=USD&currency2=USDT.TRC20&email=customer%40example.com&fee=4.99151&invoice=ORDER_685c0d2f9539e&ipn_id=8e62a8bf9f31b4f6c5b8c880382473ff&ipn_mode=hmac&ipn_type=api&ipn_version=1.0&item_name=%2B1+Year&merchant=e4e7cd20e63a730246557d3636e59ab8&received_amount=0&received_confirms=0&status=0&status_text=Waiting+for+buyer+funds...&txn_id=CPJF2NRP3TXDUZBHRK7896NGT6
de1e1ef44ba1b070278b822b4a78cda454de64a76bb49e859de24c8a0934855ebba2cc6be49a345b629d3b823a98a1e0fd8401931d2d93f3582e8c38f37d2fbc
[2025-06-25 14:53 UTC] Payment not complete.
[2025-06-25 16:53 UTC] HMAC Recived => 
amount1=9.9&amount2=14.78701&buyer_name=CoinPayments+API&currency1=USD&currency2=USDT.TRC20&email=customer%40example.com&fee=4.99151&invoice=ORDER_685c0d2f9539e&ipn_id=f318fe11739fb72995c7ec62a655d548&ipn_mode=hmac&ipn_type=api&ipn_version=1.0&item_name=%2B1+Year&merchant=e4e7cd20e63a730246557d3636e59ab8&received_amount=0&received_confirms=0&status=-1&status_text=Cancelled+%2F+Timed+Out&txn_id=CPJF2NRP3TXDUZBHRK7896NGT6
9a9133edcee7789c7a00f7e3b36ff2ee1c2ba06ff4bffeab77109219c56faa77d1c52faca890751514e9649c8a264716a7cc198385387ab959ce6b0eb4a5ebe7
[2025-06-25 16:53 UTC] Payment not complete.
[2025-06-25 21:18 UTC] HMAC Sent => 
amount=1.485&buyer_email=customer%40example.com&cancel_url=https%3A%2F%2Fmou.elbatal-app.com%2Fusers%2Fcrypto%2Fcancel.php&cmd=create_transaction&currency1=USD&currency2=USDT.TRC20&invoice=ORDER_685c67c252ed5&ipn_url=https%3A%2F%2Fmou.elbatal-app.com%2Fusers%2Fcrypto%2Fipn.php&item_name=%2B1+Month&key=67390e8e994c2845f1a6b4583ac496687564127cc3e7cdc93be22dfbc3a0ef79&success_url=https%3A%2F%2Fmou.elbatal-app.com%2Fusers%2Fcrypto%2Fsuccess.php&version=1
9ce7f5e7e4bedfe4b2f45cb2204b3ea0598ccb55c494d66426b3fddc06436e3602e6175d402dd87f088e048e015d957df07ea604f02c369bb1ab97aaf379f324
[2025-06-25 21:19 UTC] HMAC Recived => 
amount1=1.485&amount2=6.44248&buyer_name=CoinPayments+API&currency1=USD&currency2=USDT.TRC20&email=customer%40example.com&fee=4.97215&invoice=ORDER_685c67c252ed5&ipn_id=2d0b2c7e128ced4e4052faccdf61e4b5&ipn_mode=hmac&ipn_type=api&ipn_version=1.0&item_name=%2B1+Month&merchant=e4e7cd20e63a730246557d3636e59ab8&received_amount=0&received_confirms=0&status=0&status_text=Waiting+for+buyer+funds...&txn_id=CPJF1GMEHQBNWM4XF7TQ9XGKN6
e43a6a9a2aaa68a69137decc870e63708801244d39b482198344f3f6128f05631a983880fa717cfb911c41709e59c070455da53a5cff69a83d30d93bdaef993e
[2025-06-25 21:19 UTC] Payment not complete.
[2025-06-25 21:19 UTC] HMAC Recived => 
amount1=1.485&amount2=6.44248&buyer_name=CoinPayments+API&currency1=USD&currency2=USDT.TRC20&email=customer%40example.com&fee=4.97215&invoice=ORDER_685c67c252ed5&ipn_id=1efef77a66108d02c05a63158cb38221&ipn_mode=hmac&ipn_type=api&ipn_version=1.0&item_name=%2B1+Month&merchant=e4e7cd20e63a730246557d3636e59ab8&received_amount=0&received_confirms=0&status=0&status_text=Waiting+for+buyer+funds...&txn_id=CPJF1GMEHQBNWM4XF7TQ9XGKN6
a1719ee34c09514f559e196744cc4e075b0a7693581221ce8bad51726f23b638b04f9ee55dccf5fc8934ddc36f9cc66b890f2c5d6e4781213331e3f932beba19
[2025-06-25 21:19 UTC] Payment not complete.
[2025-06-25 21:19 UTC] HMAC Sent => 
amount=9.9&buyer_email=customer%40example.com&cancel_url=https%3A%2F%2Fmou.elbatal-app.com%2Fusers%2Fcrypto%2Fcancel.php&cmd=create_transaction&currency1=USD&currency2=USDT.TRC20&invoice=ORDER_685c67d9eb849&ipn_url=https%3A%2F%2Fmou.elbatal-app.com%2Fusers%2Fcrypto%2Fipn.php&item_name=%2B1+Year&key=67390e8e994c2845f1a6b4583ac496687564127cc3e7cdc93be22dfbc3a0ef79&success_url=https%3A%2F%2Fmou.elbatal-app.com%2Fusers%2Fcrypto%2Fsuccess.php&version=1
76a0ed56e0659998c4d811e68140ef540a9962e17dde01885895d6293f61ca6dece57110c5bfd9bb3a7e5c718e0b01c69a606db7315b6f5c4589e3e414e6199f
[2025-06-25 21:19 UTC] HMAC Recived => 
amount1=9.9&amount2=14.85853&buyer_name=CoinPayments+API&currency1=USD&currency2=USDT.TRC20&email=customer%40example.com&fee=5.05631&invoice=ORDER_685c67d9eb849&ipn_id=d3a221e10eea02ba627dc7fc553c0b2b&ipn_mode=hmac&ipn_type=api&ipn_version=1.0&item_name=%2B1+Year&merchant=e4e7cd20e63a730246557d3636e59ab8&received_amount=0&received_confirms=0&status=0&status_text=Waiting+for+buyer+funds...&txn_id=CPJF2C83AMCLKWJG1REQTEWU0T
97a027a45f71ac3f5f7960d18116e0469b00d4a1aa459d6b8369e8c4bdb7106c76074698fa681e59dbdb9269ea01be9a726a9550b8afab9230d6c8425ebbb7d1
[2025-06-25 21:19 UTC] Payment not complete.
[2025-06-25 21:19 UTC] HMAC Recived => 
amount1=9.9&amount2=14.85853&buyer_name=CoinPayments+API&currency1=USD&currency2=USDT.TRC20&email=customer%40example.com&fee=5.05631&invoice=ORDER_685c67d9eb849&ipn_id=591b04d3d141431b574061018461c467&ipn_mode=hmac&ipn_type=api&ipn_version=1.0&item_name=%2B1+Year&merchant=e4e7cd20e63a730246557d3636e59ab8&received_amount=0&received_confirms=0&status=0&status_text=Waiting+for+buyer+funds...&txn_id=CPJF2C83AMCLKWJG1REQTEWU0T
b4608c5ee72e83a629488d813c5a4fa5139d75e49409b76a3fea67ca050f42613625f9808a0b3153f411bf72309b142ad6961d5cb40d19f82e794b0c75202f42
[2025-06-25 21:19 UTC] Payment not complete.
[2025-06-25 23:20 UTC] HMAC Recived => 
amount1=1.485&amount2=6.44248&buyer_name=CoinPayments+API&currency1=USD&currency2=USDT.TRC20&email=customer%40example.com&fee=4.97215&invoice=ORDER_685c67c252ed5&ipn_id=914b130a577c9b65a70aeb89b6075d32&ipn_mode=hmac&ipn_type=api&ipn_version=1.0&item_name=%2B1+Month&merchant=e4e7cd20e63a730246557d3636e59ab8&received_amount=0&received_confirms=0&status=-1&status_text=Cancelled+%2F+Timed+Out&txn_id=CPJF1GMEHQBNWM4XF7TQ9XGKN6
672763b8e64ca3434ffd3bd4efd52f86b913842d2cc248b20e4b4ddba8d5be13d7c3be9b88e31c7dc47d8135b3402ea810f2b7f1a0154338e9f4cb92e2800e8a
[2025-06-25 23:20 UTC] Payment not complete.
[2025-06-25 23:20 UTC] HMAC Recived => 
amount1=9.9&amount2=14.85853&buyer_name=CoinPayments+API&currency1=USD&currency2=USDT.TRC20&email=customer%40example.com&fee=5.05631&invoice=ORDER_685c67d9eb849&ipn_id=2fdd9ce757c7e22927ee208b7f615c47&ipn_mode=hmac&ipn_type=api&ipn_version=1.0&item_name=%2B1+Year&merchant=e4e7cd20e63a730246557d3636e59ab8&received_amount=0&received_confirms=0&status=-1&status_text=Cancelled+%2F+Timed+Out&txn_id=CPJF2C83AMCLKWJG1REQTEWU0T
b642ae7c442e3fae4069282ab29629bb7ef2a96340606717aff4bea850eb24f228b5c51653b11cc86761010bc61bec4c25859cd91b3d3acb4ae0644bf22210c0
[2025-06-25 23:20 UTC] Payment not complete.
[2025-06-29 12:36 UTC] HMAC Sent => 
amount=1.485&buyer_email=customer%40example.com&cancel_url=https%3A%2F%2Fmou.elbatal-app.com%2Fusers%2Fcrypto%2Fcancel.php&cmd=create_transaction&currency1=USD&currency2=USDT.TRC20&invoice=ORDER_6861334aed8de&ipn_url=https%3A%2F%2Fmou.elbatal-app.com%2Fusers%2Fcrypto%2Fipn.php&item_name=%2B1+Month&key=67390e8e994c2845f1a6b4583ac496687564127cc3e7cdc93be22dfbc3a0ef79&success_url=https%3A%2F%2Fmou.elbatal-app.com%2Fusers%2Fcrypto%2Fsuccess.php&version=1
4bbeb6ada1af17ebd1fe4c0f40a08e8b405e78e39cf7a3fa4943b1fbd192019bfe6d6753cfa4a53aac9b4ee885471c429d7ccb387c4346df6c227e5752df9264
[2025-06-29 12:36 UTC] HMAC Sent => 
amount=1.485&buyer_email=customer%40example.com&cancel_url=https%3A%2F%2Fmou.elbatal-app.com%2Fusers%2Fcrypto%2Fcancel.php&cmd=create_transaction&currency1=USD&currency2=USDT.TRC20&invoice=ORDER_6861334d6d156&ipn_url=https%3A%2F%2Fmou.elbatal-app.com%2Fusers%2Fcrypto%2Fipn.php&item_name=%2B1+Month&key=67390e8e994c2845f1a6b4583ac496687564127cc3e7cdc93be22dfbc3a0ef79&success_url=https%3A%2F%2Fmou.elbatal-app.com%2Fusers%2Fcrypto%2Fsuccess.php&version=1
8de6ff096053778bd5180bdde4d3cefadf1978e0a1bd4e684b4f2e7a8051a67c2c9bd8f1d988da70b0eeb4e50ed24157eb4e2dc2bfd01b40bb240483b5541f89
[2025-06-29 12:36 UTC] HMAC Recived => 
amount1=1.485&amount2=6.45166&buyer_name=CoinPayments+API&currency1=USD&currency2=USDT.TRC20&email=customer%40example.com&fee=4.98149&invoice=ORDER_6861334d6d156&ipn_id=6c703743fd7b0b731d04fe09ed8c8b5c&ipn_mode=hmac&ipn_type=api&ipn_version=1.0&item_name=%2B1+Month&merchant=e4e7cd20e63a730246557d3636e59ab8&received_amount=0&received_confirms=0&status=0&status_text=Waiting+for+buyer+funds...&txn_id=CPJF2XDI5WBNDWDURFVY6Z0OIH
17ffea906bdd9e74df7f7ba4314614565c03e73fb53d9efa29a3a9aaa609d6a67d6b2d9658f515044583d95d0132cccde6d2cd31294ca4def29582188236c50c
[2025-06-29 12:36 UTC] Payment not complete.
[2025-06-29 12:36 UTC] HMAC Recived => 
amount1=1.485&amount2=6.45166&buyer_name=CoinPayments+API&currency1=USD&currency2=USDT.TRC20&email=customer%40example.com&fee=4.98149&invoice=ORDER_6861334aed8de&ipn_id=509013a32b541346fcdb8a2fdf2d7b2f&ipn_mode=hmac&ipn_type=api&ipn_version=1.0&item_name=%2B1+Month&merchant=e4e7cd20e63a730246557d3636e59ab8&received_amount=0&received_confirms=0&status=0&status_text=Waiting+for+buyer+funds...&txn_id=CPJF1LSVQ9MD4CTMXP2CPSWHH9
e4dd926066f72bfd6d4e4b1c2f90247a29b490062e275946c26b9720fb08499b7667c15e74d6a3c9b0b79ba80483c3087ae237b7c828a25575f4c1e6389d3bd2
[2025-06-29 12:36 UTC] Payment not complete.
[2025-06-29 12:37 UTC] HMAC Recived => 
amount1=1.485&amount2=6.45166&buyer_name=CoinPayments+API&currency1=USD&currency2=USDT.TRC20&email=customer%40example.com&fee=4.98149&invoice=ORDER_6861334aed8de&ipn_id=37f7d708d584dca1fa3ac0c680c99084&ipn_mode=hmac&ipn_type=api&ipn_version=1.0&item_name=%2B1+Month&merchant=e4e7cd20e63a730246557d3636e59ab8&received_amount=0&received_confirms=0&status=0&status_text=Waiting+for+buyer+funds...&txn_id=CPJF1LSVQ9MD4CTMXP2CPSWHH9
a3b8e051f995f38ceca3e4ea27e1b05308f31c3df2e317b374e3170f2fa94120425a6a178a9bb3343f8947e0f4f06a42d2ae8930b4eaaf3a7437db61633a3bcb
[2025-06-29 12:37 UTC] Payment not complete.
[2025-06-29 14:37 UTC] HMAC Recived => 
amount1=1.485&amount2=6.45166&buyer_name=CoinPayments+API&currency1=USD&currency2=USDT.TRC20&email=customer%40example.com&fee=4.98149&invoice=ORDER_6861334d6d156&ipn_id=0c008ede265d6aa9f844604a263fef3a&ipn_mode=hmac&ipn_type=api&ipn_version=1.0&item_name=%2B1+Month&merchant=e4e7cd20e63a730246557d3636e59ab8&received_amount=0&received_confirms=0&status=-1&status_text=Cancelled+%2F+Timed+Out&txn_id=CPJF2XDI5WBNDWDURFVY6Z0OIH
254b9db1eb31e7a41fa2146a0654fc0c9cf11600e2321a53bd890847571d30bba0803f15e1e7d9ce260e4cf34ddf337ced5c73fc1195cb0184e4c1c35f50907a
[2025-06-29 14:37 UTC] Payment not complete.
[2025-06-29 14:37 UTC] HMAC Recived => 
amount1=1.485&amount2=6.45166&buyer_name=CoinPayments+API&currency1=USD&currency2=USDT.TRC20&email=customer%40example.com&fee=4.98149&invoice=ORDER_6861334aed8de&ipn_id=73545c214d688f63a2d70629cf3e0c9c&ipn_mode=hmac&ipn_type=api&ipn_version=1.0&item_name=%2B1+Month&merchant=e4e7cd20e63a730246557d3636e59ab8&received_amount=0&received_confirms=0&status=-1&status_text=Cancelled+%2F+Timed+Out&txn_id=CPJF1LSVQ9MD4CTMXP2CPSWHH9
30cdc43d51b4259c78949b31590a7e5f57de1c796f2941d78e2e30fcc78d074f9c1e92373c60ca2ee486c91deabd3d3e6481bf394fb56b704da7dd68a18a3614
[2025-06-29 14:37 UTC] Payment not complete.
[2025-07-03 07:48 UTC] HMAC Sent => 
amount=9.9&buyer_email=customer%40example.com&cancel_url=https%3A%2F%2Fmou.elbatal-app.com%2Fusers%2Fcrypto%2Fcancel.php&cmd=create_transaction&currency1=USD&currency2=USDT.TRC20&invoice=ORDER_686635ca6a082&ipn_url=https%3A%2F%2Fmou.elbatal-app.com%2Fusers%2Fcrypto%2Fipn.php&item_name=%2B1+Year&key=67390e8e994c2845f1a6b4583ac496687564127cc3e7cdc93be22dfbc3a0ef79&success_url=https%3A%2F%2Fmou.elbatal-app.com%2Fusers%2Fcrypto%2Fsuccess.php&version=1
38164f9ff1f16b89475ef3a6b8c9de8b1f799cefe11526e6c4839663bc306f9adbe7003fba1cb1df4b63d8186c1ce660d716ed19a4652a1d02e38fad9bd55b1a
[2025-07-03 07:48 UTC] HMAC Recived => 
amount1=9.9&amount2=15.90925&buyer_name=CoinPayments+API&currency1=USD&currency2=USDT.TRC20&email=customer%40example.com&fee=6.11019&invoice=ORDER_686635ca6a082&ipn_id=8760723c4e416c4a17ab343e194655f8&ipn_mode=hmac&ipn_type=api&ipn_version=1.0&item_name=%2B1+Year&merchant=e4e7cd20e63a730246557d3636e59ab8&received_amount=0&received_confirms=0&status=0&status_text=Waiting+for+buyer+funds...&txn_id=CPJG461UGGDRNJMMW8PLEGWZKY
dabebc6b27a041eb16d63804cab918247a22e70f08ade17805fc0e88aafd71ce426977be3a261aaa95b2aa72561fc7f52cdfae989ada3e32e3309101333a3ffe
[2025-07-03 07:48 UTC] Payment not complete.
[2025-07-03 07:49 UTC] HMAC Recived => 
amount1=9.9&amount2=15.90925&buyer_name=CoinPayments+API&currency1=USD&currency2=USDT.TRC20&email=customer%40example.com&fee=6.11019&invoice=ORDER_686635ca6a082&ipn_id=dfab54a4ce58d6ad31782dc7aefbcf72&ipn_mode=hmac&ipn_type=api&ipn_version=1.0&item_name=%2B1+Year&merchant=e4e7cd20e63a730246557d3636e59ab8&received_amount=0&received_confirms=0&status=0&status_text=Waiting+for+buyer+funds...&txn_id=CPJG461UGGDRNJMMW8PLEGWZKY
7bc6804258441f3cf41adf18cefcd47c0745a17a8c787196c4307708f80b942c741307f7ca6513071dc89f944452f9f7d373f12289856a59917c23716198670f
[2025-07-03 07:49 UTC] Payment not complete.
[2025-07-03 09:50 UTC] HMAC Recived => 
amount1=9.9&amount2=15.90925&buyer_name=CoinPayments+API&currency1=USD&currency2=USDT.TRC20&email=customer%40example.com&fee=6.11019&invoice=ORDER_686635ca6a082&ipn_id=b2d601c2f26d5f0eaa7dd56c48fae221&ipn_mode=hmac&ipn_type=api&ipn_version=1.0&item_name=%2B1+Year&merchant=e4e7cd20e63a730246557d3636e59ab8&received_amount=0&received_confirms=0&status=-1&status_text=Cancelled+%2F+Timed+Out&txn_id=CPJG461UGGDRNJMMW8PLEGWZKY
dd9ed8db0555655202b02188bfb2cce2fc00542bab0e11527240baa6c51dcfe178ac47f8b965f0df0e54b3174ae227df2c466bc162cd729cb700318aa026aec1
[2025-07-03 09:50 UTC] Payment not complete.
[2025-07-04 11:41 UTC] HMAC Sent => 
amount=3.96&buyer_email=customer%40example.com&cancel_url=https%3A%2F%2Fmou.elbatal-app.com%2Fusers%2Fcrypto%2Fcancel.php&cmd=create_transaction&currency1=USD&currency2=USDT.TRC20&invoice=ORDER_6867bdf75584a&ipn_url=https%3A%2F%2Fmou.elbatal-app.com%2Fusers%2Fcrypto%2Fipn.php&item_name=%2B3+Months&key=67390e8e994c2845f1a6b4583ac496687564127cc3e7cdc93be22dfbc3a0ef79&success_url=https%3A%2F%2Fmou.elbatal-app.com%2Fusers%2Fcrypto%2Fsuccess.php&version=1
217993024337e5541af1f1c34f66568ca7715366a3d8b3794d51351f28f37898b82632b504b656215ed23f372ff2fd23bd08bbbd361f7ef21de2e73334eb3d89
[2025-07-04 11:41 UTC] HMAC Recived => 
amount1=3.96&amount2=11.45094&buyer_name=CoinPayments+API&currency1=USD&currency2=USDT.TRC20&email=customer%40example.com&fee=7.53189&invoice=ORDER_6867bdf75584a&ipn_id=3fe2641d1ff3e4a6ed3d3b080ba33fba&ipn_mode=hmac&ipn_type=api&ipn_version=1.0&item_name=%2B3+Months&merchant=e4e7cd20e63a730246557d3636e59ab8&received_amount=0&received_confirms=0&status=0&status_text=Waiting+for+buyer+funds...&txn_id=CPJG2AHHWM2MKDY8RMPPWZHRIK
dcef8497313be5b0f8de9e8842029cab863a45d4e5ee3e268e3b44cb0cb8e80e76e0e53029cc4974389974548d89276bfbeb11e32fdf661ed62a29e568776d48
[2025-07-04 11:41 UTC] Payment not complete.
[2025-07-04 13:43 UTC] HMAC Recived => 
amount1=3.96&amount2=11.45094&buyer_name=CoinPayments+API&currency1=USD&currency2=USDT.TRC20&email=customer%40example.com&fee=7.53189&invoice=ORDER_6867bdf75584a&ipn_id=e9b6f3ad50e10e2f44586e989928df15&ipn_mode=hmac&ipn_type=api&ipn_version=1.0&item_name=%2B3+Months&merchant=e4e7cd20e63a730246557d3636e59ab8&received_amount=0&received_confirms=0&status=-1&status_text=Cancelled+%2F+Timed+Out&txn_id=CPJG2AHHWM2MKDY8RMPPWZHRIK
992d5dbae92521e9f59fead9b57da5678e9d976e27c4349d8b47bd9647be46d5bdf40f9d424381da4c287290e5daa1c67f6a92e1cbffd5bed3d2897a6a38d8f5
[2025-07-04 13:43 UTC] Payment not complete.
[2025-07-08 08:33 UTC] HMAC Sent => 
amount=9.9&buyer_email=customer%40example.com&cancel_url=https%3A%2F%2Fmou.elbatal-app.com%2Fusers%2Fcrypto%2Fcancel.php&cmd=create_transaction&currency1=USD&currency2=USDT.TRC20&invoice=ORDER_686cd7f20f68b&ipn_url=https%3A%2F%2Fmou.elbatal-app.com%2Fusers%2Fcrypto%2Fipn.php&item_name=%2B1+Year&key=67390e8e994c2845f1a6b4583ac496687564127cc3e7cdc93be22dfbc3a0ef79&success_url=https%3A%2F%2Fmou.elbatal-app.com%2Fusers%2Fcrypto%2Fsuccess.php&version=1
1b700b2681afaaa03bd066b1855fe2cf24d69ee8475312440499c3665a0e97721fba5d52c6873606d83a8d82b8cbb77fecfe229020d0c855b2880517c3693864
[2025-07-08 08:33 UTC] HMAC Recived => 
amount1=9.9&amount2=15.71106&buyer_name=CoinPayments+API&currency1=USD&currency2=USDT.TRC20&email=customer%40example.com&fee=5.91114&invoice=ORDER_686cd7f20f68b&ipn_id=82081d2be88224ef0f42aa6a89e19d63&ipn_mode=hmac&ipn_type=api&ipn_version=1.0&item_name=%2B1+Year&merchant=e4e7cd20e63a730246557d3636e59ab8&received_amount=0&received_confirms=0&status=0&status_text=Waiting+for+buyer+funds...&txn_id=CPJG7N9YZLPAYNFMXDUHQ91TUK
c3de3eae2273f7e10643087176ea7ce068fce27f2f58ae1d44a14979573c95f3035f3be564090fa47682ced37388a7c33365150adb2f9612ae40e799e817022b
[2025-07-08 08:33 UTC] Payment not complete.
[2025-07-08 08:34 UTC] HMAC Recived => 
amount1=9.9&amount2=15.71106&buyer_name=CoinPayments+API&currency1=USD&currency2=USDT.TRC20&email=customer%40example.com&fee=5.91114&invoice=ORDER_686cd7f20f68b&ipn_id=f70694ba3ee27a645ad822e13f341ecf&ipn_mode=hmac&ipn_type=api&ipn_version=1.0&item_name=%2B1+Year&merchant=e4e7cd20e63a730246557d3636e59ab8&received_amount=0&received_confirms=0&status=0&status_text=Waiting+for+buyer+funds...&txn_id=CPJG7N9YZLPAYNFMXDUHQ91TUK
8e46763f10d876ac9dc9d1ff1510d4323e1aebabb0274989faa49e3fde32bea155618d24cf59840ce547bd9b14b14c4af9c9b713b804fc60268e29ed58d7f5db
[2025-07-08 08:34 UTC] Payment not complete.
[2025-07-08 10:34 UTC] HMAC Recived => 
amount1=9.9&amount2=15.71106&buyer_name=CoinPayments+API&currency1=USD&currency2=USDT.TRC20&email=customer%40example.com&fee=5.91114&invoice=ORDER_686cd7f20f68b&ipn_id=3c059ee4a6d2af88c492321e75ac532e&ipn_mode=hmac&ipn_type=api&ipn_version=1.0&item_name=%2B1+Year&merchant=e4e7cd20e63a730246557d3636e59ab8&received_amount=0&received_confirms=0&status=-1&status_text=Cancelled+%2F+Timed+Out&txn_id=CPJG7N9YZLPAYNFMXDUHQ91TUK
9916bfa4b6605c7e03698bcc0bf04a6a552392e71aea6111e9aa0cf46885637fbf1946f328ae74dee0236499b39d4a1dea91a25d0f45f01786baf81738f6bede
[2025-07-08 10:34 UTC] Payment not complete.
[2025-07-09 20:04 UTC] HMAC Sent => 
amount=6.435&buyer_email=customer%40example.com&cancel_url=https%3A%2F%2Fmou.elbatal-app.com%2Fusers%2Fcrypto%2Fcancel.php&cmd=create_transaction&currency1=USD&currency2=USDT.TRC20&invoice=ORDER_686ecb617f4d9&ipn_url=https%3A%2F%2Fmou.elbatal-app.com%2Fusers%2Fcrypto%2Fipn.php&item_name=%2B6+Months&key=67390e8e994c2845f1a6b4583ac496687564127cc3e7cdc93be22dfbc3a0ef79&success_url=https%3A%2F%2Fmou.elbatal-app.com%2Fusers%2Fcrypto%2Fsuccess.php&version=1
6678d075e3438c8f58698354654f0bbb2c55657cfa2cab7f6efdb8f0df6fb7ba0c4de548ba25449916db3199791c0fbfe5f150e0faad4feb508bf16600c19d2e
[2025-07-09 20:05 UTC] HMAC Recived => 
amount1=6.435&amount2=11.53037&buyer_name=CoinPayments+API&currency1=USD&currency2=USDT.TRC20&email=customer%40example.com&fee=5.14629&invoice=ORDER_686ecb617f4d9&ipn_id=1f108234f52d46cc497989c82dcb53c8&ipn_mode=hmac&ipn_type=api&ipn_version=1.0&item_name=%2B6+Months&merchant=e4e7cd20e63a730246557d3636e59ab8&received_amount=0&received_confirms=0&status=0&status_text=Waiting+for+buyer+funds...&txn_id=CPJG2T1HBTQPHML6LM4J6OLTS4
b8b75acced71dead0826b15fcb62bf75ec7cb5e5978259e61349ce8e60b6d2dfb089bab0e66f2f5b4ec83349725fb57bb7b860ed0aaa5d1f480c3bbd14cd418b
[2025-07-09 20:05 UTC] Payment not complete.
[2025-07-09 20:05 UTC] HMAC Recived => 
amount1=6.435&amount2=11.53037&buyer_name=CoinPayments+API&currency1=USD&currency2=USDT.TRC20&email=customer%40example.com&fee=5.14629&invoice=ORDER_686ecb617f4d9&ipn_id=3a7243b77c2c29a168e0a19ca7f2d4a9&ipn_mode=hmac&ipn_type=api&ipn_version=1.0&item_name=%2B6+Months&merchant=e4e7cd20e63a730246557d3636e59ab8&received_amount=0&received_confirms=0&status=0&status_text=Waiting+for+buyer+funds...&txn_id=CPJG2T1HBTQPHML6LM4J6OLTS4
1a5e7bde35de29cf2a97500aa8a1502fde555a441025dab1b5589ff74cc528e1166ac048f85288c6ff866c7979d3bf9e636e6eea79de7f383b9dfbf0ff445e9b
[2025-07-09 20:05 UTC] Payment not complete.
[2025-07-09 21:35 UTC] HMAC Sent => 
amount=3.96&buyer_email=customer%40example.com&cancel_url=https%3A%2F%2Fmou.elbatal-app.com%2Fusers%2Fcrypto%2Fcancel.php&cmd=create_transaction&currency1=USD&currency2=USDT.TRC20&invoice=ORDER_686ee09785e3e&ipn_url=https%3A%2F%2Fmou.elbatal-app.com%2Fusers%2Fcrypto%2Fipn.php&item_name=%2B3+Months&key=67390e8e994c2845f1a6b4583ac496687564127cc3e7cdc93be22dfbc3a0ef79&success_url=https%3A%2F%2Fmou.elbatal-app.com%2Fusers%2Fcrypto%2Fsuccess.php&version=1
3c9f3f01f573ab76e1b339e3d9c2cb23cef532b37f0e991e8ed75d449ca28c9e7fdc32f34c93a26153d4bd54baa1cfefddad8e2a60b203027e2debcde362b599
[2025-07-09 21:35 UTC] HMAC Recived => 
amount1=3.96&amount2=9.18108&buyer_name=CoinPayments+API&currency1=USD&currency2=USDT.TRC20&email=customer%40example.com&fee=5.26033&invoice=ORDER_686ee09785e3e&ipn_id=7756ad06ec141a3dc0c8d4bee457b20a&ipn_mode=hmac&ipn_type=api&ipn_version=1.0&item_name=%2B3+Months&merchant=e4e7cd20e63a730246557d3636e59ab8&received_amount=0&received_confirms=0&status=0&status_text=Waiting+for+buyer+funds...&txn_id=CPJG2ELNT8NDY62HF3ZGV6YE8Y
e7ad5a936e63866c55d1e6cc676c921560bb1f1ba7ef8a1026383ef3d30fad5587aa79723d59aebc8dfe67aaf3437c10a00e8021628f66fdcecc3ba4b16deb67
[2025-07-09 21:35 UTC] Payment not complete.
[2025-07-09 21:35 UTC] HMAC Recived => 
amount1=3.96&amount2=9.18108&buyer_name=CoinPayments+API&currency1=USD&currency2=USDT.TRC20&email=customer%40example.com&fee=5.26033&invoice=ORDER_686ee09785e3e&ipn_id=b5e9bee96caea907ed02a8b631a3afae&ipn_mode=hmac&ipn_type=api&ipn_version=1.0&item_name=%2B3+Months&merchant=e4e7cd20e63a730246557d3636e59ab8&received_amount=0&received_confirms=0&status=0&status_text=Waiting+for+buyer+funds...&txn_id=CPJG2ELNT8NDY62HF3ZGV6YE8Y
db1b641006935575e91bf4a16fe980f406e5916a55b8ba6311dcf32677a6f602d871c3c496b5a395771204b2e9e818daddd61d87a1a8c26ad2ddf6d117a44925
[2025-07-09 21:35 UTC] Payment not complete.
[2025-07-09 22:06 UTC] HMAC Recived => 
amount1=6.435&amount2=11.53037&buyer_name=CoinPayments+API&currency1=USD&currency2=USDT.TRC20&email=customer%40example.com&fee=5.14629&invoice=ORDER_686ecb617f4d9&ipn_id=78cdc6806ee898e20c7c1b5167a15f2e&ipn_mode=hmac&ipn_type=api&ipn_version=1.0&item_name=%2B6+Months&merchant=e4e7cd20e63a730246557d3636e59ab8&received_amount=0&received_confirms=0&status=-1&status_text=Cancelled+%2F+Timed+Out&txn_id=CPJG2T1HBTQPHML6LM4J6OLTS4
d4cd9289fe939f6b7a880ce26fc6020f325ec3c8d1c2c818760f5635d4a55b3166dd52d27be6e10111d2364b0489625f21d387f580cf52e47fd33889422ab911
[2025-07-09 22:06 UTC] Payment not complete.
[2025-07-09 23:36 UTC] HMAC Recived => 
amount1=3.96&amount2=9.18108&buyer_name=CoinPayments+API&currency1=USD&currency2=USDT.TRC20&email=customer%40example.com&fee=5.26033&invoice=ORDER_686ee09785e3e&ipn_id=bf27485720572e0ce4b612f6b101a1d5&ipn_mode=hmac&ipn_type=api&ipn_version=1.0&item_name=%2B3+Months&merchant=e4e7cd20e63a730246557d3636e59ab8&received_amount=0&received_confirms=0&status=-1&status_text=Cancelled+%2F+Timed+Out&txn_id=CPJG2ELNT8NDY62HF3ZGV6YE8Y
a847db3289d33fb97a932b04240b7b60d569dcaea8206f821c5c49ec60583274f7eeb8419837e1d71f7e61d59cd41be79a227a312ab20ed275838be2829c3cd5
[2025-07-09 23:36 UTC] Payment not complete.
[2025-07-10 11:46 UTC] HMAC Sent => 
amount=6.435&buyer_email=customer%40example.com&cancel_url=https%3A%2F%2Fmou.elbatal-app.com%2Fusers%2Fcrypto%2Fcancel.php&cmd=create_transaction&currency1=USD&currency2=USDT.TRC20&invoice=ORDER_686fa831da45e&ipn_url=https%3A%2F%2Fmou.elbatal-app.com%2Fusers%2Fcrypto%2Fipn.php&item_name=%2B6+Months&key=67390e8e994c2845f1a6b4583ac496687564127cc3e7cdc93be22dfbc3a0ef79&success_url=https%3A%2F%2Fmou.elbatal-app.com%2Fusers%2Fcrypto%2Fsuccess.php&version=1
a0f0e1713efad30d908c54a8152b46904796a95b67f17533eaec21c8f6fa90ae07a6eaa3848472b0d196e4ace9fa62f8bb7e95359587de6844b31a01c2ef0ece
[2025-07-10 11:47 UTC] HMAC Recived => 
amount1=6.435&amount2=12.165&buyer_name=CoinPayments+API&currency1=USD&currency2=USDT.TRC20&email=customer%40example.com&fee=5.79524&invoice=ORDER_686fa831da45e&ipn_id=cdf7ffb1d95a06c5ca4bfdf3eee1b70e&ipn_mode=hmac&ipn_type=api&ipn_version=1.0&item_name=%2B6+Months&merchant=e4e7cd20e63a730246557d3636e59ab8&received_amount=0&received_confirms=0&status=0&status_text=Waiting+for+buyer+funds...&txn_id=CPJG411HE6B7CZG2ZQFPCWNGWI
7ba20ab6075e57c6f729896ec3ccbf6d5e72a21582161db2530f06ef192b7edb583398dc2e6d6af2357c8e8fb1e4f5597f7dea914fc02c62eec80b9dfd6ce62e
[2025-07-10 11:47 UTC] Payment not complete.
[2025-07-10 11:47 UTC] HMAC Recived => 
amount1=6.435&amount2=12.165&buyer_name=CoinPayments+API&currency1=USD&currency2=USDT.TRC20&email=customer%40example.com&fee=5.79524&invoice=ORDER_686fa831da45e&ipn_id=469e43c7a1eb15d9a8356a88b4441e72&ipn_mode=hmac&ipn_type=api&ipn_version=1.0&item_name=%2B6+Months&merchant=e4e7cd20e63a730246557d3636e59ab8&received_amount=0&received_confirms=0&status=0&status_text=Waiting+for+buyer+funds...&txn_id=CPJG411HE6B7CZG2ZQFPCWNGWI
35753573fdde0eced63e426f7cd71610627e30609f1a23ae51ea72b0c3574c60e5d7d7fe82f5f98d1f589f73fdf2c806b2dfe0273c434b1eabc43ccef9cbe2ca
[2025-07-10 11:47 UTC] Payment not complete.
[2025-07-10 13:47 UTC] HMAC Recived => 
amount1=6.435&amount2=12.165&buyer_name=CoinPayments+API&currency1=USD&currency2=USDT.TRC20&email=customer%40example.com&fee=5.79524&invoice=ORDER_686fa831da45e&ipn_id=92c94e20f28da4f760127c57409d7344&ipn_mode=hmac&ipn_type=api&ipn_version=1.0&item_name=%2B6+Months&merchant=e4e7cd20e63a730246557d3636e59ab8&received_amount=0&received_confirms=0&status=-1&status_text=Cancelled+%2F+Timed+Out&txn_id=CPJG411HE6B7CZG2ZQFPCWNGWI
d0b3ece82eebb1987a416d95543debd8dc63a93335c3fe69c4699102e0b68837c217d96625f5a2472415950a91e4038198dacc3e102719aa2b44ea1dd2a691b3
[2025-07-10 13:47 UTC] Payment not complete.
[2025-07-10 15:23 UTC] HMAC Sent => 
amount=1.485&buyer_email=customer%40example.com&cancel_url=https%3A%2F%2Fmou.elbatal-app.com%2Fusers%2Fcrypto%2Fcancel.php&cmd=create_transaction&currency1=USD&currency2=USDT.TRC20&invoice=ORDER_686fdb090d793&ipn_url=https%3A%2F%2Fmou.elbatal-app.com%2Fusers%2Fcrypto%2Fipn.php&item_name=%2B1+Month&key=67390e8e994c2845f1a6b4583ac496687564127cc3e7cdc93be22dfbc3a0ef79&success_url=https%3A%2F%2Fmou.elbatal-app.com%2Fusers%2Fcrypto%2Fsuccess.php&version=1
38f33af5cc742ee7694f60174204f1fc8a8a12660e281c76283a16628fbb39fd84a36b2c93a4155e8898086dbaf12dc4f87988a7830da027dd52b7b8281b8719
[2025-07-10 15:24 UTC] HMAC Recived => 
amount1=1.485&amount2=6.86679&buyer_name=CoinPayments+API&currency1=USD&currency2=USDT.TRC20&email=customer%40example.com&fee=5.39694&invoice=ORDER_686fdb090d793&ipn_id=2ecb60ce618c32f652a89c2110fdfe8f&ipn_mode=hmac&ipn_type=api&ipn_version=1.0&item_name=%2B1+Month&merchant=e4e7cd20e63a730246557d3636e59ab8&received_amount=0&received_confirms=0&status=0&status_text=Waiting+for+buyer+funds...&txn_id=CPJG4MYKFTVTCYE9PQAGJCODJM
6323c47b7b8c26f539f68494de84092c8c37b3c8af6bf3dd51e4a414587bcd1dcf95d228a6967138d06d10eafedad607072ebf64330d2b6b9ef753710af5d56b
[2025-07-10 15:24 UTC] Payment not complete.
[2025-07-10 17:24 UTC] HMAC Recived => 
amount1=1.485&amount2=6.86679&buyer_name=CoinPayments+API&currency1=USD&currency2=USDT.TRC20&email=customer%40example.com&fee=5.39694&invoice=ORDER_686fdb090d793&ipn_id=ed3e9a83defda33d5049a7b47b46833f&ipn_mode=hmac&ipn_type=api&ipn_version=1.0&item_name=%2B1+Month&merchant=e4e7cd20e63a730246557d3636e59ab8&received_amount=0&received_confirms=0&status=-1&status_text=Cancelled+%2F+Timed+Out&txn_id=CPJG4MYKFTVTCYE9PQAGJCODJM
7d598f75247b1a91c9bdd2542fcaa6c03dcdf187c5f6a01443c88dd8371dec6d4b7f4eccd1abb08a8a900499d50acbf7a9913fd8aa6cd8a04fdc1f18c7b4889f
[2025-07-10 17:24 UTC] Payment not complete.
[2025-07-16 04:53 UTC] HMAC Sent => 
amount=9.9&buyer_email=customer%40example.com&cancel_url=https%3A%2F%2Fmou.elbatal-app.com%2Fusers%2Fcrypto%2Fcancel.php&cmd=create_transaction&currency1=USD&currency2=USDT.TRC20&invoice=ORDER_6877305a9c0d4&ipn_url=https%3A%2F%2Fmou.elbatal-app.com%2Fusers%2Fcrypto%2Fipn.php&item_name=%2B1+Year&key=67390e8e994c2845f1a6b4583ac496687564127cc3e7cdc93be22dfbc3a0ef79&success_url=https%3A%2F%2Fmou.elbatal-app.com%2Fusers%2Fcrypto%2Fsuccess.php&version=1
c49d37bfde7b0f22477b7dedfb5cd2c379bc7384e38ec2922567f140a1c48bed53a0fb8549f93af2100c4349a51358230edd2b93741a7183a277a965490049f3
[2025-07-16 04:53 UTC] HMAC Recived => 
amount1=9.9&amount2=15.09351&buyer_name=CoinPayments+API&currency1=USD&currency2=USDT.TRC20&email=customer%40example.com&fee=5.28936&invoice=ORDER_6877305a9c0d4&ipn_id=a53529168a0e743889a63accd5f66051&ipn_mode=hmac&ipn_type=api&ipn_version=1.0&item_name=%2B1+Year&merchant=e4e7cd20e63a730246557d3636e59ab8&received_amount=0&received_confirms=0&status=0&status_text=Waiting+for+buyer+funds...&txn_id=CPJG6FMEAKHKIO3JNEEPBS8I6Y
b6f9711b985c73d869fdf1c2c54df481cfe218640aa0b39bd1ff4a8068ef3d60e43f6cb9659ee9052a299c5cdc95830cb69a96584ae848205eb0b872aad262c4
[2025-07-16 04:53 UTC] Payment not complete.
[2025-07-16 04:54 UTC] HMAC Recived => 
amount1=9.9&amount2=15.09351&buyer_name=CoinPayments+API&currency1=USD&currency2=USDT.TRC20&email=customer%40example.com&fee=5.28936&invoice=ORDER_6877305a9c0d4&ipn_id=592aba037bba6c718659247c3687596b&ipn_mode=hmac&ipn_type=api&ipn_version=1.0&item_name=%2B1+Year&merchant=e4e7cd20e63a730246557d3636e59ab8&received_amount=0&received_confirms=0&status=0&status_text=Waiting+for+buyer+funds...&txn_id=CPJG6FMEAKHKIO3JNEEPBS8I6Y
2ebf5aea07068649edc2eacf7d438f67d0ad727d039dbe9bb4dcbb8031bd07e4cff22ef721f302391388992b3d118c6e3ee4287dad5eeb2a3346a3ad7fdc7aa7
[2025-07-16 04:54 UTC] Payment not complete.
[2025-07-16 06:55 UTC] HMAC Recived => 
amount1=9.9&amount2=15.09351&buyer_name=CoinPayments+API&currency1=USD&currency2=USDT.TRC20&email=customer%40example.com&fee=5.28936&invoice=ORDER_6877305a9c0d4&ipn_id=cc3f2eeb57daab509789f399fc85d875&ipn_mode=hmac&ipn_type=api&ipn_version=1.0&item_name=%2B1+Year&merchant=e4e7cd20e63a730246557d3636e59ab8&received_amount=0&received_confirms=0&status=-1&status_text=Cancelled+%2F+Timed+Out&txn_id=CPJG6FMEAKHKIO3JNEEPBS8I6Y
ee79eec4b8d9c82107fdb27a6e5eecde8517cc9a86db7037e9986d3fa77313f66d1ff256a001e63e4299088cab73f01f51f15b0f8f2893ca796b20830eeb1bea
[2025-07-16 06:55 UTC] Payment not complete.
[2025-07-18 08:09 UTC] HMAC Sent => 
amount=1.485&buyer_email=customer%40example.com&cancel_url=https%3A%2F%2Fmou.elbatal-app.com%2Fusers%2Fcrypto%2Fcancel.php&cmd=create_transaction&currency1=USD&currency2=USDT.TRC20&invoice=ORDER_687a01330e1cb&ipn_url=https%3A%2F%2Fmou.elbatal-app.com%2Fusers%2Fcrypto%2Fipn.php&item_name=%2B1+Month&key=67390e8e994c2845f1a6b4583ac496687564127cc3e7cdc93be22dfbc3a0ef79&success_url=https%3A%2F%2Fmou.elbatal-app.com%2Fusers%2Fcrypto%2Fsuccess.php&version=1
740ad5f0e271b33646bbcbfa35f7fbb1a928a77ddfba3eb42f282c52d0b4725780011feef78214fd8a7bb8dfa5fd156a9e3ff71c8f69b23fd7ed40d298bbbdf6
[2025-07-18 08:09 UTC] HMAC Recived => 
amount1=1.485&amount2=7.54567&buyer_name=CoinPayments+API&currency1=USD&currency2=USDT.TRC20&email=customer%40example.com&fee=6.07758&invoice=ORDER_687a01330e1cb&ipn_id=d932ea97707ecccb0ccd1c6c065caf74&ipn_mode=hmac&ipn_type=api&ipn_version=1.0&item_name=%2B1+Month&merchant=e4e7cd20e63a730246557d3636e59ab8&received_amount=0&received_confirms=0&status=0&status_text=Waiting+for+buyer+funds...&txn_id=CPJG128MVSLUWWULKL232NTGNT
d969895fdd5176ece385d16e3e51fc8dc04754d79bf53dff22a9b0e5dfbb05d5dc8255e38aa2ab65202268dcd8b144b672d0143148fb9af8aee8c9c707115c4b
[2025-07-18 08:09 UTC] Payment not complete.
[2025-07-18 08:09 UTC] HMAC Recived => 
amount1=1.485&amount2=7.54567&buyer_name=CoinPayments+API&currency1=USD&currency2=USDT.TRC20&email=customer%40example.com&fee=6.07758&invoice=ORDER_687a01330e1cb&ipn_id=7a2126fa9ac32b7818d43835c2a3eb96&ipn_mode=hmac&ipn_type=api&ipn_version=1.0&item_name=%2B1+Month&merchant=e4e7cd20e63a730246557d3636e59ab8&received_amount=0&received_confirms=0&status=0&status_text=Waiting+for+buyer+funds...&txn_id=CPJG128MVSLUWWULKL232NTGNT
5aee6b78c0ea2c001ca2b6c88b94256af40cefd6f0870f4c4c254a33598f07671c907e1a59c4ee100c2d4ccc2df99af8f533852cc1e452d01d0118f39a639d0a
[2025-07-18 08:09 UTC] Payment not complete.
[2025-07-18 10:10 UTC] HMAC Recived => 
amount1=1.485&amount2=7.54567&buyer_name=CoinPayments+API&currency1=USD&currency2=USDT.TRC20&email=customer%40example.com&fee=6.07758&invoice=ORDER_687a01330e1cb&ipn_id=8accfa158c7cc0237afb7681e7b50910&ipn_mode=hmac&ipn_type=api&ipn_version=1.0&item_name=%2B1+Month&merchant=e4e7cd20e63a730246557d3636e59ab8&received_amount=0&received_confirms=0&status=-1&status_text=Cancelled+%2F+Timed+Out&txn_id=CPJG128MVSLUWWULKL232NTGNT
551121c5d56b7dd9df7d8c3120668387bc28e9e765401bde0d22c97dbdd144bcc199e0afd8769eddabb36874120799cb5d3dfe015dc22a35262f54528006a623
[2025-07-18 10:10 UTC] Payment not complete.
[2025-07-20 12:56 UTC] HMAC Sent => 
amount=3.96&buyer_email=customer%40example.com&cancel_url=https%3A%2F%2Fmou.elbatal-app.com%2Fusers%2Fcrypto%2Fcancel.php&cmd=create_transaction&currency1=USD&currency2=USDT.TRC20&invoice=ORDER_687ce77143731&ipn_url=https%3A%2F%2Fmou.elbatal-app.com%2Fusers%2Fcrypto%2Fipn.php&item_name=%2B3+Months&key=67390e8e994c2845f1a6b4583ac496687564127cc3e7cdc93be22dfbc3a0ef79&success_url=https%3A%2F%2Fmou.elbatal-app.com%2Fusers%2Fcrypto%2Fsuccess.php&version=1
03a098a9a9d34561a7c07ba7350bd43f00d2867abb53fe484370c36efe08bd370da092aa6ab1aa24100aa28e279da705b025a6ba7dfe859c6a3dbb42bd8e5fd8
[2025-07-20 12:57 UTC] HMAC Recived => 
amount1=3.96&amount2=10.25016&buyer_name=CoinPayments+API&currency1=USD&currency2=USDT.TRC20&email=customer%40example.com&fee=6.33038&invoice=ORDER_687ce77143731&ipn_id=76240e5f15209fcbab42f0ec89f0367a&ipn_mode=hmac&ipn_type=api&ipn_version=1.0&item_name=%2B3+Months&merchant=e4e7cd20e63a730246557d3636e59ab8&received_amount=0&received_confirms=0&status=0&status_text=Waiting+for+buyer+funds...&txn_id=CPJG6M1T8DVOJHNXZ8NZSSRBJ4
b661ef0d19b4699ef1fde899af87a0abcf9ca22321f3f8e0e4c194dc93b41a69d8564b285268efd4163855360bcb61182632397c4559408ffe0330afb905f6db
[2025-07-20 12:57 UTC] Payment not complete.
[2025-07-20 14:57 UTC] HMAC Recived => 
amount1=3.96&amount2=10.25016&buyer_name=CoinPayments+API&currency1=USD&currency2=USDT.TRC20&email=customer%40example.com&fee=6.33038&invoice=ORDER_687ce77143731&ipn_id=cda239a41a609638fb1de6a2d7b06a1e&ipn_mode=hmac&ipn_type=api&ipn_version=1.0&item_name=%2B3+Months&merchant=e4e7cd20e63a730246557d3636e59ab8&received_amount=0&received_confirms=0&status=-1&status_text=Cancelled+%2F+Timed+Out&txn_id=CPJG6M1T8DVOJHNXZ8NZSSRBJ4
94ff5ac199b7ff44edd166cd896e0492678740fc53dbe6f0de3fcdc3b9fe2e5fbcf87df1068ebb891c27fdc0164df1f561094859c94938f13348562f084f5f18
[2025-07-20 14:57 UTC] Payment not complete.
[2025-07-21 11:16 UTC] HMAC Sent => 
amount=9.9&buyer_email=customer%40example.com&cancel_url=https%3A%2F%2Fmou.elbatal-app.com%2Fusers%2Fcrypto%2Fcancel.php&cmd=create_transaction&currency1=USD&currency2=USDT.TRC20&invoice=ORDER_687e21840160c&ipn_url=https%3A%2F%2Fmou.elbatal-app.com%2Fusers%2Fcrypto%2Fipn.php&item_name=%2B1+Year&key=67390e8e994c2845f1a6b4583ac496687564127cc3e7cdc93be22dfbc3a0ef79&success_url=https%3A%2F%2Fmou.elbatal-app.com%2Fusers%2Fcrypto%2Fsuccess.php&version=1
b0c51c4c10a33c076883aa1aa4a9c32a69538edf542b1fc40f45103269ec5c00719fcd3a9ca70b3865e3b371b11e37116f15927c951849ddd31837f1d06b127c
[2025-07-21 11:16 UTC] HMAC Recived => 
amount1=9.9&amount2=15.7773&buyer_name=CoinPayments+API&currency1=USD&currency2=USDT.TRC20&email=customer%40example.com&fee=5.97989&invoice=ORDER_687e21840160c&ipn_id=4eb7ea0a4613d35e3b8e7113dbc9acda&ipn_mode=hmac&ipn_type=api&ipn_version=1.0&item_name=%2B1+Year&merchant=e4e7cd20e63a730246557d3636e59ab8&received_amount=0&received_confirms=0&status=0&status_text=Waiting+for+buyer+funds...&txn_id=CPJG6NI9ZVPU3ZKXEJII9MBNTW
82cfd984af5f5e66674b66c26674352e3b69814a42ed51715cf0f939ace04fad064349ed5168072fe3b2437e5dc56b893df9923a6c045d2ddbcbb66be86ac347
[2025-07-21 11:16 UTC] Payment not complete.
[2025-07-21 13:17 UTC] HMAC Recived => 
amount1=9.9&amount2=15.7773&buyer_name=CoinPayments+API&currency1=USD&currency2=USDT.TRC20&email=customer%40example.com&fee=5.97989&invoice=ORDER_687e21840160c&ipn_id=d6ed3637349fdea286bd0387354e7709&ipn_mode=hmac&ipn_type=api&ipn_version=1.0&item_name=%2B1+Year&merchant=e4e7cd20e63a730246557d3636e59ab8&received_amount=0&received_confirms=0&status=-1&status_text=Cancelled+%2F+Timed+Out&txn_id=CPJG6NI9ZVPU3ZKXEJII9MBNTW
0d79c06e0b8e144055785606b43948e2c993dadfb0e6492aadaf060b8989ad940d35186821ea10cbaea4188fb0439951bd711debfb5a1a21cf9968818afee0e3
[2025-07-21 13:17 UTC] Payment not complete.
[2025-07-21 20:15 UTC] HMAC Sent => 
amount=1.485&buyer_email=customer%40example.com&cancel_url=https%3A%2F%2Fmou.elbatal-app.com%2Fusers%2Fcrypto%2Fcancel.php&cmd=create_transaction&currency1=USD&currency2=USDT.TRC20&invoice=ORDER_687e9ff386e90&ipn_url=https%3A%2F%2Fmou.elbatal-app.com%2Fusers%2Fcrypto%2Fipn.php&item_name=%2B1+Month&key=67390e8e994c2845f1a6b4583ac496687564127cc3e7cdc93be22dfbc3a0ef79&success_url=https%3A%2F%2Fmou.elbatal-app.com%2Fusers%2Fcrypto%2Fsuccess.php&version=1
fbff7a384d985b2923d8db322335484484d28afba4462e21f1d82c6b12becb3dddcc5b5153f95b3e98650aee2fccde6ee2a05585fc6cb853e98b12a7706e2fa8
[2025-07-21 20:15 UTC] HMAC Recived => 
amount1=1.485&amount2=7.49946&buyer_name=CoinPayments+API&currency1=USD&currency2=USDT.TRC20&email=customer%40example.com&fee=6.03042&invoice=ORDER_687e9ff386e90&ipn_id=c035baf3b4549138e8956b3a70b2ee19&ipn_mode=hmac&ipn_type=api&ipn_version=1.0&item_name=%2B1+Month&merchant=e4e7cd20e63a730246557d3636e59ab8&received_amount=0&received_confirms=0&status=0&status_text=Waiting+for+buyer+funds...&txn_id=CPJG4RNZHPNNYYSFDAXSP9BTSY
42abf9294a0e5d8bb7c39724febf0b6bca8d51f168955a056758850b54828af28a8d17d3cec89948a8d7d9e3522108fc711efd5b675930cbddb99b2f79c0bc97
[2025-07-21 20:15 UTC] Payment not complete.
[2025-07-21 20:16 UTC] HMAC Recived => 
amount1=1.485&amount2=7.49946&buyer_name=CoinPayments+API&currency1=USD&currency2=USDT.TRC20&email=customer%40example.com&fee=6.03042&invoice=ORDER_687e9ff386e90&ipn_id=61ff13eadb3b0cadad4a422cbd376af4&ipn_mode=hmac&ipn_type=api&ipn_version=1.0&item_name=%2B1+Month&merchant=e4e7cd20e63a730246557d3636e59ab8&received_amount=0&received_confirms=0&status=0&status_text=Waiting+for+buyer+funds...&txn_id=CPJG4RNZHPNNYYSFDAXSP9BTSY
4f236e08ef7de397e65aeb01b0629b2c37d95711ef1b0e71b7580b8f056acee02f0eabe08bbddef0d0a8014a56b8ea00ac08c2fe673a7caf0982be4cb07881ba
[2025-07-21 20:16 UTC] Payment not complete.
[2025-07-21 22:16 UTC] HMAC Recived => 
amount1=1.485&amount2=7.49946&buyer_name=CoinPayments+API&currency1=USD&currency2=USDT.TRC20&email=customer%40example.com&fee=6.03042&invoice=ORDER_687e9ff386e90&ipn_id=3d2edffc320204812a96f2f48a45a68a&ipn_mode=hmac&ipn_type=api&ipn_version=1.0&item_name=%2B1+Month&merchant=e4e7cd20e63a730246557d3636e59ab8&received_amount=0&received_confirms=0&status=-1&status_text=Cancelled+%2F+Timed+Out&txn_id=CPJG4RNZHPNNYYSFDAXSP9BTSY
16d92a439943e79eda2d70298237511e05ce42df5a74dea11f71bb2e9c05160bf28d2d7df7863eb5ba2112bb7809c26cf0d329f54864c631b32f21a7b18297f5
[2025-07-21 22:16 UTC] Payment not complete.
[2025-08-03 20:48 UTC] HMAC Sent => 
amount=9.9&buyer_email=customer%40example.com&cancel_url=https%3A%2F%2Fmou.elbatal-app.com%2Fusers%2Fcrypto%2Fcancel.php&cmd=create_transaction&currency1=USD&currency2=USDT.TRC20&invoice=ORDER_688fcb04d2fec&ipn_url=https%3A%2F%2Fmou.elbatal-app.com%2Fusers%2Fcrypto%2Fipn.php&item_name=%2B1+Year&key=67390e8e994c2845f1a6b4583ac496687564127cc3e7cdc93be22dfbc3a0ef79&success_url=https%3A%2F%2Fmou.elbatal-app.com%2Fusers%2Fcrypto%2Fsuccess.php&version=1
1acf82a79e8491e87f137384adc9a33e4559d97815ac63ec6ea8239200002bf526f10a47874d2c762f08f13593c07da14f7ca80c2e2e098d704943d826335126
[2025-08-03 20:48 UTC] HMAC Recived => 
amount1=9.9&amount2=16.73605&buyer_name=CoinPayments+API&currency1=USD&currency2=USDT.TRC20&email=customer%40example.com&fee=6.93811&invoice=ORDER_688fcb04d2fec&ipn_id=bfd5d775c24111ee38b1a8fd60353e89&ipn_mode=hmac&ipn_type=api&ipn_version=1.0&item_name=%2B1+Year&merchant=e4e7cd20e63a730246557d3636e59ab8&received_amount=0&received_confirms=0&status=0&status_text=Waiting+for+buyer+funds...&txn_id=CPJH0RMNPT0CRMOIY1ZHOUL2Q8
b98581a6ad05594cd692bb7d46e72eaefed123ed22b59b9ea72d25578ea9d7d6183025e9ec55621505af794ebc8127c78bf411d8b3bda940ba954773fcd3ab31
[2025-08-03 20:48 UTC] Payment not complete.
[2025-08-03 20:48 UTC] HMAC Recived => 
amount1=9.9&amount2=16.73605&buyer_name=CoinPayments+API&currency1=USD&currency2=USDT.TRC20&email=customer%40example.com&fee=6.93811&invoice=ORDER_688fcb04d2fec&ipn_id=689101f0319f580a50f53dda4c377b89&ipn_mode=hmac&ipn_type=api&ipn_version=1.0&item_name=%2B1+Year&merchant=e4e7cd20e63a730246557d3636e59ab8&received_amount=0&received_confirms=0&status=0&status_text=Waiting+for+buyer+funds...&txn_id=CPJH0RMNPT0CRMOIY1ZHOUL2Q8
01cb3da5443a230733f1dba1275d8d3401051f7eda098ea505d2dd1b43d6bb5f104f4fe38aa3adf63e24133f0a988746fcd3fedaf90f4b2332323bc35721a48b
[2025-08-03 20:48 UTC] Payment not complete.
[2025-08-03 22:49 UTC] HMAC Recived => 
amount1=9.9&amount2=16.73605&buyer_name=CoinPayments+API&currency1=USD&currency2=USDT.TRC20&email=customer%40example.com&fee=6.93811&invoice=ORDER_688fcb04d2fec&ipn_id=f4628c7e0b2657073cdadb3d0c25dcbe&ipn_mode=hmac&ipn_type=api&ipn_version=1.0&item_name=%2B1+Year&merchant=e4e7cd20e63a730246557d3636e59ab8&received_amount=0&received_confirms=0&status=-1&status_text=Cancelled+%2F+Timed+Out&txn_id=CPJH0RMNPT0CRMOIY1ZHOUL2Q8
5e94a97472fa81ec1972744d05764a6d185c7acbe3ba902eeab90161ed71a0cc7ae1f25c04062fe2351100322d2c636dfee2452c5ab909109f2031d65ef10ea8
[2025-08-03 22:49 UTC] Payment not complete.
[2025-08-07 07:38 UTC] HMAC Sent => 
amount=3.96&buyer_email=customer%40example.com&cancel_url=https%3A%2F%2Fmou.elbatal-app.com%2Fusers%2Fcrypto%2Fcancel.php&cmd=create_transaction&currency1=USD&currency2=USDT.TRC20&invoice=ORDER_6894580395319&ipn_url=https%3A%2F%2Fmou.elbatal-app.com%2Fusers%2Fcrypto%2Fipn.php&item_name=%2B3+Months&key=67390e8e994c2845f1a6b4583ac496687564127cc3e7cdc93be22dfbc3a0ef79&success_url=https%3A%2F%2Fmou.elbatal-app.com%2Fusers%2Fcrypto%2Fsuccess.php&version=1
c3502c2f05d39a9fb9a213f30291f066adec4895b3db71bea2e6af6ec7a00563e0ff1517ad1da9c2b22a08d71f4b20bc4bf74ad788d09c63c26498d37fa5e899
[2025-08-07 07:38 UTC] HMAC Recived => 
amount1=3.96&amount2=10.25648&buyer_name=CoinPayments+API&currency1=USD&currency2=USDT.TRC20&email=customer%40example.com&fee=6.33674&invoice=ORDER_6894580395319&ipn_id=009c5ab904fa20587b5c5e0365fb2562&ipn_mode=hmac&ipn_type=api&ipn_version=1.0&item_name=%2B3+Months&merchant=e4e7cd20e63a730246557d3636e59ab8&received_amount=0&received_confirms=0&status=0&status_text=Waiting+for+buyer+funds...&txn_id=CPJH2ILNPFVLAC70NYEO1QUBWF
8a09638d2570fc56ad0071286488957f6f9f70799a4362aa3125967d41983e1c44e42267a5135138077b5cf66836bc3b9caeb61e55545e9b0f14d41828acacce
[2025-08-07 07:38 UTC] Payment not complete.
[2025-08-07 07:39 UTC] HMAC Recived => 
amount1=3.96&amount2=10.25648&buyer_name=CoinPayments+API&currency1=USD&currency2=USDT.TRC20&email=customer%40example.com&fee=6.33674&invoice=ORDER_6894580395319&ipn_id=0a784d709679b9e39fdaecb5b73821ac&ipn_mode=hmac&ipn_type=api&ipn_version=1.0&item_name=%2B3+Months&merchant=e4e7cd20e63a730246557d3636e59ab8&received_amount=0&received_confirms=0&status=0&status_text=Waiting+for+buyer+funds...&txn_id=CPJH2ILNPFVLAC70NYEO1QUBWF
237b2e4ff2e0f9e0e8f8225d8450d524040fb43507af7344888b32456c2ab208b09b08c1a9f234f0a0ad5360208e20cb9f262d0f46db94e0e39e6ede98ddaf79
[2025-08-07 07:39 UTC] Payment not complete.
[2025-08-07 09:39 UTC] HMAC Recived => 
amount1=3.96&amount2=10.25648&buyer_name=CoinPayments+API&currency1=USD&currency2=USDT.TRC20&email=customer%40example.com&fee=6.33674&invoice=ORDER_6894580395319&ipn_id=87d357e9380a913341e997805bffba1c&ipn_mode=hmac&ipn_type=api&ipn_version=1.0&item_name=%2B3+Months&merchant=e4e7cd20e63a730246557d3636e59ab8&received_amount=0&received_confirms=0&status=-1&status_text=Cancelled+%2F+Timed+Out&txn_id=CPJH2ILNPFVLAC70NYEO1QUBWF
28299cda6bc4aa4434b7289fa7f2f140f94fa20b55884e18e0ab551a76885851367fd36dcb5374ee8c96f2878c19dba0f4e0b1bcb311847b32c0bfbd796da417
[2025-08-07 09:39 UTC] Payment not complete.
[2025-08-07 14:47 UTC] HMAC Sent => 
amount=1.485&buyer_email=customer%40example.com&cancel_url=https%3A%2F%2Fmou.elbatal-app.com%2Fusers%2Fcrypto%2Fcancel.php&cmd=create_transaction&currency1=USD&currency2=USDT.TRC20&invoice=ORDER_6894bc76759da&ipn_url=https%3A%2F%2Fmou.elbatal-app.com%2Fusers%2Fcrypto%2Fipn.php&item_name=%2B1+Month&key=67390e8e994c2845f1a6b4583ac496687564127cc3e7cdc93be22dfbc3a0ef79&success_url=https%3A%2F%2Fmou.elbatal-app.com%2Fusers%2Fcrypto%2Fsuccess.php&version=1
9eadad5f0f0ac0a2ff2e2a904090ba3c8f68585e609f3a4af0388077853bd5b072d886ced18a867dee86052834bcd636863257208a8c3759d420b787c3d88c78
[2025-08-07 14:47 UTC] HMAC Recived => 
amount1=1.485&amount2=7.62588&buyer_name=CoinPayments+API&currency1=USD&currency2=USDT.TRC20&email=customer%40example.com&fee=6.15512&invoice=ORDER_6894bc76759da&ipn_id=f29b0636e71c771070e53f0eaecc2940&ipn_mode=hmac&ipn_type=api&ipn_version=1.0&item_name=%2B1+Month&merchant=e4e7cd20e63a730246557d3636e59ab8&received_amount=0&received_confirms=0&status=0&status_text=Waiting+for+buyer+funds...&txn_id=CPJH6SIXHR9TZGOZFG5XZNNTOM
a4e72656d6ce2678c691ca8f9825b2691ff7e33564b4cef5f53e34eb395c1c8a716a73880e950f8143528babce5d8d45bf48942448e9fe7950ecbf823a008ce7
[2025-08-07 14:47 UTC] Payment not complete.
[2025-08-07 14:47 UTC] HMAC Recived => 
amount1=1.485&amount2=7.62588&buyer_name=CoinPayments+API&currency1=USD&currency2=USDT.TRC20&email=customer%40example.com&fee=6.15512&invoice=ORDER_6894bc76759da&ipn_id=3ab7e5cd4b72da17196516ac57c5aa8b&ipn_mode=hmac&ipn_type=api&ipn_version=1.0&item_name=%2B1+Month&merchant=e4e7cd20e63a730246557d3636e59ab8&received_amount=0&received_confirms=0&status=0&status_text=Waiting+for+buyer+funds...&txn_id=CPJH6SIXHR9TZGOZFG5XZNNTOM
15cca10a4ab5b85399ffa6f89b4e9bb32abc04cf1477d7f08fdf6fcd52c3d32ad928ff879bb4f022b923a40703b373cb453010cfa238b54822089d8833a26443
[2025-08-07 14:47 UTC] Payment not complete.
[2025-08-07 16:48 UTC] HMAC Recived => 
amount1=1.485&amount2=7.62588&buyer_name=CoinPayments+API&currency1=USD&currency2=USDT.TRC20&email=customer%40example.com&fee=6.15512&invoice=ORDER_6894bc76759da&ipn_id=6a858cbb3e953df28e7ec75f57033562&ipn_mode=hmac&ipn_type=api&ipn_version=1.0&item_name=%2B1+Month&merchant=e4e7cd20e63a730246557d3636e59ab8&received_amount=0&received_confirms=0&status=-1&status_text=Cancelled+%2F+Timed+Out&txn_id=CPJH6SIXHR9TZGOZFG5XZNNTOM
a4a70c5a4c6de9787439b117a98bfe18368209105a1cdb2789188c0b22bcbf4dd5ed4a453cf49e5915b6adadca0dfb1267aa041123d7952791d9a83c7db58970
[2025-08-07 16:48 UTC] Payment not complete.
[2025-08-08 09:29 UTC] HMAC Sent => 
amount=1.485&buyer_email=customer%40example.com&cancel_url=https%3A%2F%2Fmou.elbatal-app.com%2Fusers%2Fcrypto%2Fcancel.php&cmd=create_transaction&currency1=USD&currency2=USDT.TRC20&invoice=ORDER_6895c390da242&ipn_url=https%3A%2F%2Fmou.elbatal-app.com%2Fusers%2Fcrypto%2Fipn.php&item_name=%2B1+Month&key=67390e8e994c2845f1a6b4583ac496687564127cc3e7cdc93be22dfbc3a0ef79&success_url=https%3A%2F%2Fmou.elbatal-app.com%2Fusers%2Fcrypto%2Fsuccess.php&version=1
1a7b37911da69b8a9002de294a807205c32482802b0a94196c62d475cb87f992401100fee45fd2fa816ef903797d0f2e73f7bede8c73ba171540a0f994790c2c
[2025-08-08 09:30 UTC] HMAC Recived => 
amount1=1.485&amount2=8.2775&buyer_name=CoinPayments+API&currency1=USD&currency2=USDT.TRC20&email=customer%40example.com&fee=6.80726&invoice=ORDER_6895c390da242&ipn_id=d4e95b4894381dc10c1cb676ca588802&ipn_mode=hmac&ipn_type=api&ipn_version=1.0&item_name=%2B1+Month&merchant=e4e7cd20e63a730246557d3636e59ab8&received_amount=0&received_confirms=0&status=0&status_text=Waiting+for+buyer+funds...&txn_id=CPJH5RT3NXYB6W8CN6ERXFTU3A
7a56057e45c3d73ca719464c4eeabba7c786c73bcae1fe81f155626ddfe9a76cdf6f427c316cc6c35c4a3202e653ede5e855034447e2b9e36da088640837160d
[2025-08-08 09:30 UTC] Payment not complete.
[2025-08-08 11:31 UTC] HMAC Recived => 
amount1=1.485&amount2=8.2775&buyer_name=CoinPayments+API&currency1=USD&currency2=USDT.TRC20&email=customer%40example.com&fee=6.80726&invoice=ORDER_6895c390da242&ipn_id=ff4147b3b536c139c1bed0e41e130158&ipn_mode=hmac&ipn_type=api&ipn_version=1.0&item_name=%2B1+Month&merchant=e4e7cd20e63a730246557d3636e59ab8&received_amount=0&received_confirms=0&status=-1&status_text=Cancelled+%2F+Timed+Out&txn_id=CPJH5RT3NXYB6W8CN6ERXFTU3A
30b780c8c9ac32d7b84791816a33cda63b782383a8ef6ec3151ad5abc99896f0b878ff1cae321843fdea90426ed29097c7dbf318f6f1dfedbe9ba1675af14828
[2025-08-08 11:31 UTC] Payment not complete.
[2025-08-08 18:48 UTC] HMAC Sent => 
amount=1.485&buyer_email=customer%40example.com&cancel_url=https%3A%2F%2Fmou.elbatal-app.com%2Fusers%2Fcrypto%2Fcancel.php&cmd=create_transaction&currency1=USD&currency2=USDT.TRC20&invoice=ORDER_6896466df02ad&ipn_url=https%3A%2F%2Fmou.elbatal-app.com%2Fusers%2Fcrypto%2Fipn.php&item_name=%2B1+Month&key=67390e8e994c2845f1a6b4583ac496687564127cc3e7cdc93be22dfbc3a0ef79&success_url=https%3A%2F%2Fmou.elbatal-app.com%2Fusers%2Fcrypto%2Fsuccess.php&version=1
5bff768933a676e097ec7447d8e6d9897c14059967f92c8632078d8afa756355255e92a2c6bfa61423f5c4958dec88e4e922b2cfbfe86bd258e2ed5b2b966c4e
[2025-08-08 18:48 UTC] HMAC Recived => 
amount1=1.485&amount2=8.33095&buyer_name=CoinPayments+API&currency1=USD&currency2=USDT.TRC20&email=customer%40example.com&fee=6.86072&invoice=ORDER_6896466df02ad&ipn_id=cfce6c0282c86f65b6f44c60c33737de&ipn_mode=hmac&ipn_type=api&ipn_version=1.0&item_name=%2B1+Month&merchant=e4e7cd20e63a730246557d3636e59ab8&received_amount=0&received_confirms=0&status=0&status_text=Waiting+for+buyer+funds...&txn_id=CPJH5E8YMDPQ3YKQ94WF8X5YUD
c28f8824f7d225e2a7e879979209c3259660fe68e9e09cdd6d37bb2c061d0ef5504785c89f6e1d81a16b679256c5703e87449c4d0841fd0d4d6556cbb47ba42d
[2025-08-08 18:48 UTC] Payment not complete.
[2025-08-08 18:48 UTC] HMAC Recived => 
amount1=1.485&amount2=8.33095&buyer_name=CoinPayments+API&currency1=USD&currency2=USDT.TRC20&email=customer%40example.com&fee=6.86072&invoice=ORDER_6896466df02ad&ipn_id=2a7acb030006c589d7ba2dc45fae1f08&ipn_mode=hmac&ipn_type=api&ipn_version=1.0&item_name=%2B1+Month&merchant=e4e7cd20e63a730246557d3636e59ab8&received_amount=0&received_confirms=0&status=0&status_text=Waiting+for+buyer+funds...&txn_id=CPJH5E8YMDPQ3YKQ94WF8X5YUD
d0f38755842e4328c03ff918f107b703e405e0cfd8f656a309f169931d44434cda1ef614bee0a0d94661987ce55f70cbed85995d2b3a3f28eae223888e53b29e
[2025-08-08 18:48 UTC] Payment not complete.
[2025-08-08 20:49 UTC] HMAC Recived => 
amount1=1.485&amount2=8.33095&buyer_name=CoinPayments+API&currency1=USD&currency2=USDT.TRC20&email=customer%40example.com&fee=6.86072&invoice=ORDER_6896466df02ad&ipn_id=0040da3eae88ffda02cbde6a3d212dbe&ipn_mode=hmac&ipn_type=api&ipn_version=1.0&item_name=%2B1+Month&merchant=e4e7cd20e63a730246557d3636e59ab8&received_amount=0&received_confirms=0&status=-1&status_text=Cancelled+%2F+Timed+Out&txn_id=CPJH5E8YMDPQ3YKQ94WF8X5YUD
764b06e442463fcdb5cbb8ffe32980894a07ee83996cb96e24e3b3ca54375a7e8019970d1a1723fbda866729efdb373233dafe39a0f62f287afed75a48e6d6ae
[2025-08-08 20:49 UTC] Payment not complete.
[2025-08-09 01:45 UTC] HMAC Sent => 
amount=9.9&buyer_email=customer%40example.com&cancel_url=https%3A%2F%2Fmou.elbatal-app.com%2Fusers%2Fcrypto%2Fcancel.php&cmd=create_transaction&currency1=USD&currency2=USDT.TRC20&invoice=ORDER_6896a822d4ea4&ipn_url=https%3A%2F%2Fmou.elbatal-app.com%2Fusers%2Fcrypto%2Fipn.php&item_name=%2B1+Year&key=67390e8e994c2845f1a6b4583ac496687564127cc3e7cdc93be22dfbc3a0ef79&success_url=https%3A%2F%2Fmou.elbatal-app.com%2Fusers%2Fcrypto%2Fsuccess.php&version=1
619f5b24e3967b52b1dd41298ef90463025f12e668c6d9f4460b4edbe22beb10ab2b67c0eed44ec06d9f3d92edbfb1c6e51e4e28f1e05f4cf8b297a9f48feabb
[2025-08-09 01:45 UTC] HMAC Recived => 
amount1=9.9&amount2=15.7783&buyer_name=CoinPayments+API&currency1=USD&currency2=USDT.TRC20&email=customer%40example.com&fee=5.9784&invoice=ORDER_6896a822d4ea4&ipn_id=cae1b0a5674d0c943e1cd33b90a24816&ipn_mode=hmac&ipn_type=api&ipn_version=1.0&item_name=%2B1+Year&merchant=e4e7cd20e63a730246557d3636e59ab8&received_amount=0&received_confirms=0&status=0&status_text=Waiting+for+buyer+funds...&txn_id=CPJH5J6BTAZONQ2U6DW54FXADS
1269b7a90194d03c9b1c63807dc04b69b1cd84d9cc034a8d98cddc9850607481bbc04b1233231148e56dff58740cbb3bed18121a18978e342214f40f3a980d00
[2025-08-09 01:45 UTC] Payment not complete.
[2025-08-09 01:45 UTC] HMAC Recived => 
amount1=9.9&amount2=15.7783&buyer_name=CoinPayments+API&currency1=USD&currency2=USDT.TRC20&email=customer%40example.com&fee=5.9784&invoice=ORDER_6896a822d4ea4&ipn_id=9f04a43d866496f5939c34a6b540bc1e&ipn_mode=hmac&ipn_type=api&ipn_version=1.0&item_name=%2B1+Year&merchant=e4e7cd20e63a730246557d3636e59ab8&received_amount=0&received_confirms=0&status=0&status_text=Waiting+for+buyer+funds...&txn_id=CPJH5J6BTAZONQ2U6DW54FXADS
5c93508fd46c6fd642363e820964e3cbaa21e0dd50292dc2eabc3b6e139ad878336547d006cfd2380a6a8b3738bf0c5b6630071a3e9781d282b905885ea37f20
[2025-08-09 01:45 UTC] Payment not complete.
[2025-08-09 03:46 UTC] HMAC Recived => 
amount1=9.9&amount2=15.7783&buyer_name=CoinPayments+API&currency1=USD&currency2=USDT.TRC20&email=customer%40example.com&fee=5.9784&invoice=ORDER_6896a822d4ea4&ipn_id=17a7d91fcdd1cfa156bf9793e391cbf4&ipn_mode=hmac&ipn_type=api&ipn_version=1.0&item_name=%2B1+Year&merchant=e4e7cd20e63a730246557d3636e59ab8&received_amount=0&received_confirms=0&status=-1&status_text=Cancelled+%2F+Timed+Out&txn_id=CPJH5J6BTAZONQ2U6DW54FXADS
15cd212be0cfd19a9750fdb3c9bd2a2e0cbbfefd7465e6d9025211a30dcd78a7e4b5623f0ebc4064530f7f7fccc4a7a8f637caca1e37376d3838c480e5a184b6
[2025-08-09 03:46 UTC] Payment not complete.
[2025-08-12 01:46 UTC] HMAC Sent => 
amount=9.9&buyer_email=customer%40example.com&cancel_url=https%3A%2F%2Fmou.elbatal-app.com%2Fusers%2Fcrypto%2Fcancel.php&cmd=create_transaction&currency1=USD&currency2=USDT.TRC20&invoice=ORDER_689a9cfa611c4&ipn_url=https%3A%2F%2Fmou.elbatal-app.com%2Fusers%2Fcrypto%2Fipn.php&item_name=%2B1+Year&key=67390e8e994c2845f1a6b4583ac496687564127cc3e7cdc93be22dfbc3a0ef79&success_url=https%3A%2F%2Fmou.elbatal-app.com%2Fusers%2Fcrypto%2Fsuccess.php&version=1
174ca10dd83aacb26db08a73885088b9c3015bbc4409d2eb6972b6c74db26938b6ac3ea6ee9480c7c46b835bd8cb0dd61a80581a2484095d6dea557c3d13f48f
[2025-08-12 01:46 UTC] HMAC Recived => 
amount1=9.9&amount2=16.29426&buyer_name=CoinPayments+API&currency1=USD&currency2=USDT.TRC20&email=customer%40example.com&fee=6.49514&invoice=ORDER_689a9cfa611c4&ipn_id=f67d5be52412eaec058aad91a83679d5&ipn_mode=hmac&ipn_type=api&ipn_version=1.0&item_name=%2B1+Year&merchant=e4e7cd20e63a730246557d3636e59ab8&received_amount=0&received_confirms=0&status=0&status_text=Waiting+for+buyer+funds...&txn_id=CPJH0KQIGMH6PUC7XPLAYFEDY7
09de443e4ab342dde51dd19d2ddc02bd891db6d6601d1937fc21efb84524c8cfc93f286fb0a7f228bb307679e695a0edb394aa81ee6a521b76c2d90f7fcc61f6
[2025-08-12 01:46 UTC] Payment not complete.
[2025-08-12 01:47 UTC] HMAC Recived => 
amount1=9.9&amount2=16.29426&buyer_name=CoinPayments+API&currency1=USD&currency2=USDT.TRC20&email=customer%40example.com&fee=6.49514&invoice=ORDER_689a9cfa611c4&ipn_id=ee53d70a69ec45c09aab7bed786b2c72&ipn_mode=hmac&ipn_type=api&ipn_version=1.0&item_name=%2B1+Year&merchant=e4e7cd20e63a730246557d3636e59ab8&received_amount=0&received_confirms=0&status=0&status_text=Waiting+for+buyer+funds...&txn_id=CPJH0KQIGMH6PUC7XPLAYFEDY7
35129f21f9e75b27523e9eedda6f0c66fab184c3f95bf913ec51c4ab550f0e2495cee016463a00ecd98cbc903026ee69fa91d58d9c263e1427550d15f8c37454
[2025-08-12 01:47 UTC] Payment not complete.
[2025-08-12 03:48 UTC] HMAC Recived => 
amount1=9.9&amount2=16.29426&buyer_name=CoinPayments+API&currency1=USD&currency2=USDT.TRC20&email=customer%40example.com&fee=6.49514&invoice=ORDER_689a9cfa611c4&ipn_id=43d662f8c0d63ac7a8e923ecc57a1984&ipn_mode=hmac&ipn_type=api&ipn_version=1.0&item_name=%2B1+Year&merchant=e4e7cd20e63a730246557d3636e59ab8&received_amount=0&received_confirms=0&status=-1&status_text=Cancelled+%2F+Timed+Out&txn_id=CPJH0KQIGMH6PUC7XPLAYFEDY7
1ba23f447858eca1e7dc92598b9f561fdd5e266420b4b5ec0e18ed317051202ddcd108fb724540804e6570fe17f9499fd4793f455f8534131d1fb0b004d9239b
[2025-08-12 03:48 UTC] Payment not complete.
[2025-08-16 21:23 UTC] HMAC Sent => 
amount=1.485&buyer_email=customer%40example.com&cancel_url=https%3A%2F%2Fmou.elbatal-app.com%2Fusers%2Fcrypto%2Fcancel.php&cmd=create_transaction&currency1=USD&currency2=USDT.TRC20&invoice=ORDER_68a0f6ef2b990&ipn_url=https%3A%2F%2Fmou.elbatal-app.com%2Fusers%2Fcrypto%2Fipn.php&item_name=%2B1+Month&key=67390e8e994c2845f1a6b4583ac496687564127cc3e7cdc93be22dfbc3a0ef79&success_url=https%3A%2F%2Fmou.elbatal-app.com%2Fusers%2Fcrypto%2Fsuccess.php&version=1
65916fe84834317885aae70715352b6182f3d764273f1e19164f0206c5bffa845113c2fa1efc29ecaeda770e212db04f473c392bdb90d62fad1acf83208ce6ff
[2025-08-16 21:24 UTC] HMAC Recived => 
amount1=1.485&amount2=9.50164&buyer_name=CoinPayments+API&currency1=USD&currency2=USDT.TRC20&email=customer%40example.com&fee=8.03234&invoice=ORDER_68a0f6ef2b990&ipn_id=e8f0b8b070b397dea97fec81cde51fbf&ipn_mode=hmac&ipn_type=api&ipn_version=1.0&item_name=%2B1+Month&merchant=e4e7cd20e63a730246557d3636e59ab8&received_amount=0&received_confirms=0&status=0&status_text=Waiting+for+buyer+funds...&txn_id=CPJH0ZSG4NLBPHJ6KAEFMENO5B
7998af00af505032492459eb83b2d517f88ce1f3b0e9de0cb74b2d3d38a3331b752ff73470b1a0c0091c4cb6585ad381a1773009bc4e694d292429512f7f9e34
[2025-08-16 21:24 UTC] Payment not complete.
[2025-08-16 21:25 UTC] HMAC Recived => 
amount1=1.485&amount2=9.50164&buyer_name=CoinPayments+API&currency1=USD&currency2=USDT.TRC20&email=customer%40example.com&fee=8.03234&invoice=ORDER_68a0f6ef2b990&ipn_id=6aaf5f8d80e32b6319e153d9d49f6856&ipn_mode=hmac&ipn_type=api&ipn_version=1.0&item_name=%2B1+Month&merchant=e4e7cd20e63a730246557d3636e59ab8&received_amount=0&received_confirms=0&status=0&status_text=Waiting+for+buyer+funds...&txn_id=CPJH0ZSG4NLBPHJ6KAEFMENO5B
434f10a19078bdcec82bec5dba82420941f1f35bce7601c0457e2677959b96a2db86884fb6089fbbcc4170d872adb22ad1a2eaf06c8e02775c435a71d24dcd1d
[2025-08-16 21:25 UTC] Payment not complete.
[2025-08-16 23:24 UTC] HMAC Recived => 
amount1=1.485&amount2=9.50164&buyer_name=CoinPayments+API&currency1=USD&currency2=USDT.TRC20&email=customer%40example.com&fee=8.03234&invoice=ORDER_68a0f6ef2b990&ipn_id=6726645e65cb1b7fb8a33ea903bacfb1&ipn_mode=hmac&ipn_type=api&ipn_version=1.0&item_name=%2B1+Month&merchant=e4e7cd20e63a730246557d3636e59ab8&received_amount=0&received_confirms=0&status=-1&status_text=Cancelled+%2F+Timed+Out&txn_id=CPJH0ZSG4NLBPHJ6KAEFMENO5B
cfaa6999c4cb84c06614602fff529ea2d5e40fed81842f7f36050f99cf4009bcc27543085450aa8c17dc0c89200ec70190a927a80a335baa0e5067423fc6106e
[2025-08-16 23:24 UTC] Payment not complete.
[2025-08-18 00:48 UTC] HMAC Sent => 
amount=1.485&buyer_email=customer%40example.com&cancel_url=https%3A%2F%2Fmou.elbatal-app.com%2Fusers%2Fcrypto%2Fcancel.php&cmd=create_transaction&currency1=USD&currency2=USDT.TRC20&invoice=ORDER_68a2785d81449&ipn_url=https%3A%2F%2Fmou.elbatal-app.com%2Fusers%2Fcrypto%2Fipn.php&item_name=%2B1+Month&key=67390e8e994c2845f1a6b4583ac496687564127cc3e7cdc93be22dfbc3a0ef79&success_url=https%3A%2F%2Fmou.elbatal-app.com%2Fusers%2Fcrypto%2Fsuccess.php&version=1
850d5811d63111757ec71b5457250b2fc0997f735deb4e8fd2344105a8a5058904c9af60a8d335094cc14552ad6b4f9ba4fff0684e92bfbaf064f8174d98ce5d
[2025-08-18 00:50 UTC] HMAC Recived => 
amount1=1.485&amount2=8.62039&buyer_name=CoinPayments+API&currency1=USD&currency2=USDT.TRC20&email=customer%40example.com&fee=7.15137&invoice=ORDER_68a2785d81449&ipn_id=349fb2a083766bcbe94b093c5a744582&ipn_mode=hmac&ipn_type=api&ipn_version=1.0&item_name=%2B1+Month&merchant=e4e7cd20e63a730246557d3636e59ab8&received_amount=0&received_confirms=0&status=0&status_text=Waiting+for+buyer+funds...&txn_id=CPJH1QGP52NCU2J4WNALM7ZYQ8
a313c69c71fe3d521e2067d432f608f67bb3ab6886f25e6ee6ae3e73d960d9a42d681144178521d127aa5e34180b6cf49f2e1b4fc45f52ad3749f40c70fec1a5
[2025-08-18 00:50 UTC] Payment not complete.
[2025-08-18 00:58 UTC] HMAC Sent => 
amount=1.485&buyer_email=customer%40example.com&cancel_url=https%3A%2F%2Fmou.elbatal-app.com%2Fusers%2Fcrypto%2Fcancel.php&cmd=create_transaction&currency1=USD&currency2=USDT.TRC20&invoice=ORDER_68a27ab7f4208&ipn_url=https%3A%2F%2Fmou.elbatal-app.com%2Fusers%2Fcrypto%2Fipn.php&item_name=%2B1+Month&key=67390e8e994c2845f1a6b4583ac496687564127cc3e7cdc93be22dfbc3a0ef79&success_url=https%3A%2F%2Fmou.elbatal-app.com%2Fusers%2Fcrypto%2Fsuccess.php&version=1
55619261900c45b904c22bae8ce7d0d150cfc68caebc074ee462de9470861cf55c51ac205442a26424d64327d95577b3e2b47f2735a0f56d30b3edf369152d72
[2025-08-18 00:58 UTC] HMAC Recived => 
amount1=1.485&amount2=8.98519&buyer_name=CoinPayments+API&currency1=USD&currency2=USDT.TRC20&email=customer%40example.com&fee=7.51617&invoice=ORDER_68a27ab7f4208&ipn_id=8c595631729b9a1dd013f7571854ff00&ipn_mode=hmac&ipn_type=api&ipn_version=1.0&item_name=%2B1+Month&merchant=e4e7cd20e63a730246557d3636e59ab8&received_amount=0&received_confirms=0&status=0&status_text=Waiting+for+buyer+funds...&txn_id=CPJH1OLZEMYQHFIIQ62HL8U5GQ
02cfaf4e132405cc76b31101348dafdba5aea3bd516e13582faf88532590d1c9dca2893f765397d0096831fc38f8096403430d60f102b37496b6935bd6a22c28
[2025-08-18 00:58 UTC] Payment not complete.
[2025-08-18 00:59 UTC] HMAC Recived => 
amount1=1.485&amount2=8.98519&buyer_name=CoinPayments+API&currency1=USD&currency2=USDT.TRC20&email=customer%40example.com&fee=7.51617&invoice=ORDER_68a27ab7f4208&ipn_id=96120687a686b145d2d86ba06675c929&ipn_mode=hmac&ipn_type=api&ipn_version=1.0&item_name=%2B1+Month&merchant=e4e7cd20e63a730246557d3636e59ab8&received_amount=0&received_confirms=0&status=0&status_text=Waiting+for+buyer+funds...&txn_id=CPJH1OLZEMYQHFIIQ62HL8U5GQ
45a5dff249d2b8e8ebbd3b0f3c5c77fd89ee8a9202e370f50119b94856f94a0d8f6118f0f01976472411b2e65bdea60ba5cfbc0f44f4caaf6ad64592d82a7c48
[2025-08-18 00:59 UTC] Payment not complete.
[2025-08-18 02:49 UTC] HMAC Recived => 
amount1=1.485&amount2=8.62039&buyer_name=CoinPayments+API&currency1=USD&currency2=USDT.TRC20&email=customer%40example.com&fee=7.15137&invoice=ORDER_68a2785d81449&ipn_id=d78a16ed9cdd2d9058c6ea04cea59dc0&ipn_mode=hmac&ipn_type=api&ipn_version=1.0&item_name=%2B1+Month&merchant=e4e7cd20e63a730246557d3636e59ab8&received_amount=0&received_confirms=0&status=-1&status_text=Cancelled+%2F+Timed+Out&txn_id=CPJH1QGP52NCU2J4WNALM7ZYQ8
7abb1bea43cc6fdc37fcfdc461e73ffa99d67a68d906c28c542add7a11e2622f101da9543986b2035d5f977f2ceabe5ebec71f520e8ccda2e74697cd2c33c12a
[2025-08-18 02:49 UTC] Payment not complete.
[2025-08-18 02:59 UTC] HMAC Recived => 
amount1=1.485&amount2=8.98519&buyer_name=CoinPayments+API&currency1=USD&currency2=USDT.TRC20&email=customer%40example.com&fee=7.51617&invoice=ORDER_68a27ab7f4208&ipn_id=ef183ff8441ca4f7347aabf924120548&ipn_mode=hmac&ipn_type=api&ipn_version=1.0&item_name=%2B1+Month&merchant=e4e7cd20e63a730246557d3636e59ab8&received_amount=0&received_confirms=0&status=-1&status_text=Cancelled+%2F+Timed+Out&txn_id=CPJH1OLZEMYQHFIIQ62HL8U5GQ
7f4e73780037e8fa1113e63e998c9f463b07a7b298b4284b753c0cde0b20ea135b1ab689f08b226d28e9cb1f1799a384b694bbffc5184f0f059a60bd717967f9
[2025-08-18 02:59 UTC] Payment not complete.
[2025-08-19 16:31 UTC] HMAC Sent => 
amount=3.96&buyer_email=customer%40example.com&cancel_url=https%3A%2F%2Fmou.elbatal-app.com%2Fusers%2Fcrypto%2Fcancel.php&cmd=create_transaction&currency1=USD&currency2=USDT.TRC20&invoice=ORDER_68a4a6f82facf&ipn_url=https%3A%2F%2Fmou.elbatal-app.com%2Fusers%2Fcrypto%2Fipn.php&item_name=%2B3+Months&key=67390e8e994c2845f1a6b4583ac496687564127cc3e7cdc93be22dfbc3a0ef79&success_url=https%3A%2F%2Fmou.elbatal-app.com%2Fusers%2Fcrypto%2Fsuccess.php&version=1
e791488bec6d2ce37c1c8b21f2f9c6e86218386f25f39170c19ae7556f40741150681e2e1c4b7691f463ba25090643155b93af40ddfea6bba39884b61ddd5b78
[2025-08-19 16:32 UTC] HMAC Recived => 
amount1=3.96&amount2=10.38356&buyer_name=CoinPayments+API&currency1=USD&currency2=USDT.TRC20&email=customer%40example.com&fee=6.46244&invoice=ORDER_68a4a6f82facf&ipn_id=46fc38aeef2cd8e9b6ece6317830a51d&ipn_mode=hmac&ipn_type=api&ipn_version=1.0&item_name=%2B3+Months&merchant=e4e7cd20e63a730246557d3636e59ab8&received_amount=0&received_confirms=0&status=0&status_text=Waiting+for+buyer+funds...&txn_id=CPJH1OXHTOXHZ9DG4ZDRAWSQRE
da32da50744adc7d75fbce10c94b890f73d8c5ea31622b3a435f3fecd76626b7c3ec884da750125998614b500c38ed0752998f44201c84b6291d9816c8929b69
[2025-08-19 16:32 UTC] Payment not complete.
[2025-08-19 16:32 UTC] HMAC Recived => 
amount1=3.96&amount2=10.38356&buyer_name=CoinPayments+API&currency1=USD&currency2=USDT.TRC20&email=customer%40example.com&fee=6.46244&invoice=ORDER_68a4a6f82facf&ipn_id=f6eaa85fd81769d0100f994ca722bace&ipn_mode=hmac&ipn_type=api&ipn_version=1.0&item_name=%2B3+Months&merchant=e4e7cd20e63a730246557d3636e59ab8&received_amount=0&received_confirms=0&status=0&status_text=Waiting+for+buyer+funds...&txn_id=CPJH1OXHTOXHZ9DG4ZDRAWSQRE
d76b75488e75f4d7be95618ce304af8f8f5909398785f1cbc299dd1ffe722cb163c96d6a93151777dd14a6ec50ef64c1819d66ba57770405fd43e97e6937a840
[2025-08-19 16:32 UTC] Payment not complete.
[2025-08-19 18:32 UTC] HMAC Recived => 
amount1=3.96&amount2=10.38356&buyer_name=CoinPayments+API&currency1=USD&currency2=USDT.TRC20&email=customer%40example.com&fee=6.46244&invoice=ORDER_68a4a6f82facf&ipn_id=bbf5c5c00d1dccce1f94f8874c814edc&ipn_mode=hmac&ipn_type=api&ipn_version=1.0&item_name=%2B3+Months&merchant=e4e7cd20e63a730246557d3636e59ab8&received_amount=0&received_confirms=0&status=-1&status_text=Cancelled+%2F+Timed+Out&txn_id=CPJH1OXHTOXHZ9DG4ZDRAWSQRE
74854504149c63d928d2102a2d6f6ada4e964a300ef66e2acf150996c42930922f19ea62117765abf94aeec78efe89b0bf7defb7e088e2cb4608ec512a8b8d35
[2025-08-19 18:32 UTC] Payment not complete.
[2025-08-23 19:05 UTC] HMAC Sent => 
amount=9.9&buyer_email=customer%40example.com&cancel_url=https%3A%2F%2Fmou.elbatal-app.com%2Fusers%2Fcrypto%2Fcancel.php&cmd=create_transaction&currency1=USD&currency2=USDT.TRC20&invoice=ORDER_68aa10e508280&ipn_url=https%3A%2F%2Fmou.elbatal-app.com%2Fusers%2Fcrypto%2Fipn.php&item_name=%2B1+Year&key=67390e8e994c2845f1a6b4583ac496687564127cc3e7cdc93be22dfbc3a0ef79&success_url=https%3A%2F%2Fmou.elbatal-app.com%2Fusers%2Fcrypto%2Fsuccess.php&version=1
2bb866a5f6d8d3793e7d014126259f11f82b6c9e6af9db89759255a9f2d023fe5c764133b4ac2b0c5e56ce917e75b5a4375be952cc9da645b4fb0e6fd16129e9
[2025-08-23 19:05 UTC] HMAC Recived => 
amount1=9.9&amount2=16.85571&buyer_name=CoinPayments+API&currency1=USD&currency2=USDT.TRC20&email=customer%40example.com&fee=7.05379&invoice=ORDER_68aa10e508280&ipn_id=a2a77e51fdeaa0e24fa3796f33f0aee8&ipn_mode=hmac&ipn_type=api&ipn_version=1.0&item_name=%2B1+Year&merchant=e4e7cd20e63a730246557d3636e59ab8&received_amount=0&received_confirms=0&status=0&status_text=Waiting+for+buyer+funds...&txn_id=CPJH5MJD8K9ZOEWM3DXBNVWFFO
8c07cb8e65b9a3010440876338da14d820b1319761c511a39766ff560bc1824201595fc9d6376c6148058dbe835cbbf4ccac0fb0e0c7d2df9f23760ab971e7be
[2025-08-23 19:05 UTC] Payment not complete.
[2025-08-23 21:06 UTC] HMAC Recived => 
amount1=9.9&amount2=16.85571&buyer_name=CoinPayments+API&currency1=USD&currency2=USDT.TRC20&email=customer%40example.com&fee=7.05379&invoice=ORDER_68aa10e508280&ipn_id=e87636db5c4ef6c430d13ffa232ec033&ipn_mode=hmac&ipn_type=api&ipn_version=1.0&item_name=%2B1+Year&merchant=e4e7cd20e63a730246557d3636e59ab8&received_amount=0&received_confirms=0&status=-1&status_text=Cancelled+%2F+Timed+Out&txn_id=CPJH5MJD8K9ZOEWM3DXBNVWFFO
434507ced603514a3fd32eb795025da136b8080c0a75c20bc691c631de1ea8936ec92eadff10236c39b38487ed20ff53ebcb84b32bbc676e9b937a81034c9d37
[2025-08-23 21:06 UTC] Payment not complete.
[2025-08-25 14:06 UTC] HMAC Sent => 
amount=9.9&buyer_email=customer%40example.com&cancel_url=https%3A%2F%2Fmou.elbatal-app.com%2Fusers%2Fcrypto%2Fcancel.php&cmd=create_transaction&currency1=USD&currency2=USDT.TRC20&invoice=ORDER_68ac6dee81a3a&ipn_url=https%3A%2F%2Fmou.elbatal-app.com%2Fusers%2Fcrypto%2Fipn.php&item_name=%2B1+Year&key=67390e8e994c2845f1a6b4583ac496687564127cc3e7cdc93be22dfbc3a0ef79&success_url=https%3A%2F%2Fmou.elbatal-app.com%2Fusers%2Fcrypto%2Fsuccess.php&version=1
fd326bb6e4ec68696456e8b9998ff74d0fee311c4d6b657af020d51d608ece404c1a54b019a3b7c1b242a262c4b0d4b906516f91f45ed1654a15d3fbad450509
[2025-08-25 14:06 UTC] HMAC Recived => 
amount1=9.9&amount2=16.41757&buyer_name=CoinPayments+API&currency1=USD&currency2=USDT.TRC20&email=customer%40example.com&fee=6.60803&invoice=ORDER_68ac6dee81a3a&ipn_id=3ca79f819c2ec4deaffc4d7143753b49&ipn_mode=hmac&ipn_type=api&ipn_version=1.0&item_name=%2B1+Year&merchant=e4e7cd20e63a730246557d3636e59ab8&received_amount=0&received_confirms=0&status=0&status_text=Waiting+for+buyer+funds...&txn_id=CPJH58UD9CRTYN5PBMRGUCRERP
39f9400b63a3cdec294a858f586fabe1d8cb5bfa225e1793953c9bb09cadf5c644167d1da9f72aafe22dc70c7fe4563f43f41b8914f3fb9117f3c725ca626418
[2025-08-25 14:06 UTC] Payment not complete.
[2025-08-25 16:07 UTC] HMAC Recived => 
amount1=9.9&amount2=16.41757&buyer_name=CoinPayments+API&currency1=USD&currency2=USDT.TRC20&email=customer%40example.com&fee=6.60803&invoice=ORDER_68ac6dee81a3a&ipn_id=4f38ddb1ed7238d5df94a27d68a022d7&ipn_mode=hmac&ipn_type=api&ipn_version=1.0&item_name=%2B1+Year&merchant=e4e7cd20e63a730246557d3636e59ab8&received_amount=0&received_confirms=0&status=-1&status_text=Cancelled+%2F+Timed+Out&txn_id=CPJH58UD9CRTYN5PBMRGUCRERP
60853c753e6ab00ec291ca38ed4020a5b112a36c8b9177d5b6cfee485a1c58f2f2f9094bc6ba8848403645edcf810f0a88e24782ca310847f13de8d2997dd788
[2025-08-25 16:07 UTC] Payment not complete.
[2025-09-04 17:54 UTC] HMAC Sent => 
amount=6.435&buyer_email=customer%40example.com&cancel_url=https%3A%2F%2Fmou.elbatal-app.com%2Fusers%2Fcrypto%2Fcancel.php&cmd=create_transaction&currency1=USD&currency2=USDT.TRC20&invoice=ORDER_68b9d250c1055&ipn_url=https%3A%2F%2Fmou.elbatal-app.com%2Fusers%2Fcrypto%2Fipn.php&item_name=%2B6+Months&key=67390e8e994c2845f1a6b4583ac496687564127cc3e7cdc93be22dfbc3a0ef79&success_url=https%3A%2F%2Fmou.elbatal-app.com%2Fusers%2Fcrypto%2Fsuccess.php&version=1
6801a28c8179742fe05cfbae2c3ac7c3678632aa054bb807ddabd5b32bf7f681b743152b585898fd3687f7f1bca578d3554c18f71d602f1159d15ce7f5e7f4d8
[2025-09-04 17:54 UTC] HMAC Recived => 
amount1=6.435&amount2=9.78927&buyer_name=CoinPayments+API&currency1=USD&currency2=USDT.TRC20&email=customer%40example.com&fee=3.41979&invoice=ORDER_68b9d250c1055&ipn_id=90533d30ce064e781f02306576b59dfa&ipn_mode=hmac&ipn_type=api&ipn_version=1.0&item_name=%2B6+Months&merchant=e4e7cd20e63a730246557d3636e59ab8&received_amount=0&received_confirms=0&status=0&status_text=Waiting+for+buyer+funds...&txn_id=CPJI4QRJ9FQ423KHRADZJ8P4TC
0486117b9fe21af8a4954f3964d4b4ee55f2184aaba5af1fbeae0fc68448b245e30da0fabdfc960a74a0d14cc7e9d42be2b7bc2a538d304ff7d47fb040f0d007
[2025-09-04 17:54 UTC] Payment not complete.
[2025-09-04 17:55 UTC] HMAC Recived => 
amount1=6.435&amount2=9.78927&buyer_name=CoinPayments+API&currency1=USD&currency2=USDT.TRC20&email=customer%40example.com&fee=3.41979&invoice=ORDER_68b9d250c1055&ipn_id=7212886aee6713c3e0f7f49c80f48f03&ipn_mode=hmac&ipn_type=api&ipn_version=1.0&item_name=%2B6+Months&merchant=e4e7cd20e63a730246557d3636e59ab8&received_amount=0&received_confirms=0&status=0&status_text=Waiting+for+buyer+funds...&txn_id=CPJI4QRJ9FQ423KHRADZJ8P4TC
073e51226555434bcd830ddc23de17ad970e277807da3fc6d97ab0b58173dc20610defd766f996dec019972ce827d4b577d569af349b2a7b98eff16c6500a6e9
[2025-09-04 17:55 UTC] Payment not complete.
[2025-09-04 19:56 UTC] HMAC Recived => 
amount1=6.435&amount2=9.78927&buyer_name=CoinPayments+API&currency1=USD&currency2=USDT.TRC20&email=customer%40example.com&fee=3.41979&invoice=ORDER_68b9d250c1055&ipn_id=3a472ed23bb97b2c73cde230b6b28e93&ipn_mode=hmac&ipn_type=api&ipn_version=1.0&item_name=%2B6+Months&merchant=e4e7cd20e63a730246557d3636e59ab8&received_amount=0&received_confirms=0&status=-1&status_text=Cancelled+%2F+Timed+Out&txn_id=CPJI4QRJ9FQ423KHRADZJ8P4TC
40a9d5a43f40dff1abe6010347798cab2ce395059c908a1260ed778337b51e5d827eb2e64426664af65ef054395e7cd9eb0798fadc769c4c0fe2bf4f31ff06bc
[2025-09-04 19:56 UTC] Payment not complete.
[2025-09-04 21:40 UTC] HMAC Sent => 
amount=9.9&buyer_email=customer%40example.com&cancel_url=https%3A%2F%2Fmou.elbatal-app.com%2Fusers%2Fcrypto%2Fcancel.php&cmd=create_transaction&currency1=USD&currency2=USDT.TRC20&invoice=ORDER_68ba074dccef4&ipn_url=https%3A%2F%2Fmou.elbatal-app.com%2Fusers%2Fcrypto%2Fipn.php&item_name=%2B1+Year&key=67390e8e994c2845f1a6b4583ac496687564127cc3e7cdc93be22dfbc3a0ef79&success_url=https%3A%2F%2Fmou.elbatal-app.com%2Fusers%2Fcrypto%2Fsuccess.php&version=1
5b8179576943bd229ea5fb1e78f7a4626ceb7f95682f4937ef7312de5b8ed51ded14fe9060ad1933cdee2403494b894963dcc5a8c9993a03e9dc93717213eade
[2025-09-04 21:40 UTC] HMAC Recived => 
amount1=9.9&amount2=13.24504&buyer_name=CoinPayments+API&currency1=USD&currency2=USDT.TRC20&email=customer%40example.com&fee=3.44585&invoice=ORDER_68ba074dccef4&ipn_id=5b3ec1ad18a94731fd7654727695b84d&ipn_mode=hmac&ipn_type=api&ipn_version=1.0&item_name=%2B1+Year&merchant=e4e7cd20e63a730246557d3636e59ab8&received_amount=0&received_confirms=0&status=0&status_text=Waiting+for+buyer+funds...&txn_id=CPJI1K5VSAXOHB21TD9SBAVGJC
03ae3159b960de98f7464702798ddfb716f3908e7dc228a76a2d293452aba54a7121ff33944b51645aa057e838b5da08ce952961caf1f215aa4882256d7afbb5
[2025-09-04 21:40 UTC] Payment not complete.
[2025-09-04 23:41 UTC] HMAC Recived => 
amount1=9.9&amount2=13.24504&buyer_name=CoinPayments+API&currency1=USD&currency2=USDT.TRC20&email=customer%40example.com&fee=3.44585&invoice=ORDER_68ba074dccef4&ipn_id=b9ad49d019471850d6261459f5038f1d&ipn_mode=hmac&ipn_type=api&ipn_version=1.0&item_name=%2B1+Year&merchant=e4e7cd20e63a730246557d3636e59ab8&received_amount=0&received_confirms=0&status=-1&status_text=Cancelled+%2F+Timed+Out&txn_id=CPJI1K5VSAXOHB21TD9SBAVGJC
bb82c50850c82e39d48fa1a818381189209f2887e781585475f6e8fbacf8d0dff784b27ec6c883d081e5782c71fadb74d722399a0d61de510151eb924b7b5a15
[2025-09-04 23:41 UTC] Payment not complete.
[2025-09-05 12:00 UTC] HMAC Sent => 
amount=9.9&buyer_email=customer%40example.com&cancel_url=https%3A%2F%2Fmou.elbatal-app.com%2Fusers%2Fcrypto%2Fcancel.php&cmd=create_transaction&currency1=USD&currency2=USDT.TRC20&invoice=ORDER_68bad0ced07ba&ipn_url=https%3A%2F%2Fmou.elbatal-app.com%2Fusers%2Fcrypto%2Fipn.php&item_name=%2B1+Year&key=67390e8e994c2845f1a6b4583ac496687564127cc3e7cdc93be22dfbc3a0ef79&success_url=https%3A%2F%2Fmou.elbatal-app.com%2Fusers%2Fcrypto%2Fsuccess.php&version=1
f5e497f6c01dfed0d822b1e120a77dd6e1c62996d2fb2331cbf573f36357c33897e35010580ce05de83f29273ca1d09285fe451b52b93747b72350c48a3d2c6e
[2025-09-05 12:00 UTC] HMAC Recived => 
amount1=9.9&amount2=13.26946&buyer_name=CoinPayments+API&currency1=USD&currency2=USDT.TRC20&email=customer%40example.com&fee=3.47133&invoice=ORDER_68bad0ced07ba&ipn_id=8e5fd595ccc6e36623d97bd58dc2d436&ipn_mode=hmac&ipn_type=api&ipn_version=1.0&item_name=%2B1+Year&merchant=e4e7cd20e63a730246557d3636e59ab8&received_amount=0&received_confirms=0&status=0&status_text=Waiting+for+buyer+funds...&txn_id=CPJI3PEOUXSAQCKRNME9F57IGZ
dbf633b7d9b8d9a1de0525c6103ba67b1dccc9d0f00682ca5023959d51ca7858da9c14976bd405266258fd14404bca7aebc889da955cf4df23373574ee28b92d
[2025-09-05 12:00 UTC] Payment not complete.
[2025-09-05 12:00 UTC] HMAC Recived => 
amount1=9.9&amount2=13.26946&buyer_name=CoinPayments+API&currency1=USD&currency2=USDT.TRC20&email=customer%40example.com&fee=3.47133&invoice=ORDER_68bad0ced07ba&ipn_id=0ddf22ef1278119eca09abff7461d674&ipn_mode=hmac&ipn_type=api&ipn_version=1.0&item_name=%2B1+Year&merchant=e4e7cd20e63a730246557d3636e59ab8&received_amount=0&received_confirms=0&status=0&status_text=Waiting+for+buyer+funds...&txn_id=CPJI3PEOUXSAQCKRNME9F57IGZ
fe448a0c6437a61810e4633cf58c84c8be00a84da11ef8f8febf3a6232f2bad62dd43fde84b66aa5bd54e4cb486bef8c7c14d26ecb6ca8111124bf1cbdf65af8
[2025-09-05 12:00 UTC] Payment not complete.
[2025-09-05 14:01 UTC] HMAC Recived => 
amount1=9.9&amount2=13.26946&buyer_name=CoinPayments+API&currency1=USD&currency2=USDT.TRC20&email=customer%40example.com&fee=3.47133&invoice=ORDER_68bad0ced07ba&ipn_id=67ef2116730f32f1ad3e7645ceee3a02&ipn_mode=hmac&ipn_type=api&ipn_version=1.0&item_name=%2B1+Year&merchant=e4e7cd20e63a730246557d3636e59ab8&received_amount=0&received_confirms=0&status=-1&status_text=Cancelled+%2F+Timed+Out&txn_id=CPJI3PEOUXSAQCKRNME9F57IGZ
ab7f93c4808ff7b1ebf70a4d01790fc2b7826c8e3be4bf0d256ad2ace2ba7e3b39154024d59ba7f35c94ae53f3f6e317778526ad34d3e263dd97aa19e31c6097
[2025-09-05 14:01 UTC] Payment not complete.
[2025-09-13 19:05 UTC] HMAC Sent => 
amount=1.485&buyer_email=customer%40example.com&cancel_url=https%3A%2F%2Fmou.elbatal-app.com%2Fusers%2Fcrypto%2Fcancel.php&cmd=create_transaction&currency1=USD&currency2=USDT.TRC20&invoice=ORDER_68c5c05ec50c2&ipn_url=https%3A%2F%2Fmou.elbatal-app.com%2Fusers%2Fcrypto%2Fipn.php&item_name=%2B1+Month&key=67390e8e994c2845f1a6b4583ac496687564127cc3e7cdc93be22dfbc3a0ef79&success_url=https%3A%2F%2Fmou.elbatal-app.com%2Fusers%2Fcrypto%2Fsuccess.php&version=1
a8bfa9cd3d0b361aa83678b07bdfbf30c645be9a878794ec4fec983c97c84a99af95180be1630476dac9d7e4a1390d20fb3fe6758566b141037ae6d3a6c23e74
[2025-09-13 19:05 UTC] HMAC Sent => 
amount=1.485&buyer_email=customer%40example.com&cancel_url=https%3A%2F%2Fmou.elbatal-app.com%2Fusers%2Fcrypto%2Fcancel.php&cmd=create_transaction&currency1=USD&currency2=USDT.TRC20&invoice=ORDER_68c5c064dc841&ipn_url=https%3A%2F%2Fmou.elbatal-app.com%2Fusers%2Fcrypto%2Fipn.php&item_name=%2B1+Month&key=67390e8e994c2845f1a6b4583ac496687564127cc3e7cdc93be22dfbc3a0ef79&success_url=https%3A%2F%2Fmou.elbatal-app.com%2Fusers%2Fcrypto%2Fsuccess.php&version=1
ef0f3be0fddceb9a1bd81238388718de7a19b2c28881942170cdb6d5641068e3af95b322629b9b0b82c98d9c7538ce73b45408c2fd1854e2b801e7c85d294f1c
[2025-09-13 19:05 UTC] HMAC Sent => 
amount=1.485&buyer_email=customer%40example.com&cancel_url=https%3A%2F%2Fmou.elbatal-app.com%2Fusers%2Fcrypto%2Fcancel.php&cmd=create_transaction&currency1=USD&currency2=USDT.TRC20&invoice=ORDER_68c5c0683e17f&ipn_url=https%3A%2F%2Fmou.elbatal-app.com%2Fusers%2Fcrypto%2Fipn.php&item_name=%2B1+Month&key=67390e8e994c2845f1a6b4583ac496687564127cc3e7cdc93be22dfbc3a0ef79&success_url=https%3A%2F%2Fmou.elbatal-app.com%2Fusers%2Fcrypto%2Fsuccess.php&version=1
d6814b63d9b95806b08e2fc65a44a2c989171ef182396a0c235f7778def28d3934c324920120882dd4b173b56b88dd7c0d87c240f59adf78a36774b45d5adaf2
[2025-09-13 19:05 UTC] HMAC Sent => 
amount=1.485&buyer_email=customer%40example.com&cancel_url=https%3A%2F%2Fmou.elbatal-app.com%2Fusers%2Fcrypto%2Fcancel.php&cmd=create_transaction&currency1=USD&currency2=USDT.TRC20&invoice=ORDER_68c5c06d58350&ipn_url=https%3A%2F%2Fmou.elbatal-app.com%2Fusers%2Fcrypto%2Fipn.php&item_name=%2B1+Month&key=67390e8e994c2845f1a6b4583ac496687564127cc3e7cdc93be22dfbc3a0ef79&success_url=https%3A%2F%2Fmou.elbatal-app.com%2Fusers%2Fcrypto%2Fsuccess.php&version=1
d12fb7676fac382880e034ae306a98b182cb0a66e3cb31e4f29f32a2cb4f334dff74b4195a2cec2aafb0f4b29df1317b10a43e529fe8180e1caa9052eeaadbc8
[2025-09-13 19:05 UTC] HMAC Sent => 
amount=1.485&buyer_email=customer%40example.com&cancel_url=https%3A%2F%2Fmou.elbatal-app.com%2Fusers%2Fcrypto%2Fcancel.php&cmd=create_transaction&currency1=USD&currency2=USDT.TRC20&invoice=ORDER_68c5c07117d29&ipn_url=https%3A%2F%2Fmou.elbatal-app.com%2Fusers%2Fcrypto%2Fipn.php&item_name=%2B1+Month&key=67390e8e994c2845f1a6b4583ac496687564127cc3e7cdc93be22dfbc3a0ef79&success_url=https%3A%2F%2Fmou.elbatal-app.com%2Fusers%2Fcrypto%2Fsuccess.php&version=1
2ef19030b745e5a45379b5c7352042a0093b5921c051246474e52412fe4dfadf310cd31c670951ac4fdd3411786046ccdf1d86208e0ccf03f1c2af54825e2e99
[2025-09-13 19:05 UTC] HMAC Sent => 
amount=1.485&buyer_email=customer%40example.com&cancel_url=https%3A%2F%2Fmou.elbatal-app.com%2Fusers%2Fcrypto%2Fcancel.php&cmd=create_transaction&currency1=USD&currency2=USDT.TRC20&invoice=ORDER_68c5c095f193e&ipn_url=https%3A%2F%2Fmou.elbatal-app.com%2Fusers%2Fcrypto%2Fipn.php&item_name=%2B1+Month&key=67390e8e994c2845f1a6b4583ac496687564127cc3e7cdc93be22dfbc3a0ef79&success_url=https%3A%2F%2Fmou.elbatal-app.com%2Fusers%2Fcrypto%2Fsuccess.php&version=1
93e1495a72956e69f86db2d7b5688baa2cbc68b8bed55a8d16e404110df15131697f853b532aa777783e69fa32c1d7ae636c6c29c3b99e49df34ffa9b293089a
[2025-09-14 17:02 UTC] HMAC Sent => 
amount=1.485&buyer_email=customer%40example.com&cancel_url=https%3A%2F%2Fmou.elbatal-app.com%2Fusers%2Fcrypto%2Fcancel.php&cmd=create_transaction&currency1=USD&currency2=USDT.TRC20&invoice=ORDER_68c6f51813a31&ipn_url=https%3A%2F%2Fmou.elbatal-app.com%2Fusers%2Fcrypto%2Fipn.php&item_name=%2B1+Month&key=67390e8e994c2845f1a6b4583ac496687564127cc3e7cdc93be22dfbc3a0ef79&success_url=https%3A%2F%2Fmou.elbatal-app.com%2Fusers%2Fcrypto%2Fsuccess.php&version=1
2d64cf51bf889b69b02bb92eeebb70b9f586969efe7a9a3644fee03d14043ab87a558c39017e7d471042bc53c263801b97980a6f99a896efd0c2869364a8687e
[2025-09-14 18:35 UTC] HMAC Sent => 
amount=1.485&buyer_email=customer%40example.com&cancel_url=https%3A%2F%2Fmou.elbatal-app.com%2Fusers%2Fcrypto%2Fcancel.php&cmd=create_transaction&currency1=USD&currency2=USDT.TRC20&invoice=ORDER_68c70b0535cf1&ipn_url=https%3A%2F%2Fmou.elbatal-app.com%2Fusers%2Fcrypto%2Fipn.php&item_name=%2B1+Month&key=67390e8e994c2845f1a6b4583ac496687564127cc3e7cdc93be22dfbc3a0ef79&success_url=https%3A%2F%2Fmou.elbatal-app.com%2Fusers%2Fcrypto%2Fsuccess.php&version=1
cd6b99413c68dc24360461f7209e5b952220b169f7cb4027346c80eeb5a416d5a9c6580e1a357c258b6666df9ac6a902f93e2e59caa708513ae88e3d08fa405c
[2025-09-14 18:36 UTC] HMAC Sent => 
amount=1.485&buyer_email=customer%40example.com&cancel_url=https%3A%2F%2Fmou.elbatal-app.com%2Fusers%2Fcrypto%2Fcancel.php&cmd=create_transaction&currency1=USD&currency2=USDT.TRC20&invoice=ORDER_68c70b1671236&ipn_url=https%3A%2F%2Fmou.elbatal-app.com%2Fusers%2Fcrypto%2Fipn.php&item_name=%2B1+Month&key=67390e8e994c2845f1a6b4583ac496687564127cc3e7cdc93be22dfbc3a0ef79&success_url=https%3A%2F%2Fmou.elbatal-app.com%2Fusers%2Fcrypto%2Fsuccess.php&version=1
6605e7ba63ba7a9953f1fec6f7e6739d92d6adfd65cdd601f15a27e417ae476472889b5f3fe0c188d4174b3a12d630db294c4b3a3ad15ec948b7e01cc698aa22
[2025-09-14 18:36 UTC] HMAC Sent => 
amount=1.485&buyer_email=customer%40example.com&cancel_url=https%3A%2F%2Fmou.elbatal-app.com%2Fusers%2Fcrypto%2Fcancel.php&cmd=create_transaction&currency1=USD&currency2=USDT.TRC20&invoice=ORDER_68c70b2fc8db9&ipn_url=https%3A%2F%2Fmou.elbatal-app.com%2Fusers%2Fcrypto%2Fipn.php&item_name=%2B1+Month&key=67390e8e994c2845f1a6b4583ac496687564127cc3e7cdc93be22dfbc3a0ef79&success_url=https%3A%2F%2Fmou.elbatal-app.com%2Fusers%2Fcrypto%2Fsuccess.php&version=1
d50f0f9e2573fbb07007514441f3e2e3629d06866d67b84912acf10ab6a4bd9b5ec5eb3896aa48b235d05a47ba23a39276ff0ca7fa90048e487334fea82e0090
[2025-09-26 10:13 UTC] HMAC Sent => 
amount=1.485&buyer_email=customer%40example.com&cancel_url=https%3A%2F%2Fmou.elbatal-app.com%2Fusers%2Fcrypto%2Fcancel.php&cmd=create_transaction&currency1=USD&currency2=USDT.TRC20&invoice=ORDER_68d66754df426&ipn_url=https%3A%2F%2Fmou.elbatal-app.com%2Fusers%2Fcrypto%2Fipn.php&item_name=%2B1+Month&key=67390e8e994c2845f1a6b4583ac496687564127cc3e7cdc93be22dfbc3a0ef79&success_url=https%3A%2F%2Fmou.elbatal-app.com%2Fusers%2Fcrypto%2Fsuccess.php&version=1
544edd52d6c47640c4a8a4d9f3e4a0050bcfbf09213b1467fef0ba40afc0a7f3fdd53337912de37dd6ea5c8bb5fed6728d4c243596dee55b3215b6dd66600939
[2025-09-26 12:24 UTC] HMAC Sent => 
amount=3.96&buyer_email=customer%40example.com&cancel_url=https%3A%2F%2Fmou.elbatal-app.com%2Fusers%2Fcrypto%2Fcancel.php&cmd=create_transaction&currency1=USD&currency2=USDT.TRC20&invoice=ORDER_68d685ea741d7&ipn_url=https%3A%2F%2Fmou.elbatal-app.com%2Fusers%2Fcrypto%2Fipn.php&item_name=%2B3+Months&key=67390e8e994c2845f1a6b4583ac496687564127cc3e7cdc93be22dfbc3a0ef79&success_url=https%3A%2F%2Fmou.elbatal-app.com%2Fusers%2Fcrypto%2Fsuccess.php&version=1
15e653ba308da8cf7da46558f9aa804558aa603fb3565d576f3a98113100ad6d375380d4b64ec2ee51aec86bb070819e156616c0d5e9744adaeeacab97938cd7
[2025-09-26 12:36 UTC] HMAC Sent => 
amount=9.9&buyer_email=customer%40example.com&cancel_url=https%3A%2F%2Fmou.elbatal-app.com%2Fusers%2Fcrypto%2Fcancel.php&cmd=create_transaction&currency1=USD&currency2=USDT.TRC20&invoice=ORDER_68d688e0066e4&ipn_url=https%3A%2F%2Fmou.elbatal-app.com%2Fusers%2Fcrypto%2Fipn.php&item_name=%2B1+Year&key=67390e8e994c2845f1a6b4583ac496687564127cc3e7cdc93be22dfbc3a0ef79&success_url=https%3A%2F%2Fmou.elbatal-app.com%2Fusers%2Fcrypto%2Fsuccess.php&version=1
0b12c4e3d9d49a05b43d041ca5d143982369045d0dcbc3b62623fa97905cec00ecdca3b81679f5a9701e4dcc8bb306b0de3c393451e8f8ac94690b84a5c36ad7
[2025-09-26 12:49 UTC] HMAC Sent => 
amount=9.9&buyer_email=customer%40example.com&cancel_url=https%3A%2F%2Fmou.elbatal-app.com%2Fusers%2Fcrypto%2Fcancel.php&cmd=create_transaction&currency1=USD&currency2=USDT.TRC20&invoice=ORDER_68d68bea4cb37&ipn_url=https%3A%2F%2Fmou.elbatal-app.com%2Fusers%2Fcrypto%2Fipn.php&item_name=%2B1+Year&key=67390e8e994c2845f1a6b4583ac496687564127cc3e7cdc93be22dfbc3a0ef79&success_url=https%3A%2F%2Fmou.elbatal-app.com%2Fusers%2Fcrypto%2Fsuccess.php&version=1
1443740310603371c21321a2636a6f0ed7ac4cb480936e3622c2042ea38e511a0fac90ab1d31a4aa6e018be4a1389e1aa4961445f7f4f0c65d725d5b38027de0
[2025-09-30 23:39 UTC] HMAC Sent => 
amount=9.9&buyer_email=customer%40example.com&cancel_url=https%3A%2F%2Fmou.elbatal-app.com%2Fusers%2Fcrypto%2Fcancel.php&cmd=create_transaction&currency1=USD&currency2=USDT.TRC20&invoice=ORDER_68dc6a4e9f4e1&ipn_url=https%3A%2F%2Fmou.elbatal-app.com%2Fusers%2Fcrypto%2Fipn.php&item_name=%2B1+Year&key=67390e8e994c2845f1a6b4583ac496687564127cc3e7cdc93be22dfbc3a0ef79&success_url=https%3A%2F%2Fmou.elbatal-app.com%2Fusers%2Fcrypto%2Fsuccess.php&version=1
ace52dbbe3e7b85dcf6bbcf566019039831fca4773426c058586709c4b8a03b5e2f16dc10a1381ac4bd63c28d32bc8fd796f5b7de0ba0bf3ea10ccc863a1574b
[2025-10-02 06:59 UTC] HMAC Sent => 
amount=9.9&buyer_email=customer%40example.com&cancel_url=https%3A%2F%2Fmou.elbatal-app.com%2Fusers%2Fcrypto%2Fcancel.php&cmd=create_transaction&currency1=USD&currency2=USDT.TRC20&invoice=ORDER_68de22eedcb40&ipn_url=https%3A%2F%2Fmou.elbatal-app.com%2Fusers%2Fcrypto%2Fipn.php&item_name=%2B1+Year&key=67390e8e994c2845f1a6b4583ac496687564127cc3e7cdc93be22dfbc3a0ef79&success_url=https%3A%2F%2Fmou.elbatal-app.com%2Fusers%2Fcrypto%2Fsuccess.php&version=1
0261e8bfa38e26b42d9fa1d4aa180368e6cf4307700c89b1405f8024f28b25ee5a89b57ffce2356195d30eb73394a1dd4447c16d469e89f7efe33b81816ef49c
[2025-10-02 23:27 UTC] HMAC Sent => 
amount=6.435&buyer_email=customer%40example.com&cancel_url=https%3A%2F%2Fmou.elbatal-app.com%2Fusers%2Fcrypto%2Fcancel.php&cmd=create_transaction&currency1=USD&currency2=USDT.TRC20&invoice=ORDER_68df0a77c826c&ipn_url=https%3A%2F%2Fmou.elbatal-app.com%2Fusers%2Fcrypto%2Fipn.php&item_name=%2B6+Months&key=67390e8e994c2845f1a6b4583ac496687564127cc3e7cdc93be22dfbc3a0ef79&success_url=https%3A%2F%2Fmou.elbatal-app.com%2Fusers%2Fcrypto%2Fsuccess.php&version=1
5dea8497116c9d9d4896ee6ef6760ecbb4b9d6e684bda1a741206b6cf27315184a18fc80f5e94f2ae391da23b4b349ca72f2f3a5e92ea70e8f6eb4ff6610b609
[2025-10-04 20:26 UTC] HMAC Sent => 
amount=9.9&buyer_email=customer%40example.com&cancel_url=https%3A%2F%2Fmou.elbatal-app.com%2Fusers%2Fcrypto%2Fcancel.php&cmd=create_transaction&currency1=USD&currency2=USDT.TRC20&invoice=ORDER_68e182f5c9822&ipn_url=https%3A%2F%2Fmou.elbatal-app.com%2Fusers%2Fcrypto%2Fipn.php&item_name=%2B1+Year&key=67390e8e994c2845f1a6b4583ac496687564127cc3e7cdc93be22dfbc3a0ef79&success_url=https%3A%2F%2Fmou.elbatal-app.com%2Fusers%2Fcrypto%2Fsuccess.php&version=1
ac96fdee57ba0c90939bb7d8b441651bca3bfc1348216a2c335805fb0d535f7995fda48489078a77f4dd8bc1e058c63a6669135182e1e7bf9b56df27d296db2f
[2025-10-08 22:31 UTC] HMAC Sent => 
amount=6.435&buyer_email=customer%40example.com&cancel_url=https%3A%2F%2Fmou.elbatal-app.com%2Fusers%2Fcrypto%2Fcancel.php&cmd=create_transaction&currency1=USD&currency2=USDT.TRC20&invoice=ORDER_68e6e639c0a16&ipn_url=https%3A%2F%2Fmou.elbatal-app.com%2Fusers%2Fcrypto%2Fipn.php&item_name=%2B6+Months&key=67390e8e994c2845f1a6b4583ac496687564127cc3e7cdc93be22dfbc3a0ef79&success_url=https%3A%2F%2Fmou.elbatal-app.com%2Fusers%2Fcrypto%2Fsuccess.php&version=1
42c9defd70dc049892d1f76ad02cb7d58488bc7bf398afecc4071a1e8a50a31ce48e4b99acd914db3e3406235e292efa79c8fbe975bb44748c548fa26d928aab
[2025-10-11 04:54 UTC] HMAC Sent => 
amount=3.96&buyer_email=customer%40example.com&cancel_url=https%3A%2F%2Fmou.elbatal-app.com%2Fusers%2Fcrypto%2Fcancel.php&cmd=create_transaction&currency1=USD&currency2=USDT.TRC20&invoice=ORDER_68e9e3002becd&ipn_url=https%3A%2F%2Fmou.elbatal-app.com%2Fusers%2Fcrypto%2Fipn.php&item_name=%2B3+Months&key=67390e8e994c2845f1a6b4583ac496687564127cc3e7cdc93be22dfbc3a0ef79&success_url=https%3A%2F%2Fmou.elbatal-app.com%2Fusers%2Fcrypto%2Fsuccess.php&version=1
0406d45680feac8712d7292f0829229926ed49c4ed56168122db84970a6d3ecc4abc2f47f418c5bd6fcff84235c6143735eacba7e085cc84a9ac988f271e5b03
[2025-10-11 04:54 UTC] HMAC Sent => 
amount=3.96&buyer_email=customer%40example.com&cancel_url=https%3A%2F%2Fmou.elbatal-app.com%2Fusers%2Fcrypto%2Fcancel.php&cmd=create_transaction&currency1=USD&currency2=USDT.TRC20&invoice=ORDER_68e9e3138d649&ipn_url=https%3A%2F%2Fmou.elbatal-app.com%2Fusers%2Fcrypto%2Fipn.php&item_name=%2B3+Months&key=67390e8e994c2845f1a6b4583ac496687564127cc3e7cdc93be22dfbc3a0ef79&success_url=https%3A%2F%2Fmou.elbatal-app.com%2Fusers%2Fcrypto%2Fsuccess.php&version=1
a922320c27fd0d2ea564201e981bcc8ed0e3b6ee1949ffee0d78e9373d67a13651b1812919fb9960c6167a56972b427e76b8d1286723e42cf976f22ccba701e9
[2025-10-13 22:14 UTC] HMAC Sent => 
amount=9.9&buyer_email=customer%40example.com&cancel_url=https%3A%2F%2Fmou.elbatal-app.com%2Fusers%2Fcrypto%2Fcancel.php&cmd=create_transaction&currency1=USD&currency2=USDT.TRC20&invoice=ORDER_68ed79cda7f4c&ipn_url=https%3A%2F%2Fmou.elbatal-app.com%2Fusers%2Fcrypto%2Fipn.php&item_name=%2B1+Year&key=67390e8e994c2845f1a6b4583ac496687564127cc3e7cdc93be22dfbc3a0ef79&success_url=https%3A%2F%2Fmou.elbatal-app.com%2Fusers%2Fcrypto%2Fsuccess.php&version=1
4ab73ea9b633fd65a49cb0ace734f5413ed2627bf2de412264eb5d48543a89bf618778d49ee67d28dea195f67713d975daacfc6d67fb160c07da6404a26922f3
[2025-10-14 12:36 UTC] HMAC Sent => 
amount=6.435&buyer_email=customer%40example.com&cancel_url=https%3A%2F%2Fmou.elbatal-app.com%2Fusers%2Fcrypto%2Fcancel.php&cmd=create_transaction&currency1=USD&currency2=USDT.TRC20&invoice=ORDER_68ee43c237eeb&ipn_url=https%3A%2F%2Fmou.elbatal-app.com%2Fusers%2Fcrypto%2Fipn.php&item_name=%2B6+Months&key=67390e8e994c2845f1a6b4583ac496687564127cc3e7cdc93be22dfbc3a0ef79&success_url=https%3A%2F%2Fmou.elbatal-app.com%2Fusers%2Fcrypto%2Fsuccess.php&version=1
bc750c01ad5000285fffec9c40f19490a9c587f9dde3d267da9f6d263d89ef49739696b1b71b8f90f1b6602c153fe44c4b10140357f809384d1e4924e4fe3768
[2025-10-17 22:05 UTC] HMAC Sent => 
amount=9.9&buyer_email=customer%40example.com&cancel_url=https%3A%2F%2Fmou.elbatal-app.com%2Fusers%2Fcrypto%2Fcancel.php&cmd=create_transaction&currency1=USD&currency2=USDT.TRC20&invoice=ORDER_68f2bdc288212&ipn_url=https%3A%2F%2Fmou.elbatal-app.com%2Fusers%2Fcrypto%2Fipn.php&item_name=%2B1+Year&key=67390e8e994c2845f1a6b4583ac496687564127cc3e7cdc93be22dfbc3a0ef79&success_url=https%3A%2F%2Fmou.elbatal-app.com%2Fusers%2Fcrypto%2Fsuccess.php&version=1
a2d1965bccfb2e9bf96cead3c957ffd773515072789ad050be57bbfe9de8d0ec71c17fb04953347e4f32646b8509c23cf6ea0b7cab1cff276d5eca183ec8e4bf
[2025-10-17 22:06 UTC] HMAC Sent => 
amount=9.9&buyer_email=customer%40example.com&cancel_url=https%3A%2F%2Fmou.elbatal-app.com%2Fusers%2Fcrypto%2Fcancel.php&cmd=create_transaction&currency1=USD&currency2=USDT.TRC20&invoice=ORDER_68f2bdc8b5a61&ipn_url=https%3A%2F%2Fmou.elbatal-app.com%2Fusers%2Fcrypto%2Fipn.php&item_name=%2B1+Year&key=67390e8e994c2845f1a6b4583ac496687564127cc3e7cdc93be22dfbc3a0ef79&success_url=https%3A%2F%2Fmou.elbatal-app.com%2Fusers%2Fcrypto%2Fsuccess.php&version=1
408578f17bc7d2bef4321e0f8bf00f86642d6d25337f5ce9a16de2a1a0bab80728e1830ae61133a36abdc7c57b0a3f55e943019ba8b3b0b400b649cea05ccd9c
[2025-10-19 08:48 UTC] HMAC Sent => 
amount=9.9&buyer_email=customer%40example.com&cancel_url=https%3A%2F%2Fmou.elbatal-app.com%2Fusers%2Fcrypto%2Fcancel.php&cmd=create_transaction&currency1=USD&currency2=USDT.TRC20&invoice=ORDER_68f4a5e12493d&ipn_url=https%3A%2F%2Fmou.elbatal-app.com%2Fusers%2Fcrypto%2Fipn.php&item_name=%2B1+Year&key=67390e8e994c2845f1a6b4583ac496687564127cc3e7cdc93be22dfbc3a0ef79&success_url=https%3A%2F%2Fmou.elbatal-app.com%2Fusers%2Fcrypto%2Fsuccess.php&version=1
66ad5f0f23e32f9b3f6f558c281270a783b1d07a65a5b93ccdb2e72f6e22d2089b3567d75063c8ccd6c223c30d523b2dea6e1a38683f111ec388f4a37d510c23
[2025-10-20 19:45 UTC] HMAC Sent => 
amount=9.9&buyer_email=customer%40example.com&cancel_url=https%3A%2F%2Fmou.elbatal-app.com%2Fusers%2Fcrypto%2Fcancel.php&cmd=create_transaction&currency1=USD&currency2=USDT.TRC20&invoice=ORDER_68f6914d02a59&ipn_url=https%3A%2F%2Fmou.elbatal-app.com%2Fusers%2Fcrypto%2Fipn.php&item_name=%2B1+Year&key=67390e8e994c2845f1a6b4583ac496687564127cc3e7cdc93be22dfbc3a0ef79&success_url=https%3A%2F%2Fmou.elbatal-app.com%2Fusers%2Fcrypto%2Fsuccess.php&version=1
d89cc067ba023358c288a7eb2fc2b46584d8b9daee3de59ace77b80da69b96a42b53caeaa9a45a17dd630bb3190f6c8df93372f1bc752ac0a1254039327c7299
[2025-10-20 20:14 UTC] HMAC Sent => 
amount=1.485&buyer_email=customer%40example.com&cancel_url=https%3A%2F%2Fmou.elbatal-app.com%2Fusers%2Fcrypto%2Fcancel.php&cmd=create_transaction&currency1=USD&currency2=USDT.TRC20&invoice=ORDER_68f6983e58edc&ipn_url=https%3A%2F%2Fmou.elbatal-app.com%2Fusers%2Fcrypto%2Fipn.php&item_name=%2B1+Month&key=67390e8e994c2845f1a6b4583ac496687564127cc3e7cdc93be22dfbc3a0ef79&success_url=https%3A%2F%2Fmou.elbatal-app.com%2Fusers%2Fcrypto%2Fsuccess.php&version=1
ef23456c67ae69b39a55e2dae145b287b00b4ee9aeae3b7c0ba6add15b9f344a7c1b326b9088b0ec2ad68132e359b3fd99d6c0828d3fab34275ebee949b3b77a
[2025-10-22 20:03 UTC] HMAC Sent => 
amount=6.435&buyer_email=customer%40example.com&cancel_url=https%3A%2F%2Fmou.elbatal-app.com%2Fusers%2Fcrypto%2Fcancel.php&cmd=create_transaction&currency1=USD&currency2=USDT.TRC20&invoice=ORDER_68f9389485307&ipn_url=https%3A%2F%2Fmou.elbatal-app.com%2Fusers%2Fcrypto%2Fipn.php&item_name=%2B6+Months&key=67390e8e994c2845f1a6b4583ac496687564127cc3e7cdc93be22dfbc3a0ef79&success_url=https%3A%2F%2Fmou.elbatal-app.com%2Fusers%2Fcrypto%2Fsuccess.php&version=1
a4047aae8e48e07ec3aa93939bba1c6c1cc13bc38913e877c5ee2adc12aa7857cf8208d60d41b17114a07115b5b23650cfbf52cb965958733791e839caa1f98d
[2025-10-25 16:57 UTC] HMAC Sent => 
amount=9.9&buyer_email=customer%40example.com&cancel_url=https%3A%2F%2Fmou.elbatal-app.com%2Fusers%2Fcrypto%2Fcancel.php&cmd=create_transaction&currency1=USD&currency2=USDT.TRC20&invoice=ORDER_68fd0161b1932&ipn_url=https%3A%2F%2Fmou.elbatal-app.com%2Fusers%2Fcrypto%2Fipn.php&item_name=%2B1+Year&key=67390e8e994c2845f1a6b4583ac496687564127cc3e7cdc93be22dfbc3a0ef79&success_url=https%3A%2F%2Fmou.elbatal-app.com%2Fusers%2Fcrypto%2Fsuccess.php&version=1
d9aa46ee219bac01c423e6bfdfe4e48772b3d992c39fcbbf1485dc7eb92941e2f79905c7fcb61881070dafde6ab6aee4558eb43a99195b748459c863c0de54c5
[2025-10-27 19:01 UTC] HMAC Sent => 
amount=9.9&buyer_email=customer%40example.com&cancel_url=https%3A%2F%2Fmou.elbatal-app.com%2Fusers%2Fcrypto%2Fcancel.php&cmd=create_transaction&currency1=USD&currency2=USDT.TRC20&invoice=ORDER_68ffc1830ea48&ipn_url=https%3A%2F%2Fmou.elbatal-app.com%2Fusers%2Fcrypto%2Fipn.php&item_name=%2B1+Year&key=67390e8e994c2845f1a6b4583ac496687564127cc3e7cdc93be22dfbc3a0ef79&success_url=https%3A%2F%2Fmou.elbatal-app.com%2Fusers%2Fcrypto%2Fsuccess.php&version=1
b952bd0e877c621c3d63ba02a83be9b6d4e9eff9530f44cc9ff55f5cd82dd527c9cba74cca154e7effa036e5922aa743975cf8bdf23563999fe3caecaefd95e9
[2025-11-09 18:05 UTC] HMAC Sent => 
amount=9.9&buyer_email=customer%40example.com&cancel_url=https%3A%2F%2Fmou.elbatal-app.com%2Fusers%2Fcrypto%2Fcancel.php&cmd=create_transaction&currency1=USD&currency2=USDT.TRC20&invoice=ORDER_6910d7dd9aed7&ipn_url=https%3A%2F%2Fmou.elbatal-app.com%2Fusers%2Fcrypto%2Fipn.php&item_name=%2B1+Year&key=67390e8e994c2845f1a6b4583ac496687564127cc3e7cdc93be22dfbc3a0ef79&success_url=https%3A%2F%2Fmou.elbatal-app.com%2Fusers%2Fcrypto%2Fsuccess.php&version=1
783779011599ff8a0280c751ac03d243779f69a6d62fa08a70ecf45368e032f3bcea931d0a82b75d1ee4d25408c5abde8621e428de6266cf74a35a833839f6fb
[2025-11-10 16:00 UTC] HMAC Sent => 
amount=3.96&buyer_email=customer%40example.com&cancel_url=https%3A%2F%2Fmou.elbatal-app.com%2Fusers%2Fcrypto%2Fcancel.php&cmd=create_transaction&currency1=USD&currency2=USDT.TRC20&invoice=ORDER_69120c1925521&ipn_url=https%3A%2F%2Fmou.elbatal-app.com%2Fusers%2Fcrypto%2Fipn.php&item_name=%2B3+Months&key=67390e8e994c2845f1a6b4583ac496687564127cc3e7cdc93be22dfbc3a0ef79&success_url=https%3A%2F%2Fmou.elbatal-app.com%2Fusers%2Fcrypto%2Fsuccess.php&version=1
979c04a41468d61e4cfdd30c73206fc0c25fb03514623103d4eb9f6c0889da0aca16c5f81686168f49afff1d82c651be7206a3d24ebe228380f1daf439de92bf
[2025-11-13 03:00 UTC] HMAC Sent => 
amount=3.96&buyer_email=customer%40example.com&cancel_url=https%3A%2F%2Fmou.elbatal-app.com%2Fusers%2Fcrypto%2Fcancel.php&cmd=create_transaction&currency1=USD&currency2=USDT.TRC20&invoice=ORDER_691549bdd3ae5&ipn_url=https%3A%2F%2Fmou.elbatal-app.com%2Fusers%2Fcrypto%2Fipn.php&item_name=%2B3+Months&key=67390e8e994c2845f1a6b4583ac496687564127cc3e7cdc93be22dfbc3a0ef79&success_url=https%3A%2F%2Fmou.elbatal-app.com%2Fusers%2Fcrypto%2Fsuccess.php&version=1
f2710418d71d257d3c6d567dbc5d5abd1cc971f3bca9190d00eda13c6ba809c3d4a66c58988093d600e5f1c071d6d88730bc6b1b6321b5165c44c3727d907144
[2025-12-09 13:12 UTC] HMAC Sent => 
amount=9.9&buyer_email=customer%40example.com&cancel_url=https%3A%2F%2Fmou.elbatal-app.com%2Fusers%2Fcrypto%2Fcancel.php&cmd=create_transaction&currency1=USD&currency2=USDT.TRC20&invoice=ORDER_6938204bdd953&ipn_url=https%3A%2F%2Fmou.elbatal-app.com%2Fusers%2Fcrypto%2Fipn.php&item_name=%2B1+Year&key=67390e8e994c2845f1a6b4583ac496687564127cc3e7cdc93be22dfbc3a0ef79&success_url=https%3A%2F%2Fmou.elbatal-app.com%2Fusers%2Fcrypto%2Fsuccess.php&version=1
8c47731931ad4ae640c617cc162caf5a7669ae70b6546e1dc6452d5d225425ed00ec271ce93e96db52924c178b6c9c5a1d88b4dac1f4df06d773d26cf74e8b9f
[2025-12-09 13:12 UTC] HMAC Recived => 
amount1=9.9&amount2=12.70834&buyer_name=CoinPayments+API&currency1=USD&currency2=USDT.TRC20&email=customer%40example.com&fee=2.90756&invoice=ORDER_6938204bdd953&ipn_id=28c29a3abe56de686913fa01255b925f&ipn_mode=hmac&ipn_type=api&ipn_version=1.0&item_name=%2B1+Year&merchant=e4e7cd20e63a730246557d3636e59ab8&received_amount=0&received_confirms=0&status=0&status_text=Waiting+for+buyer+funds...&txn_id=CPJL6E6ZIXNY0P6WOVQGWAGG12
c1aa3fd81e98edbe6b19f4aa5cc166d5a3e1aade41b4fdc1a91d6ff9cb7b3f0c33fec2ac229f81a010df4a2ece6b875b5bb2f500ea36368a9d35a833e287a2ca
[2025-12-09 13:12 UTC] Payment not complete.
[2025-12-09 13:12 UTC] HMAC Recived => 
amount1=9.9&amount2=12.70834&buyer_name=CoinPayments+API&currency1=USD&currency2=USDT.TRC20&email=customer%40example.com&fee=2.90756&invoice=ORDER_6938204bdd953&ipn_id=185d7c69c3f4a747c50cd014ca93f008&ipn_mode=hmac&ipn_type=api&ipn_version=1.0&item_name=%2B1+Year&merchant=e4e7cd20e63a730246557d3636e59ab8&received_amount=0&received_confirms=0&status=0&status_text=Waiting+for+buyer+funds...&txn_id=CPJL6E6ZIXNY0P6WOVQGWAGG12
05cba53817e161ea43ffe7f2261edd762c295b6f0bdbe53a1bbb06e5a4565b17f82cd7ba572b47943a48357293a4e92849702925eb2d48777c86b869b1668b49
[2025-12-09 13:12 UTC] Payment not complete.
[2025-12-09 15:13 UTC] HMAC Recived => 
amount1=9.9&amount2=12.70834&buyer_name=CoinPayments+API&currency1=USD&currency2=USDT.TRC20&email=customer%40example.com&fee=2.90756&invoice=ORDER_6938204bdd953&ipn_id=88427a80bab94f459c283500f9b00b02&ipn_mode=hmac&ipn_type=api&ipn_version=1.0&item_name=%2B1+Year&merchant=e4e7cd20e63a730246557d3636e59ab8&received_amount=0&received_confirms=0&status=-1&status_text=Cancelled+%2F+Timed+Out&txn_id=CPJL6E6ZIXNY0P6WOVQGWAGG12
27a4f84bb9fbb4561f94e7e85cb126e8d3db9dbc9bf1e0a59d2d69bbd99cfe505b7eb901d231e3f8e185ffb749fa06715cb68f9bb36136705a50f6d582d70844
[2025-12-09 15:13 UTC] Payment not complete.
[2025-12-09 19:38 UTC] HMAC Sent => 
amount=1.485&buyer_email=customer%40example.com&cancel_url=https%3A%2F%2Fmou.elbatal-app.com%2Fusers%2Fcrypto%2Fcancel.php&cmd=create_transaction&currency1=USD&currency2=USDT.TRC20&invoice=ORDER_69387aa945e95&ipn_url=https%3A%2F%2Fmou.elbatal-app.com%2Fusers%2Fcrypto%2Fipn.php&item_name=%2B1+Month&key=67390e8e994c2845f1a6b4583ac496687564127cc3e7cdc93be22dfbc3a0ef79&success_url=https%3A%2F%2Fmou.elbatal-app.com%2Fusers%2Fcrypto%2Fsuccess.php&version=1
0ad953cbe61f2286fa6e21ce17f4105ea57361d6635dfd5779259361f01b57d9a2c77536b8ba1a11d9cf6de41376ebe2a7f5b2c4ea46f96b5c939bf843d63f0c
[2025-12-09 19:38 UTC] HMAC Recived => 
amount1=1.485&amount2=4.30237&buyer_name=CoinPayments+API&currency1=USD&currency2=USDT.TRC20&email=customer%40example.com&fee=2.83281&invoice=ORDER_69387aa945e95&ipn_id=c3b8899229cad654711867b165b4b9fc&ipn_mode=hmac&ipn_type=api&ipn_version=1.0&item_name=%2B1+Month&merchant=e4e7cd20e63a730246557d3636e59ab8&received_amount=0&received_confirms=0&status=0&status_text=Waiting+for+buyer+funds...&txn_id=CPJL1ECCWBL4DENLTX0S5BLPAF
6de5d29fbe683f2528644173307bcbd3f02fa9b26af7e8243092446154956f19e5c54bf8bf79c9228d0a74d991f7e8bdcfdcd6dd3dc91ed8e7f72041eaf7ed13
[2025-12-09 19:38 UTC] Payment not complete.
[2025-12-09 19:39 UTC] HMAC Recived => 
amount1=1.485&amount2=4.30237&buyer_name=CoinPayments+API&currency1=USD&currency2=USDT.TRC20&email=customer%40example.com&fee=2.83281&invoice=ORDER_69387aa945e95&ipn_id=03917af0407e52a53a6ace419b317ff4&ipn_mode=hmac&ipn_type=api&ipn_version=1.0&item_name=%2B1+Month&merchant=e4e7cd20e63a730246557d3636e59ab8&received_amount=0&received_confirms=0&status=0&status_text=Waiting+for+buyer+funds...&txn_id=CPJL1ECCWBL4DENLTX0S5BLPAF
1a9f25da5cad029de5de676c1ce2118d59f1fa44d120db48b2d4a68cef47329768d5777866b67d21f4cab08263d8e1cb9da9f78805adc263b7368b3f42172a07
[2025-12-09 19:39 UTC] Payment not complete.
[2025-12-09 21:40 UTC] HMAC Recived => 
amount1=1.485&amount2=4.30237&buyer_name=CoinPayments+API&currency1=USD&currency2=USDT.TRC20&email=customer%40example.com&fee=2.83281&invoice=ORDER_69387aa945e95&ipn_id=1ea0542bdeac9c37bb0683c0f85c9f04&ipn_mode=hmac&ipn_type=api&ipn_version=1.0&item_name=%2B1+Month&merchant=e4e7cd20e63a730246557d3636e59ab8&received_amount=0&received_confirms=0&status=-1&status_text=Cancelled+%2F+Timed+Out&txn_id=CPJL1ECCWBL4DENLTX0S5BLPAF
fa07129b1d0f2f1c9969624dc9b2d968de6803b4975ca5dd85f74e6ad8c7cecd033e6ad44485235e50d5104eab63baa7fd511e828ccc19d433f8fa50bc484a06
[2025-12-09 21:40 UTC] Payment not complete.
[2025-12-16 06:59 UTC] HMAC Sent => 
amount=1.485&buyer_email=customer%40example.com&cancel_url=https%3A%2F%2Fmou.elbatal-app.com%2Fusers%2Fcrypto%2Fcancel.php&cmd=create_transaction&currency1=USD&currency2=USDT.TRC20&invoice=ORDER_6941034e9b228&ipn_url=https%3A%2F%2Fmou.elbatal-app.com%2Fusers%2Fcrypto%2Fipn.php&item_name=%2B1+Month&key=67390e8e994c2845f1a6b4583ac496687564127cc3e7cdc93be22dfbc3a0ef79&success_url=https%3A%2F%2Fmou.elbatal-app.com%2Fusers%2Fcrypto%2Fsuccess.php&version=1
858efc24b8d0dfda393cc4fdc21ee066fff5a12cc2a2f9b993e1487253a1bf5d6f821446e72f470323e9193da18ac6301dd61476ee4facaeb7ff07e1a21b84a7
[2025-12-16 07:00 UTC] HMAC Recived => 
amount1=1.485&amount2=4.34268&buyer_name=CoinPayments+API&currency1=USD&currency2=USDT.TRC20&email=customer%40example.com&fee=2.87228&invoice=ORDER_6941034e9b228&ipn_id=7506fea96b5321650e0e3c266679bae7&ipn_mode=hmac&ipn_type=api&ipn_version=1.0&item_name=%2B1+Month&merchant=e4e7cd20e63a730246557d3636e59ab8&received_amount=0&received_confirms=0&status=0&status_text=Waiting+for+buyer+funds...&txn_id=CPJL2830BLL7CYNMBNO41FE4FI
c6cafa8a2c1e4e57ff04a79adc3d744364567d84baf934b46d716ae4de6bceb00a7b1d476bce7c05ed9fded5034541cad6d69a109593e2c965f36316ae606055
[2025-12-16 07:00 UTC] Payment not complete.
[2025-12-16 07:08 UTC] HMAC Sent => 
amount=6.435&buyer_email=customer%40example.com&cancel_url=https%3A%2F%2Fmou.elbatal-app.com%2Fusers%2Fcrypto%2Fcancel.php&cmd=create_transaction&currency1=USD&currency2=USDT.TRC20&invoice=ORDER_69410589baccc&ipn_url=https%3A%2F%2Fmou.elbatal-app.com%2Fusers%2Fcrypto%2Fipn.php&item_name=%2B6+Months&key=67390e8e994c2845f1a6b4583ac496687564127cc3e7cdc93be22dfbc3a0ef79&success_url=https%3A%2F%2Fmou.elbatal-app.com%2Fusers%2Fcrypto%2Fsuccess.php&version=1
37c2950820413102cedf455157dc8cf08d5536509885bbcb5c4f54f58c7e99789219aa891ecfc197ba6f8a208816ec63fe63fb642e975971f6aaceb24861281a
[2025-12-16 07:09 UTC] HMAC Recived => 
amount1=6.435&amount2=9.35627&buyer_name=CoinPayments+API&currency1=USD&currency2=USDT.TRC20&email=customer%40example.com&fee=2.98454&invoice=ORDER_69410589baccc&ipn_id=955d02f47e2139c90e9e1b1c4470d3ee&ipn_mode=hmac&ipn_type=api&ipn_version=1.0&item_name=%2B6+Months&merchant=e4e7cd20e63a730246557d3636e59ab8&received_amount=0&received_confirms=0&status=0&status_text=Waiting+for+buyer+funds...&txn_id=CPJL70H06WYNZ6MIQ2QT0KAWXC
1606328b57c6bbbcd0d5fabc7237e12048805de0e69d6fb0f0100d79a02d1aa3b944389f1ff1ef3e37d43c2c6a1d86c1c5779d89b0d1231e80adef21dc683178
[2025-12-16 07:09 UTC] Payment not complete.
[2025-12-16 07:11 UTC] HMAC Recived => 
amount1=6.435&amount2=9.35627&buyer_name=CoinPayments+API&currency1=USD&currency2=USDT.TRC20&email=customer%40example.com&fee=2.98454&invoice=ORDER_69410589baccc&ipn_id=135dfaf6942393d57a48312f252dba6d&ipn_mode=hmac&ipn_type=api&ipn_version=1.0&item_name=%2B6+Months&merchant=e4e7cd20e63a730246557d3636e59ab8&received_amount=0&received_confirms=0&status=0&status_text=Waiting+for+buyer+funds...&txn_id=CPJL70H06WYNZ6MIQ2QT0KAWXC
dcebf0f8162bde3ff8921b5b38629e91a1f26bdaca89ef0a69046676a34a451ddc4a1b36c0db4620b066260161ed5d571d31a79bbe685dcbf29bdf686e9ee6e7
[2025-12-16 07:11 UTC] Payment not complete.
[2025-12-16 09:01 UTC] HMAC Recived => 
amount1=1.485&amount2=4.34268&buyer_name=CoinPayments+API&currency1=USD&currency2=USDT.TRC20&email=customer%40example.com&fee=2.87228&invoice=ORDER_6941034e9b228&ipn_id=4a1451607bbb2ced1d8decdb692a704b&ipn_mode=hmac&ipn_type=api&ipn_version=1.0&item_name=%2B1+Month&merchant=e4e7cd20e63a730246557d3636e59ab8&received_amount=0&received_confirms=0&status=-1&status_text=Cancelled+%2F+Timed+Out&txn_id=CPJL2830BLL7CYNMBNO41FE4FI
bb77b813f1844dc112494a7a2547a3c2b3c9c28d29c7d0ee6d1af18a65276289bfe7bdda72fa37b03dadba7c12def338e24fed2e34bb044cb8a0e7e62760eb9d
[2025-12-16 09:01 UTC] Payment not complete.
[2025-12-16 09:10 UTC] HMAC Recived => 
amount1=6.435&amount2=9.35627&buyer_name=CoinPayments+API&currency1=USD&currency2=USDT.TRC20&email=customer%40example.com&fee=2.98454&invoice=ORDER_69410589baccc&ipn_id=6df1d534622ec5d0116b4470ee817aba&ipn_mode=hmac&ipn_type=api&ipn_version=1.0&item_name=%2B6+Months&merchant=e4e7cd20e63a730246557d3636e59ab8&received_amount=0&received_confirms=0&status=-1&status_text=Cancelled+%2F+Timed+Out&txn_id=CPJL70H06WYNZ6MIQ2QT0KAWXC
b12c0835455e39ea8a4d33305bd4be2063bd834a6acd4cbc665fee6d691766d569100259ff1fe44f5fc5f20c1f84b445890f9747235a19e99e2c1b787be199ed
[2025-12-16 09:10 UTC] Payment not complete.
[2025-12-28 10:53 UTC] HMAC Sent => 
amount=1.485&buyer_email=customer%40example.com&cancel_url=https%3A%2F%2Fmou.elbatal-app.com%2Fusers%2Fcrypto%2Fcancel.php&cmd=create_transaction&currency1=USD&currency2=USDT.TRC20&invoice=ORDER_69510c35c08e1&ipn_url=https%3A%2F%2Fmou.elbatal-app.com%2Fusers%2Fcrypto%2Fipn.php&item_name=%2B1+Month&key=67390e8e994c2845f1a6b4583ac496687564127cc3e7cdc93be22dfbc3a0ef79&success_url=https%3A%2F%2Fmou.elbatal-app.com%2Fusers%2Fcrypto%2Fsuccess.php&version=1
f9f3c24d87d0f3eb72c537260e3a556ceace5f0bf6889ea90cdfd9bf56483440875416551a0d6ce9b64027b4efc2dc0aa49eb408be8cc2c10ead10b9562ca646
[2025-12-28 10:53 UTC] HMAC Recived => 
amount1=1.485&amount2=4.32478&buyer_name=CoinPayments+API&currency1=USD&currency2=USDT.TRC20&email=customer%40example.com&fee=2.853&invoice=ORDER_69510c35c08e1&ipn_id=771c4682367dc0e47da746683df74bd1&ipn_mode=hmac&ipn_type=api&ipn_version=1.0&item_name=%2B1+Month&merchant=e4e7cd20e63a730246557d3636e59ab8&received_amount=0&received_confirms=0&status=0&status_text=Waiting+for+buyer+funds...&txn_id=CPJL6CNC3M0LRRCENKNPRKCDRP
c82c26dbc1eb823f01079a950895e0fa5b884512071dac7326107cceb4a1a2f430b38a72b173aca298464cc0bcbac15778c20182561ca7d6c5d3452da6477afa
[2025-12-28 10:53 UTC] Payment not complete.
[2025-12-28 12:54 UTC] HMAC Recived => 
amount1=1.485&amount2=4.32478&buyer_name=CoinPayments+API&currency1=USD&currency2=USDT.TRC20&email=customer%40example.com&fee=2.853&invoice=ORDER_69510c35c08e1&ipn_id=6d86cb868a2a02f9b0091dffcfb19397&ipn_mode=hmac&ipn_type=api&ipn_version=1.0&item_name=%2B1+Month&merchant=e4e7cd20e63a730246557d3636e59ab8&received_amount=0&received_confirms=0&status=-1&status_text=Cancelled+%2F+Timed+Out&txn_id=CPJL6CNC3M0LRRCENKNPRKCDRP
0303aff4223e330671fef423b6667e8fada6d88ea3f750f73b6916d19f7393576be781a4d56ae127c20bd56934bb40b82207c7fb86ffe9d47bbcfc2da70ebefc
[2025-12-28 12:54 UTC] Payment not complete.
[2026-01-01 17:04 UTC] HMAC Sent => 
amount=9.9&buyer_email=customer%40example.com&cancel_url=https%3A%2F%2Fmou.elbatal-app.com%2Fusers%2Fcrypto%2Fcancel.php&cmd=create_transaction&currency1=USD&currency2=USDT.TRC20&invoice=ORDER_6956a935848f7&ipn_url=https%3A%2F%2Fmou.elbatal-app.com%2Fusers%2Fcrypto%2Fipn.php&item_name=%2B1+Year&key=67390e8e994c2845f1a6b4583ac496687564127cc3e7cdc93be22dfbc3a0ef79&success_url=https%3A%2F%2Fmou.elbatal-app.com%2Fusers%2Fcrypto%2Fsuccess.php&version=1
436f709b869f0cc82588ef78edf920fc6be93be4988f6ae581e4ce5cfc80d18b075868a04b8bc4a9ddcde3d46132c0ba5ee2164708532d41e6d8644d97c0ab4e
[2026-01-01 17:04 UTC] HMAC Sent => 
amount=9.9&buyer_email=customer%40example.com&cancel_url=https%3A%2F%2Fmou.elbatal-app.com%2Fusers%2Fcrypto%2Fcancel.php&cmd=create_transaction&currency1=USD&currency2=USDT.TRC20&invoice=ORDER_6956a9379e697&ipn_url=https%3A%2F%2Fmou.elbatal-app.com%2Fusers%2Fcrypto%2Fipn.php&item_name=%2B1+Year&key=67390e8e994c2845f1a6b4583ac496687564127cc3e7cdc93be22dfbc3a0ef79&success_url=https%3A%2F%2Fmou.elbatal-app.com%2Fusers%2Fcrypto%2Fsuccess.php&version=1
6e8623cf9a647043c8e4a2d269c8d811a9864a1e47eca4c7ad472262bbab8c79b67689d586de57649f371ca4bdad6fecccb189e63ea71bb37c87940f6cf2a556
[2026-01-01 17:05 UTC] HMAC Recived => 
amount1=9.9&amount2=12.96024&buyer_name=CoinPayments+API&currency1=USD&currency2=USDT.TRC20&email=customer%40example.com&fee=3.14762&invoice=ORDER_6956a935848f7&ipn_id=eab4c8c7f09a9a09c3105df9d0a9708f&ipn_mode=hmac&ipn_type=api&ipn_version=1.0&item_name=%2B1+Year&merchant=e4e7cd20e63a730246557d3636e59ab8&received_amount=0&received_confirms=0&status=0&status_text=Waiting+for+buyer+funds...&txn_id=CPKA4TXGRLQ7XRVYWYXY8BXWOX
8a6a1395aa360381273c4fd0325cb5848a6e735cd348e3d126beb386312f8d048fd88555b6990f85d9343ce546213e359196c1d34e90142b6ae777d1aa29d8d4
[2026-01-01 17:05 UTC] Payment not complete.
[2026-01-01 17:05 UTC] HMAC Recived => 
amount1=9.9&amount2=12.96024&buyer_name=CoinPayments+API&currency1=USD&currency2=USDT.TRC20&email=customer%40example.com&fee=3.14762&invoice=ORDER_6956a9379e697&ipn_id=8d2f045e8500eb9bc17fc15f4cae42cc&ipn_mode=hmac&ipn_type=api&ipn_version=1.0&item_name=%2B1+Year&merchant=e4e7cd20e63a730246557d3636e59ab8&received_amount=0&received_confirms=0&status=0&status_text=Waiting+for+buyer+funds...&txn_id=CPKA3O1AQ6SB3N7Y3XAS6FKUSV
58ef70821a792a17958596b78ce0eba66f039098e458d0cb771812258df9f0bb77266e97bd950f1d419a8363810d3a54c9e1603d054b6894a3d41891980a1e63
[2026-01-01 17:05 UTC] Payment not complete.
[2026-01-01 17:05 UTC] HMAC Recived => 
amount1=9.9&amount2=12.96024&buyer_name=CoinPayments+API&currency1=USD&currency2=USDT.TRC20&email=customer%40example.com&fee=3.14762&invoice=ORDER_6956a935848f7&ipn_id=6b88d2a372da914a2793c5a01d2bf0f9&ipn_mode=hmac&ipn_type=api&ipn_version=1.0&item_name=%2B1+Year&merchant=e4e7cd20e63a730246557d3636e59ab8&received_amount=0&received_confirms=0&status=0&status_text=Waiting+for+buyer+funds...&txn_id=CPKA4TXGRLQ7XRVYWYXY8BXWOX
8cec35082956a82821941df29fe7e207e401b0eeb7201d3ab2fcb6f40234f4f1079d8af428e1e4521ee8080ca22ff548fd41fd6b596e4f539ddb190ef568bebd
[2026-01-01 17:05 UTC] Payment not complete.
[2026-01-01 17:06 UTC] HMAC Recived => 
amount1=9.9&amount2=12.96024&buyer_name=CoinPayments+API&currency1=USD&currency2=USDT.TRC20&email=customer%40example.com&fee=3.14762&invoice=ORDER_6956a9379e697&ipn_id=13acc2c67b0eb5df090e088370e293a1&ipn_mode=hmac&ipn_type=api&ipn_version=1.0&item_name=%2B1+Year&merchant=e4e7cd20e63a730246557d3636e59ab8&received_amount=0&received_confirms=0&status=0&status_text=Waiting+for+buyer+funds...&txn_id=CPKA3O1AQ6SB3N7Y3XAS6FKUSV
907b908a449668642b9df3b7ac6d82443ea2f778fa8f1e135637d8bd20042d5c96c11e65aec8eeee2c9d819a6462d801f27040ade2d8be22b1c322daee9aa2a6
[2026-01-01 17:06 UTC] Payment not complete.
[2026-01-01 19:05 UTC] HMAC Recived => 
amount1=9.9&amount2=12.96024&buyer_name=CoinPayments+API&currency1=USD&currency2=USDT.TRC20&email=customer%40example.com&fee=3.14762&invoice=ORDER_6956a935848f7&ipn_id=e51078ceb1c19a6b16ec8720b00ebc68&ipn_mode=hmac&ipn_type=api&ipn_version=1.0&item_name=%2B1+Year&merchant=e4e7cd20e63a730246557d3636e59ab8&received_amount=0&received_confirms=0&status=-1&status_text=Cancelled+%2F+Timed+Out&txn_id=CPKA4TXGRLQ7XRVYWYXY8BXWOX
fe6a383a8faad831ed374a1e7ecf4a68c473e46bac828be5591773c56fe123ea13278de2f1991b24055d1c5ead2ac8b96f06409508776ad127782ef3f91b09ff
[2026-01-01 19:05 UTC] Payment not complete.
[2026-01-01 19:05 UTC] HMAC Recived => 
amount1=9.9&amount2=12.96024&buyer_name=CoinPayments+API&currency1=USD&currency2=USDT.TRC20&email=customer%40example.com&fee=3.14762&invoice=ORDER_6956a9379e697&ipn_id=3102c4b86749c3b8d46a1f115daf77b4&ipn_mode=hmac&ipn_type=api&ipn_version=1.0&item_name=%2B1+Year&merchant=e4e7cd20e63a730246557d3636e59ab8&received_amount=0&received_confirms=0&status=-1&status_text=Cancelled+%2F+Timed+Out&txn_id=CPKA3O1AQ6SB3N7Y3XAS6FKUSV
af0ec0047a88903f0065d6392bc8bc2c99db2cb7b2396997e1a9b30b79bf1591ef82f159b71f52d359475ddfd82a069c84d25b7bba6041a267325d0fdcf8bb29
[2026-01-01 19:05 UTC] Payment not complete.
[2026-01-03 08:13 UTC] HMAC Sent => 
amount=9.9&buyer_email=customer%40example.com&cancel_url=https%3A%2F%2Fmou.elbatal-app.com%2Fusers%2Fcrypto%2Fcancel.php&cmd=create_transaction&currency1=USD&currency2=USDT.TRC20&invoice=ORDER_6958cfaf1c944&ipn_url=https%3A%2F%2Fmou.elbatal-app.com%2Fusers%2Fcrypto%2Fipn.php&item_name=%2B1+Year&key=67390e8e994c2845f1a6b4583ac496687564127cc3e7cdc93be22dfbc3a0ef79&success_url=https%3A%2F%2Fmou.elbatal-app.com%2Fusers%2Fcrypto%2Fsuccess.php&version=1
583c65f601a793129d8e69a12e632879f395ad67ed56955e7b3f02c19202cd7ceea52717883c7a9616a007a8c839964b0457907d7868f66e8dd904d82461b9f7
[2026-01-03 08:13 UTC] HMAC Recived => 
amount1=9.9&amount2=12.79273&buyer_name=CoinPayments+API&currency1=USD&currency2=USDT.TRC20&email=customer%40example.com&fee=2.98372&invoice=ORDER_6958cfaf1c944&ipn_id=10e073fd3fdf681cf2478c3a3480346a&ipn_mode=hmac&ipn_type=api&ipn_version=1.0&item_name=%2B1+Year&merchant=e4e7cd20e63a730246557d3636e59ab8&received_amount=0&received_confirms=0&status=0&status_text=Waiting+for+buyer+funds...&txn_id=CPKA5XAK6WUVOKIJ25254I1NXX
fd97df31c4e840004679b5cfc68cfd3ddac6a0dc522d18dd15a17419070f3c0c7ef6fe4e9ea1c996a3fbae10adb3190a5733b725cb7c39b53e2f421c52475eae
[2026-01-03 08:13 UTC] Payment not complete.
[2026-01-03 08:13 UTC] HMAC Recived => 
amount1=9.9&amount2=12.79273&buyer_name=CoinPayments+API&currency1=USD&currency2=USDT.TRC20&email=customer%40example.com&fee=2.98372&invoice=ORDER_6958cfaf1c944&ipn_id=023e7fc4409ed753a6779ae402f4571d&ipn_mode=hmac&ipn_type=api&ipn_version=1.0&item_name=%2B1+Year&merchant=e4e7cd20e63a730246557d3636e59ab8&received_amount=0&received_confirms=0&status=0&status_text=Waiting+for+buyer+funds...&txn_id=CPKA5XAK6WUVOKIJ25254I1NXX
7ae542aa87701513be9c3badbff7a1ce6c9623daed7c8a2934366ad08bd6531dd5715282a1ede29082993e8cc3c50c58e05363c559c1a380417d2f6e87606679
[2026-01-03 08:13 UTC] Payment not complete.
[2026-01-03 10:14 UTC] HMAC Recived => 
amount1=9.9&amount2=12.79273&buyer_name=CoinPayments+API&currency1=USD&currency2=USDT.TRC20&email=customer%40example.com&fee=2.98372&invoice=ORDER_6958cfaf1c944&ipn_id=4de945a392bbd8d4499beeb3b09a6912&ipn_mode=hmac&ipn_type=api&ipn_version=1.0&item_name=%2B1+Year&merchant=e4e7cd20e63a730246557d3636e59ab8&received_amount=0&received_confirms=0&status=-1&status_text=Cancelled+%2F+Timed+Out&txn_id=CPKA5XAK6WUVOKIJ25254I1NXX
0405c0a4d2830446a4424680fffb73c79ed9dd1ee098ba6b7808aac67fb6471d5800756aea99dd6f3e6c66a25eb30cb794b2553d406f4899a31d8019e2901e24
[2026-01-03 10:14 UTC] Payment not complete.
[2026-01-04 05:39 UTC] HMAC Sent => 
amount=9.9&buyer_email=customer%40example.com&cancel_url=https%3A%2F%2Fmou.elbatal-app.com%2Fusers%2Fcrypto%2Fcancel.php&cmd=create_transaction&currency1=USD&currency2=USDT.TRC20&invoice=ORDER_6959fd1e72352&ipn_url=https%3A%2F%2Fmou.elbatal-app.com%2Fusers%2Fcrypto%2Fipn.php&item_name=%2B1+Year&key=67390e8e994c2845f1a6b4583ac496687564127cc3e7cdc93be22dfbc3a0ef79&success_url=https%3A%2F%2Fmou.elbatal-app.com%2Fusers%2Fcrypto%2Fsuccess.php&version=1
9ef290a67a70aad871f8cdb1de184f4b777043241b709caa49faabea41798fdcd5db7cc578b45e9e86b9890cc76d2ea3b3b86e2637a9ccfaa688d0f36506baf2
[2026-01-04 05:39 UTC] HMAC Recived => 
amount1=9.9&amount2=12.84678&buyer_name=CoinPayments+API&currency1=USD&currency2=USDT.TRC20&email=customer%40example.com&fee=3.04426&invoice=ORDER_6959fd1e72352&ipn_id=4c1b59186cffc203bbaac36e527663e7&ipn_mode=hmac&ipn_type=api&ipn_version=1.0&item_name=%2B1+Year&merchant=e4e7cd20e63a730246557d3636e59ab8&received_amount=0&received_confirms=0&status=0&status_text=Waiting+for+buyer+funds...&txn_id=CPKA24ZZGCFAMFDSGF2U5B2UN4
92d554356d70a3e86c1f89aaabd24e1853418fab667df6f063836965d1b8eb730ed11455517ad4984e47b321d1c4f81b2432885efefa64d924440568f86bf604
[2026-01-04 05:39 UTC] Payment not complete.
[2026-01-04 05:39 UTC] HMAC Recived => 
amount1=9.9&amount2=12.84678&buyer_name=CoinPayments+API&currency1=USD&currency2=USDT.TRC20&email=customer%40example.com&fee=3.04426&invoice=ORDER_6959fd1e72352&ipn_id=b90729e09bea1316d17219c64fa540c6&ipn_mode=hmac&ipn_type=api&ipn_version=1.0&item_name=%2B1+Year&merchant=e4e7cd20e63a730246557d3636e59ab8&received_amount=0&received_confirms=0&status=0&status_text=Waiting+for+buyer+funds...&txn_id=CPKA24ZZGCFAMFDSGF2U5B2UN4
d1752d8843fc6f5c75155d6fba5eeea0b38d81a0736598b674261b69c07ff290581501eb06ec0c119c5774876a05fe92b78567186a5d2db652deb501bf3c3ff4
[2026-01-04 05:39 UTC] Payment not complete.
[2026-01-04 07:40 UTC] HMAC Recived => 
amount1=9.9&amount2=12.84678&buyer_name=CoinPayments+API&currency1=USD&currency2=USDT.TRC20&email=customer%40example.com&fee=3.04426&invoice=ORDER_6959fd1e72352&ipn_id=6769889df3c579fb2e68cf84c6b5f1a8&ipn_mode=hmac&ipn_type=api&ipn_version=1.0&item_name=%2B1+Year&merchant=e4e7cd20e63a730246557d3636e59ab8&received_amount=0&received_confirms=0&status=-1&status_text=Cancelled+%2F+Timed+Out&txn_id=CPKA24ZZGCFAMFDSGF2U5B2UN4
12f50185a5b0b84aabd1ae3c1e35fda13df986605e3c36cbbb4997fc67896fcbb1a55e055ea7b9edc898ea7ddfb0e6d1e399a0d35abec2be3c4082c66d5e90b8
[2026-01-04 07:40 UTC] Payment not complete.
[2026-01-04 11:27 UTC] HMAC Sent => 
amount=9.9&buyer_email=customer%40example.com&cancel_url=https%3A%2F%2Fmou.elbatal-app.com%2Fusers%2Fcrypto%2Fcancel.php&cmd=create_transaction&currency1=USD&currency2=USDT.TRC20&invoice=ORDER_695a4ebe76a10&ipn_url=https%3A%2F%2Fmou.elbatal-app.com%2Fusers%2Fcrypto%2Fipn.php&item_name=%2B1+Year&key=67390e8e994c2845f1a6b4583ac496687564127cc3e7cdc93be22dfbc3a0ef79&success_url=https%3A%2F%2Fmou.elbatal-app.com%2Fusers%2Fcrypto%2Fsuccess.php&version=1
4127af068f823d0efc0ad934740e613c52e81ced661b4f8697a2ff7220ee4278b00b1ffa4d46ef94ca9b5eda29e8179a24b77b2af76e4c3ac2f61a1937720d3e
[2026-01-04 11:28 UTC] HMAC Recived => 
amount1=9.9&amount2=12.84079&buyer_name=CoinPayments+API&currency1=USD&currency2=USDT.TRC20&email=customer%40example.com&fee=3.03406&invoice=ORDER_695a4ebe76a10&ipn_id=03840a9484bd22349d4818abd26eeceb&ipn_mode=hmac&ipn_type=api&ipn_version=1.0&item_name=%2B1+Year&merchant=e4e7cd20e63a730246557d3636e59ab8&received_amount=0&received_confirms=0&status=0&status_text=Waiting+for+buyer+funds...&txn_id=CPKA2YL9OEKCBZGHMASH3YAECC
aa101e314e7bbc454dc61193d34c63eafff1372f0196fdb529db3d38bc77314f9bbbc80d390dcf430800d33ca5159eedaae5b680542a4912bd04eeeebe8f3f95
[2026-01-04 11:28 UTC] Payment not complete.
[2026-01-04 11:28 UTC] HMAC Recived => 
amount1=9.9&amount2=12.84079&buyer_name=CoinPayments+API&currency1=USD&currency2=USDT.TRC20&email=customer%40example.com&fee=3.03406&invoice=ORDER_695a4ebe76a10&ipn_id=ea6c9e82b61ccec68f77761cf3ef6436&ipn_mode=hmac&ipn_type=api&ipn_version=1.0&item_name=%2B1+Year&merchant=e4e7cd20e63a730246557d3636e59ab8&received_amount=0&received_confirms=0&status=0&status_text=Waiting+for+buyer+funds...&txn_id=CPKA2YL9OEKCBZGHMASH3YAECC
1f875ad086a3ebddce6da43b23da81c83efff479e73488006f64a5672cec963d6e31a42709a2adf5c558348bd64872e44c1aa6d9332bd7c682dbecc6218151ef
[2026-01-04 11:28 UTC] Payment not complete.
[2026-01-04 13:29 UTC] HMAC Recived => 
amount1=9.9&amount2=12.84079&buyer_name=CoinPayments+API&currency1=USD&currency2=USDT.TRC20&email=customer%40example.com&fee=3.03406&invoice=ORDER_695a4ebe76a10&ipn_id=72f5c47b335d4b33ff8b4a7b7dbe8b32&ipn_mode=hmac&ipn_type=api&ipn_version=1.0&item_name=%2B1+Year&merchant=e4e7cd20e63a730246557d3636e59ab8&received_amount=0&received_confirms=0&status=-1&status_text=Cancelled+%2F+Timed+Out&txn_id=CPKA2YL9OEKCBZGHMASH3YAECC
f19ca824a10b5ac353242ce2817016441329d7260a68a4d0dd087d5a6bc85a45c51c4421b65a22e6a33cfccafd02d12291ac1cd9e0295c30e8bd74a80afb7ca3
[2026-01-04 13:29 UTC] Payment not complete.
[2026-01-05 23:05 UTC] HMAC Sent => 
amount=9.9&buyer_email=customer%40example.com&cancel_url=https%3A%2F%2Fmou.elbatal-app.com%2Fusers%2Fcrypto%2Fcancel.php&cmd=create_transaction&currency1=USD&currency2=USDT.TRC20&invoice=ORDER_695c43bb4c77c&ipn_url=https%3A%2F%2Fmou.elbatal-app.com%2Fusers%2Fcrypto%2Fipn.php&item_name=%2B1+Year&key=67390e8e994c2845f1a6b4583ac496687564127cc3e7cdc93be22dfbc3a0ef79&success_url=https%3A%2F%2Fmou.elbatal-app.com%2Fusers%2Fcrypto%2Fsuccess.php&version=1
680c9c602f86049be99194096931666acee9706d78ddb4244271b8688f65c68b706ca39d367ddedc3e5cf386468e57e821958274c1c78960cc252026f9dd8159
[2026-01-05 23:05 UTC] HMAC Recived => 
amount1=9.9&amount2=12.82285&buyer_name=CoinPayments+API&currency1=USD&currency2=USDT.TRC20&email=customer%40example.com&fee=3.02586&invoice=ORDER_695c43bb4c77c&ipn_id=f2a45b9a89f502fc97af1eb5d8c913ce&ipn_mode=hmac&ipn_type=api&ipn_version=1.0&item_name=%2B1+Year&merchant=e4e7cd20e63a730246557d3636e59ab8&received_amount=0&received_confirms=0&status=0&status_text=Waiting+for+buyer+funds...&txn_id=CPKA2OHFQML8CLDUOEBYFZXOCC
bbd7d2f27098697b7785c3d37072ed74158c0c3727d2e5262bc662e9f21cc073b6075915dfb21cca381d1f5174c8aae529cee8c5b1384d576edf7092e8cc9bf7
[2026-01-05 23:05 UTC] Payment not complete.
[2026-01-05 23:06 UTC] HMAC Recived => 
amount1=9.9&amount2=12.82285&buyer_name=CoinPayments+API&currency1=USD&currency2=USDT.TRC20&email=customer%40example.com&fee=3.02586&invoice=ORDER_695c43bb4c77c&ipn_id=51e4f0eb0f9bb788e818830ae18e53e1&ipn_mode=hmac&ipn_type=api&ipn_version=1.0&item_name=%2B1+Year&merchant=e4e7cd20e63a730246557d3636e59ab8&received_amount=0&received_confirms=0&status=0&status_text=Waiting+for+buyer+funds...&txn_id=CPKA2OHFQML8CLDUOEBYFZXOCC
bb0568977f55cd87ed02617f7febd202c5a16b7ce4af37991f4c014623c92f3a62b14a95fe11b23c4cb3c7d5f5b64a7a594c1fa2fea5631cac1452611e8b4f45
[2026-01-05 23:06 UTC] Payment not complete.
[2026-01-06 01:06 UTC] HMAC Recived => 
amount1=9.9&amount2=12.82285&buyer_name=CoinPayments+API&currency1=USD&currency2=USDT.TRC20&email=customer%40example.com&fee=3.02586&invoice=ORDER_695c43bb4c77c&ipn_id=01a109f438586c375bd9afd1fc56582f&ipn_mode=hmac&ipn_type=api&ipn_version=1.0&item_name=%2B1+Year&merchant=e4e7cd20e63a730246557d3636e59ab8&received_amount=0&received_confirms=0&status=-1&status_text=Cancelled+%2F+Timed+Out&txn_id=CPKA2OHFQML8CLDUOEBYFZXOCC
d474e9c7a2e026a84db04b3b214b61eca8d21e35c1e7caaf0fe5390bcf09111999fad6915736c49eba9d020b2cafe70080bc6e7f87626f546452209b52d00505
[2026-01-06 01:06 UTC] Payment not complete.
[2026-01-07 22:44 UTC] HMAC Sent => 
amount=9.9&buyer_email=customer%40example.com&cancel_url=https%3A%2F%2Fmou.elbatal-app.com%2Fusers%2Fcrypto%2Fcancel.php&cmd=create_transaction&currency1=USD&currency2=USDT.TRC20&invoice=ORDER_695ee1d66f204&ipn_url=https%3A%2F%2Fmou.elbatal-app.com%2Fusers%2Fcrypto%2Fipn.php&item_name=%2B1+Year&key=67390e8e994c2845f1a6b4583ac496687564127cc3e7cdc93be22dfbc3a0ef79&success_url=https%3A%2F%2Fmou.elbatal-app.com%2Fusers%2Fcrypto%2Fsuccess.php&version=1
6ac35052f25562421309b568a0ab17d1e435c4b197f5544b3b4cc53bf8fd09d6bc27faae99e5ea9829d494f11bae7d76419d807ce34616eccdcf5d8748b4e6b2
[2026-01-07 22:44 UTC] HMAC Recived => 
amount1=9.9&amount2=12.92081&buyer_name=CoinPayments+API&currency1=USD&currency2=USDT.TRC20&email=customer%40example.com&fee=3.10939&invoice=ORDER_695ee1d66f204&ipn_id=e60866701dd719229ea1209e05c9f197&ipn_mode=hmac&ipn_type=api&ipn_version=1.0&item_name=%2B1+Year&merchant=e4e7cd20e63a730246557d3636e59ab8&received_amount=0&received_confirms=0&status=0&status_text=Waiting+for+buyer+funds...&txn_id=CPKA0JD2Y0EDLUAXJVHGAHUEFW
66f44a1d2d715edb8ff650486fb5bab03a1409fcddfc7286abcdf51eb4cbd99c17aa93baf597af3c02794bc001519db4ec914e39bf6648ac117a6e072ebc224d
[2026-01-07 22:44 UTC] Payment not complete.
[2026-01-07 22:45 UTC] HMAC Recived => 
amount1=9.9&amount2=12.92081&buyer_name=CoinPayments+API&currency1=USD&currency2=USDT.TRC20&email=customer%40example.com&fee=3.10939&invoice=ORDER_695ee1d66f204&ipn_id=18786f3530083c4f5c8642e7519a1b57&ipn_mode=hmac&ipn_type=api&ipn_version=1.0&item_name=%2B1+Year&merchant=e4e7cd20e63a730246557d3636e59ab8&received_amount=0&received_confirms=0&status=0&status_text=Waiting+for+buyer+funds...&txn_id=CPKA0JD2Y0EDLUAXJVHGAHUEFW
803c377121ddb2099bfce794f90b588357077e15c33dcba0f3f3a42346dbdbab4b3dfda6a662a6f276a554ec80648472a0cdcad2a00abc63f30bf11a91a17200
[2026-01-07 22:45 UTC] Payment not complete.
[2026-01-08 00:46 UTC] HMAC Recived => 
amount1=9.9&amount2=12.92081&buyer_name=CoinPayments+API&currency1=USD&currency2=USDT.TRC20&email=customer%40example.com&fee=3.10939&invoice=ORDER_695ee1d66f204&ipn_id=2927a3fa93756bd1ecbba32e54169ecd&ipn_mode=hmac&ipn_type=api&ipn_version=1.0&item_name=%2B1+Year&merchant=e4e7cd20e63a730246557d3636e59ab8&received_amount=0&received_confirms=0&status=-1&status_text=Cancelled+%2F+Timed+Out&txn_id=CPKA0JD2Y0EDLUAXJVHGAHUEFW
fbd1bce3023b8ab9030f5be4e80ed1c24468582d95e44af5559001ac322a2d948dd9fc963b4dbe52c058f2b0bbf7e299619763ede7d5e9cf6419ad76cdddd28f
[2026-01-08 00:46 UTC] Payment not complete.
[2026-01-11 00:31 UTC] HMAC Sent => 
amount=9.9&buyer_email=customer%40example.com&cancel_url=https%3A%2F%2Fmou.elbatal-app.com%2Fusers%2Fcrypto%2Fcancel.php&cmd=create_transaction&currency1=USD&currency2=USDT.TRC20&invoice=ORDER_6962ef4dc3072&ipn_url=https%3A%2F%2Fmou.elbatal-app.com%2Fusers%2Fcrypto%2Fipn.php&item_name=%2B1+Year&key=67390e8e994c2845f1a6b4583ac496687564127cc3e7cdc93be22dfbc3a0ef79&success_url=https%3A%2F%2Fmou.elbatal-app.com%2Fusers%2Fcrypto%2Fsuccess.php&version=1
95f384dd2c6f8a3a6efa8b8db9f103a001fb8cf32f4457e7f3aeebeb1a75c9218e9910887649a420275a18181e75e61caa216feeb487a9cb97303d6963319de8
[2026-01-11 00:31 UTC] HMAC Recived => 
amount1=9.9&amount2=12.94028&buyer_name=CoinPayments+API&currency1=USD&currency2=USDT.TRC20&email=customer%40example.com&fee=3.12698&invoice=ORDER_6962ef4dc3072&ipn_id=4edeb6d1df909dcffaee89500fb9c4eb&ipn_mode=hmac&ipn_type=api&ipn_version=1.0&item_name=%2B1+Year&merchant=e4e7cd20e63a730246557d3636e59ab8&received_amount=0&received_confirms=0&status=0&status_text=Waiting+for+buyer+funds...&txn_id=CPKA6VJ8P6QPUOKB4MUWQUKPDE
9df92ee6e633d137a29a18919e0b20e7695b19303a368fcd3672755f31b44f0ad9f0bfd5de7e8c4c498ea8a63eeeff73f262114e629428a69f8778db5239a55e
[2026-01-11 00:31 UTC] Payment not complete.
[2026-01-11 02:32 UTC] HMAC Recived => 
amount1=9.9&amount2=12.94028&buyer_name=CoinPayments+API&currency1=USD&currency2=USDT.TRC20&email=customer%40example.com&fee=3.12698&invoice=ORDER_6962ef4dc3072&ipn_id=a6944608898e8715b2b7e77429d43f61&ipn_mode=hmac&ipn_type=api&ipn_version=1.0&item_name=%2B1+Year&merchant=e4e7cd20e63a730246557d3636e59ab8&received_amount=0&received_confirms=0&status=-1&status_text=Cancelled+%2F+Timed+Out&txn_id=CPKA6VJ8P6QPUOKB4MUWQUKPDE
7671ab93bdb4a01e15a2cbca5307787c434e4e5765ab174cf5f214a73a7afcdcddca080233af2aa82fdaf24f8db22e0f3f11668509dd2d98d27bf5e565b2a4eb
[2026-01-11 02:32 UTC] Payment not complete.
[2026-01-11 17:47 UTC] HMAC Sent => 
amount=1.485&buyer_email=customer%40example.com&cancel_url=https%3A%2F%2Fmou.elbatal-app.com%2Fusers%2Fcrypto%2Fcancel.php&cmd=create_transaction&currency1=USD&currency2=USDT.TRC20&invoice=ORDER_6963e24f1c441&ipn_url=https%3A%2F%2Fmou.elbatal-app.com%2Fusers%2Fcrypto%2Fipn.php&item_name=%2B1+Month&key=67390e8e994c2845f1a6b4583ac496687564127cc3e7cdc93be22dfbc3a0ef79&success_url=https%3A%2F%2Fmou.elbatal-app.com%2Fusers%2Fcrypto%2Fsuccess.php&version=1
68defb3b59712b482a4554ead76c8a172c9b3ca2b9532180c7fd8178602ca09b54ac6c13c04e71f5a7c29cf81e6372ad4ff0521c4d1b8c5867c304c5af0ddcd4
[2026-01-11 17:48 UTC] HMAC Recived => 
amount1=1.485&amount2=4.53461&buyer_name=CoinPayments+API&currency1=USD&currency2=USDT.TRC20&email=customer%40example.com&fee=3.06225&invoice=ORDER_6963e24f1c441&ipn_id=ac2cb9b042e63639182990d7a66920a3&ipn_mode=hmac&ipn_type=api&ipn_version=1.0&item_name=%2B1+Month&merchant=e4e7cd20e63a730246557d3636e59ab8&received_amount=0&received_confirms=0&status=0&status_text=Waiting+for+buyer+funds...&txn_id=CPKA5HMURBYUSSJEZ33SK0SF1C
735dbeeddc3d4810c3da86949814a3b47feb8dc9778be4c096f52dda7dcefc867bc22d3abc6578b750ca7e1b130b0e4bcd7c9c5aeabaab43baefcfa1c5f56096
[2026-01-11 17:48 UTC] Payment not complete.
[2026-01-11 17:48 UTC] HMAC Recived => 
amount1=1.485&amount2=4.53461&buyer_name=CoinPayments+API&currency1=USD&currency2=USDT.TRC20&email=customer%40example.com&fee=3.06225&invoice=ORDER_6963e24f1c441&ipn_id=de5355af8132b83bb8422408e57ac7f2&ipn_mode=hmac&ipn_type=api&ipn_version=1.0&item_name=%2B1+Month&merchant=e4e7cd20e63a730246557d3636e59ab8&received_amount=0&received_confirms=0&status=0&status_text=Waiting+for+buyer+funds...&txn_id=CPKA5HMURBYUSSJEZ33SK0SF1C
e974b54bd48e60c35eeb65537d4d18d4f613b79d1d0bd7e8b7a5136e5b498881c4a273a99fb709d99321c0d42b2cb8dee6a5af59ec46fa26827dea727410ffee
[2026-01-11 17:48 UTC] Payment not complete.
[2026-01-11 19:48 UTC] HMAC Recived => 
amount1=1.485&amount2=4.53461&buyer_name=CoinPayments+API&currency1=USD&currency2=USDT.TRC20&email=customer%40example.com&fee=3.06225&invoice=ORDER_6963e24f1c441&ipn_id=b64ac15a9353f5af75d6b53c030ff7c7&ipn_mode=hmac&ipn_type=api&ipn_version=1.0&item_name=%2B1+Month&merchant=e4e7cd20e63a730246557d3636e59ab8&received_amount=0&received_confirms=0&status=-1&status_text=Cancelled+%2F+Timed+Out&txn_id=CPKA5HMURBYUSSJEZ33SK0SF1C
b2db8c60b737dacd51e80ee2cb8da3440abd176f0dbfbd07c1115184cc025fea70ad3872fc8e19174fc325b041903745b66b738825c94c944f9a18e0560e4cd3
[2026-01-11 19:48 UTC] Payment not complete.
[2026-01-17 16:38 UTC] HMAC Sent => 
amount=6.435&buyer_email=customer%40example.com&cancel_url=https%3A%2F%2Fmou.elbatal-app.com%2Fusers%2Fcrypto%2Fcancel.php&cmd=create_transaction&currency1=USD&currency2=USDT.TRC20&invoice=ORDER_696bbaea3e4f6&ipn_url=https%3A%2F%2Fmou.elbatal-app.com%2Fusers%2Fcrypto%2Fipn.php&item_name=%2B6+Months&key=67390e8e994c2845f1a6b4583ac496687564127cc3e7cdc93be22dfbc3a0ef79&success_url=https%3A%2F%2Fmou.elbatal-app.com%2Fusers%2Fcrypto%2Fsuccess.php&version=1
a93f7296cdbb6fd5d7f16c4ae635b464f8202b3cb5070f74c8916c7785b68b85cea7b91a25d8d25f2eff6e18a5494f5b3dfb6fccd835a9d14197d6de6563b543
[2026-01-17 16:38 UTC] HMAC Sent => 
amount=6.435&buyer_email=customer%40example.com&cancel_url=https%3A%2F%2Fmou.elbatal-app.com%2Fusers%2Fcrypto%2Fcancel.php&cmd=create_transaction&currency1=USD&currency2=USDT.TRC20&invoice=ORDER_696bbaeb92223&ipn_url=https%3A%2F%2Fmou.elbatal-app.com%2Fusers%2Fcrypto%2Fipn.php&item_name=%2B6+Months&key=67390e8e994c2845f1a6b4583ac496687564127cc3e7cdc93be22dfbc3a0ef79&success_url=https%3A%2F%2Fmou.elbatal-app.com%2Fusers%2Fcrypto%2Fsuccess.php&version=1
d5751290e818ac1ebdd82bebb7ae34a6892288eed01e2b0d16d3aad98f4a2b0719f196a94319a0d18b3375701c465eda8e10fc20926a876d757ba2a50de3c7d6
[2026-01-17 16:38 UTC] HMAC Recived => 
amount1=6.435&amount2=9.58782&buyer_name=CoinPayments+API&currency1=USD&currency2=USDT.TRC20&email=customer%40example.com&fee=3.21207&invoice=ORDER_696bbaea3e4f6&ipn_id=15a2d0f53fe3b5032f6dd0ffcf6b6a63&ipn_mode=hmac&ipn_type=api&ipn_version=1.0&item_name=%2B6+Months&merchant=e4e7cd20e63a730246557d3636e59ab8&received_amount=0&received_confirms=0&status=0&status_text=Waiting+for+buyer+funds...&txn_id=CPKA3IXUK4LOGHR2KW568L1YXL
7002fa7575315bda9da17f4064c3cf37eadb4697bb9c93b14b68dcdbe032509441928d7a7cb6105e409aa4d2b7e7991ebe0768c15be9b23978b566fc37f261c0
[2026-01-17 16:38 UTC] Payment not complete.
[2026-01-17 16:38 UTC] HMAC Sent => 
amount=1.485&buyer_email=customer%40example.com&cancel_url=https%3A%2F%2Fmou.elbatal-app.com%2Fusers%2Fcrypto%2Fcancel.php&cmd=create_transaction&currency1=USD&currency2=USDT.TRC20&invoice=ORDER_696bbb0ad381b&ipn_url=https%3A%2F%2Fmou.elbatal-app.com%2Fusers%2Fcrypto%2Fipn.php&item_name=%2B1+Month&key=67390e8e994c2845f1a6b4583ac496687564127cc3e7cdc93be22dfbc3a0ef79&success_url=https%3A%2F%2Fmou.elbatal-app.com%2Fusers%2Fcrypto%2Fsuccess.php&version=1
8adffa75e24114e57c7257e143f3f4c9f49a81ebaf7f37ce61d6df8984d5f8ebbdbfe780291f6e3fcb866b54190a560d3c3192069672045d9c25bde1d92a6970
[2026-01-17 16:38 UTC] HMAC Recived => 
amount1=1.485&amount2=4.63386&buyer_name=CoinPayments+API&currency1=USD&currency2=USDT.TRC20&email=customer%40example.com&fee=3.16253&invoice=ORDER_696bbb0ad381b&ipn_id=e5e0e5b5be70647b27d43ed409c0a4e0&ipn_mode=hmac&ipn_type=api&ipn_version=1.0&item_name=%2B1+Month&merchant=e4e7cd20e63a730246557d3636e59ab8&received_amount=0&received_confirms=0&status=0&status_text=Waiting+for+buyer+funds...&txn_id=CPKA7VPZ3JAA8DECYQRT3BFMEA
8a38c980e8b73b441a61c0f4328affcc7ec5705a33f7c6a1d8faa4ba4bc47761861589dc98f45b47bad3e9d9b07a8084116692a88494a222968040c957d13b33
[2026-01-17 16:38 UTC] Payment not complete.
[2026-01-17 16:38 UTC] HMAC Recived => 
amount1=1.485&amount2=4.63386&buyer_name=CoinPayments+API&currency1=USD&currency2=USDT.TRC20&email=customer%40example.com&fee=3.16253&invoice=ORDER_696bbb0ad381b&ipn_id=aa046697fee5c5054bb9dfd72d6141ec&ipn_mode=hmac&ipn_type=api&ipn_version=1.0&item_name=%2B1+Month&merchant=e4e7cd20e63a730246557d3636e59ab8&received_amount=0&received_confirms=0&status=0&status_text=Waiting+for+buyer+funds...&txn_id=CPKA7VPZ3JAA8DECYQRT3BFMEA
e8a78f114c5f711f3d297e739c18644aa7320a1c0f4cb3d056c9715e2e6d616fcc9df12ce310cf0fcce4d2091e008f99f9e2155532a8e12f39cb9c4fe5160cc5
[2026-01-17 16:38 UTC] Payment not complete.
[2026-01-17 16:39 UTC] HMAC Recived => 
amount1=6.435&amount2=9.58782&buyer_name=CoinPayments+API&currency1=USD&currency2=USDT.TRC20&email=customer%40example.com&fee=3.21207&invoice=ORDER_696bbaeb92223&ipn_id=24d3652ae3187c9abf265a05229b475a&ipn_mode=hmac&ipn_type=api&ipn_version=1.0&item_name=%2B6+Months&merchant=e4e7cd20e63a730246557d3636e59ab8&received_amount=0&received_confirms=0&status=0&status_text=Waiting+for+buyer+funds...&txn_id=CPKA1KUNURQ0HI4WADOR7QKDE4
6ad7b516d141bf22fd30c02bd6937f206e7c1abefa69932b7e9e4233d6d187bf731566c8bd52793d5a976542577c6d3d99968fe537b3ee8505959ef17727296a
[2026-01-17 16:39 UTC] Payment not complete.
[2026-01-17 18:38 UTC] HMAC Recived => 
amount1=6.435&amount2=9.58782&buyer_name=CoinPayments+API&currency1=USD&currency2=USDT.TRC20&email=customer%40example.com&fee=3.21207&invoice=ORDER_696bbaeb92223&ipn_id=2fc0a0288b771fe2785c1f882fe9879d&ipn_mode=hmac&ipn_type=api&ipn_version=1.0&item_name=%2B6+Months&merchant=e4e7cd20e63a730246557d3636e59ab8&received_amount=0&received_confirms=0&status=-1&status_text=Cancelled+%2F+Timed+Out&txn_id=CPKA1KUNURQ0HI4WADOR7QKDE4
c870c46a5aa6146fabb89e7e20b4466e22630a98ecd850e049cd8c0cbd951f5f43f2cc8ea3447d7074287d9c5729a1529a344a2b9348650a869b3224ab2d9cf8
[2026-01-17 18:38 UTC] Payment not complete.
[2026-01-17 18:39 UTC] HMAC Recived => 
amount1=6.435&amount2=9.58782&buyer_name=CoinPayments+API&currency1=USD&currency2=USDT.TRC20&email=customer%40example.com&fee=3.21207&invoice=ORDER_696bbaea3e4f6&ipn_id=7cbbf98dba3128dc9f9c34cd1cca8040&ipn_mode=hmac&ipn_type=api&ipn_version=1.0&item_name=%2B6+Months&merchant=e4e7cd20e63a730246557d3636e59ab8&received_amount=0&received_confirms=0&status=-1&status_text=Cancelled+%2F+Timed+Out&txn_id=CPKA3IXUK4LOGHR2KW568L1YXL
e2e3a05a6b2a66ab256de057f63f58a5e8d9c873c5becc4653400e13f22ffe1ead1797121cdc7380966dd64ac4c183c99ef1cb641b8cdc48fa7be92ab782e666
[2026-01-17 18:39 UTC] Payment not complete.
[2026-01-17 18:39 UTC] HMAC Recived => 
amount1=1.485&amount2=4.63386&buyer_name=CoinPayments+API&currency1=USD&currency2=USDT.TRC20&email=customer%40example.com&fee=3.16253&invoice=ORDER_696bbb0ad381b&ipn_id=480059f5eea1650a032306ed18f0a7ec&ipn_mode=hmac&ipn_type=api&ipn_version=1.0&item_name=%2B1+Month&merchant=e4e7cd20e63a730246557d3636e59ab8&received_amount=0&received_confirms=0&status=-1&status_text=Cancelled+%2F+Timed+Out&txn_id=CPKA7VPZ3JAA8DECYQRT3BFMEA
ae80dc698c86cb5df1252fb054bb3015d9b80685a1d37aee2e7e2eca2cfefc1900e67f66178a3a95362450c40b76e8f61e8993c1d06a8c388650d8c085e186e7
[2026-01-17 18:39 UTC] Payment not complete.
[2026-01-19 18:54 UTC] HMAC Sent => 
amount=9.9&buyer_email=customer%40example.com&cancel_url=https%3A%2F%2Fmou.elbatal-app.com%2Fusers%2Fcrypto%2Fcancel.php&cmd=create_transaction&currency1=USD&currency2=USDT.TRC20&invoice=ORDER_696e7df1eaf90&ipn_url=https%3A%2F%2Fmou.elbatal-app.com%2Fusers%2Fcrypto%2Fipn.php&item_name=%2B1+Year&key=67390e8e994c2845f1a6b4583ac496687564127cc3e7cdc93be22dfbc3a0ef79&success_url=https%3A%2F%2Fmou.elbatal-app.com%2Fusers%2Fcrypto%2Fsuccess.php&version=1
4b5e5a0f23218f0eb27fba1ca3d0eb5289447e29b78de046bd4fbd3b99c2c40e6966b6bf17679aaaafe3d6c4e8ad179f893d82b168659d65c2f78ac55ffc6caa
[2026-01-19 18:55 UTC] HMAC Recived => 
amount1=9.9&amount2=12.99447&buyer_name=CoinPayments+API&currency1=USD&currency2=USDT.TRC20&email=customer%40example.com&fee=3.18841&invoice=ORDER_696e7df1eaf90&ipn_id=70dd3c728a14965fa52d479011c1f07e&ipn_mode=hmac&ipn_type=api&ipn_version=1.0&item_name=%2B1+Year&merchant=e4e7cd20e63a730246557d3636e59ab8&received_amount=0&received_confirms=0&status=0&status_text=Waiting+for+buyer+funds...&txn_id=CPKA3DDO0IA0RLGEHPSUX1I5MX
dccf319c391ea4c257b9d5b492b4cf4f3418d378aefd4137d4962aca64ee8e8f92b10db136b7a8a280c75a1e2b4f6012edc8bdd8cb85ac17ed9cfa42f5ce98f8
[2026-01-19 18:55 UTC] Payment not complete.
[2026-01-19 18:55 UTC] HMAC Recived => 
amount1=9.9&amount2=12.99447&buyer_name=CoinPayments+API&currency1=USD&currency2=USDT.TRC20&email=customer%40example.com&fee=3.18841&invoice=ORDER_696e7df1eaf90&ipn_id=c354140933e09bcb6e2bd2fbc04747bf&ipn_mode=hmac&ipn_type=api&ipn_version=1.0&item_name=%2B1+Year&merchant=e4e7cd20e63a730246557d3636e59ab8&received_amount=0&received_confirms=0&status=0&status_text=Waiting+for+buyer+funds...&txn_id=CPKA3DDO0IA0RLGEHPSUX1I5MX
048c67872c141ec1bb02d4e13d256331533e52d3d676fef06b23327d54e7ffb02129821aea7ce30fec2f4ef45abddba4fa1713a93c5000f3146893dd0cc84aad
[2026-01-19 18:55 UTC] Payment not complete.
[2026-01-19 20:56 UTC] HMAC Recived => 
amount1=9.9&amount2=12.99447&buyer_name=CoinPayments+API&currency1=USD&currency2=USDT.TRC20&email=customer%40example.com&fee=3.18841&invoice=ORDER_696e7df1eaf90&ipn_id=ec11e4d9a7055bb4ea93f356c4dbffc3&ipn_mode=hmac&ipn_type=api&ipn_version=1.0&item_name=%2B1+Year&merchant=e4e7cd20e63a730246557d3636e59ab8&received_amount=0&received_confirms=0&status=-1&status_text=Cancelled+%2F+Timed+Out&txn_id=CPKA3DDO0IA0RLGEHPSUX1I5MX
39270bd374f9f6b0dc31c5827a12fd34efb4be3b16d61155d34efe7415f972bf5d43e5bf4728fa0dfdd5f6b979578df4daa098547b5c00928cee95c6f3d908ba
[2026-01-19 20:56 UTC] Payment not complete.
[2026-01-28 04:06 UTC] HMAC Sent => 
amount=9.9&buyer_email=customer%40example.com&cancel_url=https%3A%2F%2Fmou.elbatal-app.com%2Fusers%2Fcrypto%2Fcancel.php&cmd=create_transaction&currency1=USD&currency2=USDT.TRC20&invoice=ORDER_69798b48c320e&ipn_url=https%3A%2F%2Fmou.elbatal-app.com%2Fusers%2Fcrypto%2Fipn.php&item_name=%2B1+Year&key=67390e8e994c2845f1a6b4583ac496687564127cc3e7cdc93be22dfbc3a0ef79&success_url=https%3A%2F%2Fmou.elbatal-app.com%2Fusers%2Fcrypto%2Fsuccess.php&version=1
a636641c83a4f9860feabad1ffc57d8e02e260945776b52cd6c0bdd436dbb12d7dc4c9ea07ba8d31f658226dc55a778e0f2ac10357af37e8cf176d86f629d33b
[2026-01-28 04:06 UTC] HMAC Recived => 
amount1=9.9&amount2=12.84916&buyer_name=CoinPayments+API&currency1=USD&currency2=USDT.TRC20&email=customer%40example.com&fee=3.03419&invoice=ORDER_69798b48c320e&ipn_id=83d8b32f049f07da779b16be3d6b9439&ipn_mode=hmac&ipn_type=api&ipn_version=1.0&item_name=%2B1+Year&merchant=e4e7cd20e63a730246557d3636e59ab8&received_amount=0&received_confirms=0&status=0&status_text=Waiting+for+buyer+funds...&txn_id=CPKA0TDVWPRIMP0USNPLJPQY0R
268fc4547ced2596da3cc0b92be255d04a9c81387da16dc12d88d719a7d6b4830f92a3fc70856a3c62bfe8bbc6d8e9433e0fd03e0f9e0a332258621282bf7637
[2026-01-28 04:06 UTC] Payment not complete.
[2026-01-28 04:06 UTC] HMAC Recived => 
amount1=9.9&amount2=12.84916&buyer_name=CoinPayments+API&currency1=USD&currency2=USDT.TRC20&email=customer%40example.com&fee=3.03419&invoice=ORDER_69798b48c320e&ipn_id=bdf64927a6dbb828cb7586c88bbdd66f&ipn_mode=hmac&ipn_type=api&ipn_version=1.0&item_name=%2B1+Year&merchant=e4e7cd20e63a730246557d3636e59ab8&received_amount=0&received_confirms=0&status=0&status_text=Waiting+for+buyer+funds...&txn_id=CPKA0TDVWPRIMP0USNPLJPQY0R
04da4f0318764325e1a245c0fd14eb6cee446d0fa75f7e77780d41d3bed4a085d4ccc18631431093d0b466cc7adb391f4dbde550104a7b794c279197018a0e4d
[2026-01-28 04:06 UTC] Payment not complete.
[2026-01-28 06:07 UTC] HMAC Recived => 
amount1=9.9&amount2=12.84916&buyer_name=CoinPayments+API&currency1=USD&currency2=USDT.TRC20&email=customer%40example.com&fee=3.03419&invoice=ORDER_69798b48c320e&ipn_id=0da5c1949104bb8c3f6b856298843dc8&ipn_mode=hmac&ipn_type=api&ipn_version=1.0&item_name=%2B1+Year&merchant=e4e7cd20e63a730246557d3636e59ab8&received_amount=0&received_confirms=0&status=-1&status_text=Cancelled+%2F+Timed+Out&txn_id=CPKA0TDVWPRIMP0USNPLJPQY0R
02438d3bd9dc0244f6181f561353ea3ad375d0440457aa8eb7197f68dd19d688dba7ee0882ffd270ff9903e36ddaae769666a93a2b31e98bd13e309c7dcc29e2
[2026-01-28 06:07 UTC] Payment not complete.
[2026-02-10 12:57 UTC] HMAC Sent => 
amount=3.96&buyer_email=customer%40example.com&cancel_url=https%3A%2F%2Fmou.elbatal-app.com%2Fusers%2Fcrypto%2Fcancel.php&cmd=create_transaction&currency1=USD&currency2=USDT.TRC20&invoice=ORDER_698b2b5549418&ipn_url=https%3A%2F%2Fmou.elbatal-app.com%2Fusers%2Fcrypto%2Fipn.php&item_name=%2B3+Months&key=67390e8e994c2845f1a6b4583ac496687564127cc3e7cdc93be22dfbc3a0ef79&success_url=https%3A%2F%2Fmou.elbatal-app.com%2Fusers%2Fcrypto%2Fsuccess.php&version=1
2c6fc4664c0ed118b828814d6b6847c5a752fb787cc17eea07397e0fa6b1a3ca33b7ead7b1f2e15849dac4eed6496f24a3402755c367ec6035d7fcd0591297f1
[2026-02-10 12:58 UTC] HMAC Recived => 
amount1=3.96&amount2=6.73282&buyer_name=CoinPayments+API&currency1=USD&currency2=USDT.TRC20&email=customer%40example.com&fee=2.80706&invoice=ORDER_698b2b5549418&ipn_id=be304de56e84a4c22b42fe83d50ba482&ipn_mode=hmac&ipn_type=api&ipn_version=1.0&item_name=%2B3+Months&merchant=e4e7cd20e63a730246557d3636e59ab8&received_amount=0&received_confirms=0&status=0&status_text=Waiting+for+buyer+funds...&txn_id=CPKB4PUYBTUXF0H5O4MANY31UG
0fb084daf3a936e7ba5ac28ebb1b0868d3687169132449c7a1de943f8184fa0df24b963ebf44c26725e7161ce04f6b1c7c822e357ebcafa313479022f843f017
[2026-02-10 12:58 UTC] Payment not complete.
[2026-02-10 12:58 UTC] HMAC Recived => 
amount1=3.96&amount2=6.73282&buyer_name=CoinPayments+API&currency1=USD&currency2=USDT.TRC20&email=customer%40example.com&fee=2.80706&invoice=ORDER_698b2b5549418&ipn_id=74b838ef05281838aac8bffa84f5e2a6&ipn_mode=hmac&ipn_type=api&ipn_version=1.0&item_name=%2B3+Months&merchant=e4e7cd20e63a730246557d3636e59ab8&received_amount=0&received_confirms=0&status=0&status_text=Waiting+for+buyer+funds...&txn_id=CPKB4PUYBTUXF0H5O4MANY31UG
c28c836809696a59471badebd839e4c40ffcb5a801d05e6f8e1826505f4d6d6771838bc2cd93f746c4c834b23c0f2d801c8d894bf6f6f5531336938abeb030a1
[2026-02-10 12:58 UTC] Payment not complete.
[2026-02-10 14:58 UTC] HMAC Recived => 
amount1=3.96&amount2=6.73282&buyer_name=CoinPayments+API&currency1=USD&currency2=USDT.TRC20&email=customer%40example.com&fee=2.80706&invoice=ORDER_698b2b5549418&ipn_id=90bb4968fc446098af1c3b38efd4763b&ipn_mode=hmac&ipn_type=api&ipn_version=1.0&item_name=%2B3+Months&merchant=e4e7cd20e63a730246557d3636e59ab8&received_amount=0&received_confirms=0&status=-1&status_text=Cancelled+%2F+Timed+Out&txn_id=CPKB4PUYBTUXF0H5O4MANY31UG
a539ab87c64e146677568c5286df36c9c128407b4a6ca76d5fde25af70e1da0b522478ab6e40bbeb0a1a62f92ee20b1bb966e5b971b37a4881a13beb99079e42
[2026-02-10 14:58 UTC] Payment not complete.
[2026-02-14 16:40 UTC] HMAC Sent => 
amount=3.96&buyer_email=customer%40example.com&cancel_url=https%3A%2F%2Fmou.elbatal-app.com%2Fusers%2Fcrypto%2Fcancel.php&cmd=create_transaction&currency1=USD&currency2=USDT.TRC20&invoice=ORDER_6990a586b6201&ipn_url=https%3A%2F%2Fmou.elbatal-app.com%2Fusers%2Fcrypto%2Fipn.php&item_name=%2B3+Months&key=67390e8e994c2845f1a6b4583ac496687564127cc3e7cdc93be22dfbc3a0ef79&success_url=https%3A%2F%2Fmou.elbatal-app.com%2Fusers%2Fcrypto%2Fsuccess.php&version=1
46b0b8f43f6f8498a9ef80f2f85c7fb4b699c197da9896161acc4ed949c440311b2e147f9ca2a4a49c772c02872f3d25fe00c3fb1c4a9de50cc47205c1b6c7e1
[2026-02-14 16:41 UTC] HMAC Recived => 
amount1=3.96&amount2=6.78726&buyer_name=CoinPayments+API&currency1=USD&currency2=USDT.TRC20&email=customer%40example.com&fee=2.8667&invoice=ORDER_6990a586b6201&ipn_id=b7661121a20ceb87757baaebf828a081&ipn_mode=hmac&ipn_type=api&ipn_version=1.0&item_name=%2B3+Months&merchant=e4e7cd20e63a730246557d3636e59ab8&received_amount=0&received_confirms=0&status=0&status_text=Waiting+for+buyer+funds...&txn_id=CPKB16YYHR4CYLAMVWYPWDCMQQ
ad9d666ece6412ef0034c0cacac097829062bd8377454749a40721838fc9b4d046e69f4c1b672712da55efc3dfc1dbb2fd142be689a3a4ee60aaca5de481a61a
[2026-02-14 16:41 UTC] Payment not complete.
[2026-02-14 18:41 UTC] HMAC Recived => 
amount1=3.96&amount2=6.78726&buyer_name=CoinPayments+API&currency1=USD&currency2=USDT.TRC20&email=customer%40example.com&fee=2.8667&invoice=ORDER_6990a586b6201&ipn_id=2220e10b5af85fa12b931bf8ca57b7ed&ipn_mode=hmac&ipn_type=api&ipn_version=1.0&item_name=%2B3+Months&merchant=e4e7cd20e63a730246557d3636e59ab8&received_amount=0&received_confirms=0&status=-1&status_text=Cancelled+%2F+Timed+Out&txn_id=CPKB16YYHR4CYLAMVWYPWDCMQQ
203302a1ec0f20ce478c93a30416ae23dd15fdb5e7e0eb9167f8b7576eb07be64c758e9bb61f8798d1ffc3b4c542fc3c6b3b5d3b318e6fcb8c204878205e1063
[2026-02-14 18:41 UTC] Payment not complete.
[2026-02-14 21:29 UTC] HMAC Sent => 
amount=1.485&buyer_email=customer%40example.com&cancel_url=https%3A%2F%2Fmou.elbatal-app.com%2Fusers%2Fcrypto%2Fcancel.php&cmd=create_transaction&currency1=USD&currency2=USDT.TRC20&invoice=ORDER_6990e94238b2f&ipn_url=https%3A%2F%2Fmou.elbatal-app.com%2Fusers%2Fcrypto%2Fipn.php&item_name=%2B1+Month&key=67390e8e994c2845f1a6b4583ac496687564127cc3e7cdc93be22dfbc3a0ef79&success_url=https%3A%2F%2Fmou.elbatal-app.com%2Fusers%2Fcrypto%2Fsuccess.php&version=1
094066785ef081580bbd5351cd1a9a7a18b76ffa96d4d8cbe50f795d8639ac38f9fa768237251b6c98d1b78c53ea7f70a1ec039c99eca6f90133753a135cc827
[2026-02-14 21:29 UTC] HMAC Recived => 
amount1=1.485&amount2=4.31458&buyer_name=CoinPayments+API&currency1=USD&currency2=USDT.TRC20&email=customer%40example.com&fee=2.84284&invoice=ORDER_6990e94238b2f&ipn_id=b0bb786e3258f66802902bb0a628a0bd&ipn_mode=hmac&ipn_type=api&ipn_version=1.0&item_name=%2B1+Month&merchant=e4e7cd20e63a730246557d3636e59ab8&received_amount=0&received_confirms=0&status=0&status_text=Waiting+for+buyer+funds...&txn_id=CPKB1MJRSEEY2RKCFEKP7EMPXJ
9b2193a18ef8bfc0b9921be4a84cfdeb1f0bf586a8ee3f1ab8ea444e9c2fc0c1f010f30469e4de939165bca556d40486b51d0c96bbaba6edb80f7f682cabfe2d
[2026-02-14 21:29 UTC] Payment not complete.
[2026-02-14 21:30 UTC] HMAC Recived => 
amount1=1.485&amount2=4.31458&buyer_name=CoinPayments+API&currency1=USD&currency2=USDT.TRC20&email=customer%40example.com&fee=2.84284&invoice=ORDER_6990e94238b2f&ipn_id=4929e18db5289c800ed8d918e1eb53e8&ipn_mode=hmac&ipn_type=api&ipn_version=1.0&item_name=%2B1+Month&merchant=e4e7cd20e63a730246557d3636e59ab8&received_amount=0&received_confirms=0&status=0&status_text=Waiting+for+buyer+funds...&txn_id=CPKB1MJRSEEY2RKCFEKP7EMPXJ
e2296e66372b2e4e22d90fcf7eb5f69e92d2d40e1987aaeeae9fec767cde8e3c3612c251019a82e822d8488aae29f396b57e37496b886f6bf6b6d1329793ce69
[2026-02-14 21:30 UTC] Payment not complete.
[2026-02-14 23:30 UTC] HMAC Recived => 
amount1=1.485&amount2=4.31458&buyer_name=CoinPayments+API&currency1=USD&currency2=USDT.TRC20&email=customer%40example.com&fee=2.84284&invoice=ORDER_6990e94238b2f&ipn_id=d2222a41b5aebe846c2e8aa5bb5bc3d6&ipn_mode=hmac&ipn_type=api&ipn_version=1.0&item_name=%2B1+Month&merchant=e4e7cd20e63a730246557d3636e59ab8&received_amount=0&received_confirms=0&status=-1&status_text=Cancelled+%2F+Timed+Out&txn_id=CPKB1MJRSEEY2RKCFEKP7EMPXJ
2b2c3cd371fa0dbeb3f79bccc81a1efedbb3fa2769f29776b646c459921afa5a978b7b90b008054254ac2c5dbcf9d82bb7adeb3e73f9f5a2a9b441b22cdceea1
[2026-02-14 23:30 UTC] Payment not complete.
[2026-02-16 18:20 UTC] HMAC Sent => 
amount=3.96&buyer_email=customer%40example.com&cancel_url=https%3A%2F%2Fmou.elbatal-app.com%2Fusers%2Fcrypto%2Fcancel.php&cmd=create_transaction&currency1=USD&currency2=USDT.TRC20&invoice=ORDER_69935fd70955f&ipn_url=https%3A%2F%2Fmou.elbatal-app.com%2Fusers%2Fcrypto%2Fipn.php&item_name=%2B3+Months&key=67390e8e994c2845f1a6b4583ac496687564127cc3e7cdc93be22dfbc3a0ef79&success_url=https%3A%2F%2Fmou.elbatal-app.com%2Fusers%2Fcrypto%2Fsuccess.php&version=1
67d682391d2953bd554913f7770b132a092a71d8562d82567455e612738373392efec1a6a6f643d0bfd75368ee5e94e728e4724b411bd919ac8e5424c1f19a8f
[2026-02-16 18:20 UTC] HMAC Recived => 
amount1=3.96&amount2=6.7941&buyer_name=CoinPayments+API&currency1=USD&currency2=USDT.TRC20&email=customer%40example.com&fee=2.87246&invoice=ORDER_69935fd70955f&ipn_id=f7de46cfe99f37e6bfa67439183ec202&ipn_mode=hmac&ipn_type=api&ipn_version=1.0&item_name=%2B3+Months&merchant=e4e7cd20e63a730246557d3636e59ab8&received_amount=0&received_confirms=0&status=0&status_text=Waiting+for+buyer+funds...&txn_id=CPKB0MPPFUEFCMBFP4YL8DCZMS
ee291d9e9fd31ff7fbc26672c741f28db1f75716ad412acc0968b3736e632564f582aecdc7d4c03fa0b1ce35d6b43d3b16660b009ed21b203f416f3210293e85
[2026-02-16 18:20 UTC] Payment not complete.
[2026-02-16 18:20 UTC] HMAC Recived => 
amount1=3.96&amount2=6.7941&buyer_name=CoinPayments+API&currency1=USD&currency2=USDT.TRC20&email=customer%40example.com&fee=2.87246&invoice=ORDER_69935fd70955f&ipn_id=52710c7bd3f0b1d92c7758f6dfb80e68&ipn_mode=hmac&ipn_type=api&ipn_version=1.0&item_name=%2B3+Months&merchant=e4e7cd20e63a730246557d3636e59ab8&received_amount=0&received_confirms=0&status=0&status_text=Waiting+for+buyer+funds...&txn_id=CPKB0MPPFUEFCMBFP4YL8DCZMS
65aa8048b4de31cd7ab346678ed32c108d2d5d144cbf80ead4ac504fb455988312496346bafaa0bcbb33afdc85b21f861ea7d2afede274c9b8be23d556308f86
[2026-02-16 18:20 UTC] Payment not complete.
[2026-02-16 20:21 UTC] HMAC Recived => 
amount1=3.96&amount2=6.7941&buyer_name=CoinPayments+API&currency1=USD&currency2=USDT.TRC20&email=customer%40example.com&fee=2.87246&invoice=ORDER_69935fd70955f&ipn_id=bc086a06b756572d19da3f0eee8e77ca&ipn_mode=hmac&ipn_type=api&ipn_version=1.0&item_name=%2B3+Months&merchant=e4e7cd20e63a730246557d3636e59ab8&received_amount=0&received_confirms=0&status=-1&status_text=Cancelled+%2F+Timed+Out&txn_id=CPKB0MPPFUEFCMBFP4YL8DCZMS
725cc3918bd2f449d806ad556c0dfdec6c9b23e606d436d05c30efd67f24ca18bc52ce91a063b03ddd7af85fd86f8436c06efbf0aca0148057b64d2b046d1476
[2026-02-16 20:21 UTC] Payment not complete.
[2026-03-05 20:14 UTC] HMAC Sent => 
amount=9.9&buyer_email=customer%40example.com&cancel_url=https%3A%2F%2Fmou.elbatal-app.com%2Fusers%2Fcrypto%2Fcancel.php&cmd=create_transaction&currency1=USD&currency2=USDT.TRC20&invoice=ORDER_69a9e4395128a&ipn_url=https%3A%2F%2Fmou.elbatal-app.com%2Fusers%2Fcrypto%2Fipn.php&item_name=%2B1+Year&key=67390e8e994c2845f1a6b4583ac496687564127cc3e7cdc93be22dfbc3a0ef79&success_url=https%3A%2F%2Fmou.elbatal-app.com%2Fusers%2Fcrypto%2Fsuccess.php&version=1
ee88d8eb58dd15fffc9d4de422c8e02ea7ab67e2a8ebd007aba24e9a43c068ef7c7ebccb9ce32c967853f8ffe4138c05a40ce41e53fd78551ecfe5d76a177d48
[2026-03-05 20:15 UTC] HMAC Recived => 
amount1=9.9&amount2=13.00409&buyer_name=CoinPayments+API&currency1=USD&currency2=USDT.TRC20&email=customer%40example.com&fee=3.20593&invoice=ORDER_69a9e4395128a&ipn_id=5c98a425be093df99d56efdc9f6848b2&ipn_mode=hmac&ipn_type=api&ipn_version=1.0&item_name=%2B1+Year&merchant=e4e7cd20e63a730246557d3636e59ab8&received_amount=0&received_confirms=0&status=0&status_text=Waiting+for+buyer+funds...&txn_id=CPKC4BUT8WQGTTZOVHUCF68WQY
ce3e1a8a038121b41d7bea24c03affdedea6029179666c0cd08ddb57bcc18c6584a422fa06ff46dd6b5e1df0f35bed0ea4664d243fadd4e8206b6737ad61d39b
[2026-03-05 20:15 UTC] Payment not complete.
[2026-03-05 22:16 UTC] HMAC Recived => 
amount1=9.9&amount2=13.00409&buyer_name=CoinPayments+API&currency1=USD&currency2=USDT.TRC20&email=customer%40example.com&fee=3.20593&invoice=ORDER_69a9e4395128a&ipn_id=0005471fc3affb3729f9136b420829a3&ipn_mode=hmac&ipn_type=api&ipn_version=1.0&item_name=%2B1+Year&merchant=e4e7cd20e63a730246557d3636e59ab8&received_amount=0&received_confirms=0&status=-1&status_text=Cancelled+%2F+Timed+Out&txn_id=CPKC4BUT8WQGTTZOVHUCF68WQY
326f42605caf8cb67aafffc04bac672013c458443bff4f9f4d84f3146e989eecfc1d4dd9c557c15f0f0776ec20f986802f746075bebde062c1b91183455ebbac
[2026-03-05 22:16 UTC] Payment not complete.
[2026-03-08 16:45 UTC] HMAC Sent => 
amount=3.96&buyer_email=customer%40example.com&cancel_url=https%3A%2F%2Fmou.elbatal-app.com%2Fusers%2Fcrypto%2Fcancel.php&cmd=create_transaction&currency1=USD&currency2=USDT.TRC20&invoice=ORDER_69ada7aadb656&ipn_url=https%3A%2F%2Fmou.elbatal-app.com%2Fusers%2Fcrypto%2Fipn.php&item_name=%2B3+Months&key=67390e8e994c2845f1a6b4583ac496687564127cc3e7cdc93be22dfbc3a0ef79&success_url=https%3A%2F%2Fmou.elbatal-app.com%2Fusers%2Fcrypto%2Fsuccess.php&version=1
3e50adf6e1106b3874d37770f781d0e6cbbbd585e5b98fb6e597735c2fc563f61f73b3e1cfad60a5a193cc36e3afccf027c34f114d874351bfed5277e5cc5e47
[2026-03-08 16:45 UTC] HMAC Sent => 
amount=3.96&buyer_email=customer%40example.com&cancel_url=https%3A%2F%2Fmou.elbatal-app.com%2Fusers%2Fcrypto%2Fcancel.php&cmd=create_transaction&currency1=USD&currency2=USDT.TRC20&invoice=ORDER_69ada7ae46c02&ipn_url=https%3A%2F%2Fmou.elbatal-app.com%2Fusers%2Fcrypto%2Fipn.php&item_name=%2B3+Months&key=67390e8e994c2845f1a6b4583ac496687564127cc3e7cdc93be22dfbc3a0ef79&success_url=https%3A%2F%2Fmou.elbatal-app.com%2Fusers%2Fcrypto%2Fsuccess.php&version=1
c88a17f3d17efd1984c3c5e89c89afb448460bb10cb98074c2311493cffbc4aeaf24066cad2205c48311af2d29f302f9ec58c9bea4bb8e273cbe2fd0bc5807f1
[2026-03-08 16:45 UTC] HMAC Recived => 
amount1=3.96&amount2=6.8439&buyer_name=CoinPayments+API&currency1=USD&currency2=USDT.TRC20&email=customer%40example.com&fee=2.92436&invoice=ORDER_69ada7aadb656&ipn_id=39d2e0e5435e86a5717356457e817a7b&ipn_mode=hmac&ipn_type=api&ipn_version=1.0&item_name=%2B3+Months&merchant=e4e7cd20e63a730246557d3636e59ab8&received_amount=0&received_confirms=0&status=0&status_text=Waiting+for+buyer+funds...&txn_id=CPKC63DI6O6LD38ESEHO3MFGDE
ff0569e564f1d79a6faf83a19d8dcee486dac44d93ad57927e12ce6651d802f8a227c48d40893c0d7634f75df30a44bed58ffff73fd2c56be03a9c3e6a39b9f3
[2026-03-08 16:45 UTC] Payment not complete.
[2026-03-08 16:45 UTC] HMAC Recived => 
amount1=3.96&amount2=6.8439&buyer_name=CoinPayments+API&currency1=USD&currency2=USDT.TRC20&email=customer%40example.com&fee=2.92436&invoice=ORDER_69ada7ae46c02&ipn_id=c3b093fe39a5ef8788fe7d3f23d6817b&ipn_mode=hmac&ipn_type=api&ipn_version=1.0&item_name=%2B3+Months&merchant=e4e7cd20e63a730246557d3636e59ab8&received_amount=0&received_confirms=0&status=0&status_text=Waiting+for+buyer+funds...&txn_id=CPKC1QVAOBC9KY4TNL5T2O9LL4
2727a57fc236352b375fdd525c7013b42a2d544f9671b4ca0d0ceafd3536f9af41b73b4607ac50fb171b9289fc09a6fe9f3b448d1f6d3a708398ff75ff3d82e7
[2026-03-08 16:45 UTC] Payment not complete.
[2026-03-08 16:45 UTC] HMAC Sent => 
amount=3.96&buyer_email=customer%40example.com&cancel_url=https%3A%2F%2Fmou.elbatal-app.com%2Fusers%2Fcrypto%2Fcancel.php&cmd=create_transaction&currency1=USD&currency2=USDT.TRC20&invoice=ORDER_69ada7b4bce97&ipn_url=https%3A%2F%2Fmou.elbatal-app.com%2Fusers%2Fcrypto%2Fipn.php&item_name=%2B3+Months&key=67390e8e994c2845f1a6b4583ac496687564127cc3e7cdc93be22dfbc3a0ef79&success_url=https%3A%2F%2Fmou.elbatal-app.com%2Fusers%2Fcrypto%2Fsuccess.php&version=1
b5cb94fd9eb69c40fc74dae549f637b3f4ad88800b49d674a0ee8523c89fdaffde3d9320acfac6f4b01be1715b58e8cd531218d77b7afb51d7050b7105a7f66e
[2026-03-08 16:45 UTC] HMAC Sent => 
amount=3.96&buyer_email=customer%40example.com&cancel_url=https%3A%2F%2Fmou.elbatal-app.com%2Fusers%2Fcrypto%2Fcancel.php&cmd=create_transaction&currency1=USD&currency2=USDT.TRC20&invoice=ORDER_69ada7b5e547b&ipn_url=https%3A%2F%2Fmou.elbatal-app.com%2Fusers%2Fcrypto%2Fipn.php&item_name=%2B3+Months&key=67390e8e994c2845f1a6b4583ac496687564127cc3e7cdc93be22dfbc3a0ef79&success_url=https%3A%2F%2Fmou.elbatal-app.com%2Fusers%2Fcrypto%2Fsuccess.php&version=1
7561f7801b452a92810bae77cec1886edb83ebae50ec8d1c186540b279252cd774cb6d737c0c56dbe9924f31a9d0e948c6e76725aabee8e3a89b727e9fac53fa
[2026-03-08 16:45 UTC] HMAC Sent => 
amount=3.96&buyer_email=customer%40example.com&cancel_url=https%3A%2F%2Fmou.elbatal-app.com%2Fusers%2Fcrypto%2Fcancel.php&cmd=create_transaction&currency1=USD&currency2=USDT.TRC20&invoice=ORDER_69ada7b644bcb&ipn_url=https%3A%2F%2Fmou.elbatal-app.com%2Fusers%2Fcrypto%2Fipn.php&item_name=%2B3+Months&key=67390e8e994c2845f1a6b4583ac496687564127cc3e7cdc93be22dfbc3a0ef79&success_url=https%3A%2F%2Fmou.elbatal-app.com%2Fusers%2Fcrypto%2Fsuccess.php&version=1
071d3b2629e65438386b9eea78ee10d5796112e6b1d8b0fd5e61b0f26da5067911431a3a732f232b2e1f8202aeb75648476c0e25c63386485dde30d9a79e8661
[2026-03-08 16:45 UTC] HMAC Recived => 
amount1=3.96&amount2=6.8439&buyer_name=CoinPayments+API&currency1=USD&currency2=USDT.TRC20&email=customer%40example.com&fee=2.92436&invoice=ORDER_69ada7aadb656&ipn_id=f104fd718ff1e7a1bc9f4d58e543d345&ipn_mode=hmac&ipn_type=api&ipn_version=1.0&item_name=%2B3+Months&merchant=e4e7cd20e63a730246557d3636e59ab8&received_amount=0&received_confirms=0&status=0&status_text=Waiting+for+buyer+funds...&txn_id=CPKC63DI6O6LD38ESEHO3MFGDE
066fafcd59f2a129848f41f597364dba16ef2a1d90bf483a6554e9294c736ab2e18e82d59ff2af56da62bc455a4e4a435bf52392065edcd79477d2e4790ff72c
[2026-03-08 16:45 UTC] Payment not complete.
[2026-03-08 16:45 UTC] HMAC Sent => 
amount=3.96&buyer_email=customer%40example.com&cancel_url=https%3A%2F%2Fmou.elbatal-app.com%2Fusers%2Fcrypto%2Fcancel.php&cmd=create_transaction&currency1=USD&currency2=USDT.TRC20&invoice=ORDER_69ada7b6bf94e&ipn_url=https%3A%2F%2Fmou.elbatal-app.com%2Fusers%2Fcrypto%2Fipn.php&item_name=%2B3+Months&key=67390e8e994c2845f1a6b4583ac496687564127cc3e7cdc93be22dfbc3a0ef79&success_url=https%3A%2F%2Fmou.elbatal-app.com%2Fusers%2Fcrypto%2Fsuccess.php&version=1
a8519040e2088dc84affc82f3216c8301432cee1ec02aabc7e7aec8f502845c1474d72ee188a6a752ec681ebb81a3c6bc35606905cac44413e9d436763c6f0a7
[2026-03-08 16:45 UTC] HMAC Sent => 
amount=3.96&buyer_email=customer%40example.com&cancel_url=https%3A%2F%2Fmou.elbatal-app.com%2Fusers%2Fcrypto%2Fcancel.php&cmd=create_transaction&currency1=USD&currency2=USDT.TRC20&invoice=ORDER_69ada7b703394&ipn_url=https%3A%2F%2Fmou.elbatal-app.com%2Fusers%2Fcrypto%2Fipn.php&item_name=%2B3+Months&key=67390e8e994c2845f1a6b4583ac496687564127cc3e7cdc93be22dfbc3a0ef79&success_url=https%3A%2F%2Fmou.elbatal-app.com%2Fusers%2Fcrypto%2Fsuccess.php&version=1
5441773c08a957e066eb87a5a0169480e90dabf3718d76a05405e81dd1d3b7b31faa79944550c14d47bce7601c6ccf7103fceec62256ded4ca7708e3aa70fdd2
[2026-03-08 16:45 UTC] HMAC Sent => 
amount=3.96&buyer_email=customer%40example.com&cancel_url=https%3A%2F%2Fmou.elbatal-app.com%2Fusers%2Fcrypto%2Fcancel.php&cmd=create_transaction&currency1=USD&currency2=USDT.TRC20&invoice=ORDER_69ada7b7609f1&ipn_url=https%3A%2F%2Fmou.elbatal-app.com%2Fusers%2Fcrypto%2Fipn.php&item_name=%2B3+Months&key=67390e8e994c2845f1a6b4583ac496687564127cc3e7cdc93be22dfbc3a0ef79&success_url=https%3A%2F%2Fmou.elbatal-app.com%2Fusers%2Fcrypto%2Fsuccess.php&version=1
8340a55344ec502a682ac6232eaa05b73b0132d80ac5b369c16bfa5c34d4b51e7defc247ad3a9e94eb3c5c7fa584165e8dd239781e0584babc3efc9f1899fe84
[2026-03-08 16:45 UTC] HMAC Sent => 
amount=3.96&buyer_email=customer%40example.com&cancel_url=https%3A%2F%2Fmou.elbatal-app.com%2Fusers%2Fcrypto%2Fcancel.php&cmd=create_transaction&currency1=USD&currency2=USDT.TRC20&invoice=ORDER_69ada7b8d1b3b&ipn_url=https%3A%2F%2Fmou.elbatal-app.com%2Fusers%2Fcrypto%2Fipn.php&item_name=%2B3+Months&key=67390e8e994c2845f1a6b4583ac496687564127cc3e7cdc93be22dfbc3a0ef79&success_url=https%3A%2F%2Fmou.elbatal-app.com%2Fusers%2Fcrypto%2Fsuccess.php&version=1
69c86b786c322b05040bd134b8a28ad7dbd376ea8d7326a2605cb69f8443b78fd956c62e0a70664af4abe3d272c6db0a38b09739cc9dfbe259be38db272e38c1
[2026-03-08 16:45 UTC] HMAC Sent => 
amount=3.96&buyer_email=customer%40example.com&cancel_url=https%3A%2F%2Fmou.elbatal-app.com%2Fusers%2Fcrypto%2Fcancel.php&cmd=create_transaction&currency1=USD&currency2=USDT.TRC20&invoice=ORDER_69ada7b949879&ipn_url=https%3A%2F%2Fmou.elbatal-app.com%2Fusers%2Fcrypto%2Fipn.php&item_name=%2B3+Months&key=67390e8e994c2845f1a6b4583ac496687564127cc3e7cdc93be22dfbc3a0ef79&success_url=https%3A%2F%2Fmou.elbatal-app.com%2Fusers%2Fcrypto%2Fsuccess.php&version=1
202da97d7c3c69ea649cf671a87f4675f06f789a18fb388cb69d9177cd994c6f5924544064af9deaa712342b8e2ca189cc52534799c75346d426f3a374eed517
[2026-03-08 16:45 UTC] HMAC Recived => 
amount1=3.96&amount2=6.8439&buyer_name=CoinPayments+API&currency1=USD&currency2=USDT.TRC20&email=customer%40example.com&fee=2.92436&invoice=ORDER_69ada7b5e547b&ipn_id=753210a8cbae03406e261ef8e341e6fc&ipn_mode=hmac&ipn_type=api&ipn_version=1.0&item_name=%2B3+Months&merchant=e4e7cd20e63a730246557d3636e59ab8&received_amount=0&received_confirms=0&status=0&status_text=Waiting+for+buyer+funds...&txn_id=CPKC6WFZKYMX8UIWBHDZB07H8F
7fa892ced39a5fa2199f91e6c3bd3ca8dc86fc68538d28bc093a2c78cb79170036165f5fdddb4c7d3ab8da8a51fdcab84f40c102de7c2e7caa132e58bdaf4772
[2026-03-08 16:45 UTC] Payment not complete.
[2026-03-08 16:45 UTC] HMAC Recived => 
amount1=3.96&amount2=6.8439&buyer_name=CoinPayments+API&currency1=USD&currency2=USDT.TRC20&email=customer%40example.com&fee=2.92436&invoice=ORDER_69ada7b4bce97&ipn_id=dba41d061b0a3760b6839d7be8414e5d&ipn_mode=hmac&ipn_type=api&ipn_version=1.0&item_name=%2B3+Months&merchant=e4e7cd20e63a730246557d3636e59ab8&received_amount=0&received_confirms=0&status=0&status_text=Waiting+for+buyer+funds...&txn_id=CPKC7FIRQR1VQXAFFBMIDJECQ6
29eda1e827fdc7021d5c2231d7b29d9634728b3fe2a6967a78080e69b6995dded2e7b6055c2db3815e421e3bab707a856c0ec2a14e877a960f127d94178bf8bb
[2026-03-08 16:45 UTC] Payment not complete.
[2026-03-08 16:45 UTC] HMAC Sent => 
amount=3.96&buyer_email=customer%40example.com&cancel_url=https%3A%2F%2Fmou.elbatal-app.com%2Fusers%2Fcrypto%2Fcancel.php&cmd=create_transaction&currency1=USD&currency2=USDT.TRC20&invoice=ORDER_69ada7b9c808e&ipn_url=https%3A%2F%2Fmou.elbatal-app.com%2Fusers%2Fcrypto%2Fipn.php&item_name=%2B3+Months&key=67390e8e994c2845f1a6b4583ac496687564127cc3e7cdc93be22dfbc3a0ef79&success_url=https%3A%2F%2Fmou.elbatal-app.com%2Fusers%2Fcrypto%2Fsuccess.php&version=1
e3b05231b7f12d8af910ca10a735a0cb2c6762a3e0cd4d55fc2a55318804724f17e6881b62784235e04cedd5b92537aa354a01e61eafaa7e09f0e795562507a3
[2026-03-08 16:45 UTC] HMAC Sent => 
amount=3.96&buyer_email=customer%40example.com&cancel_url=https%3A%2F%2Fmou.elbatal-app.com%2Fusers%2Fcrypto%2Fcancel.php&cmd=create_transaction&currency1=USD&currency2=USDT.TRC20&invoice=ORDER_69ada7badd606&ipn_url=https%3A%2F%2Fmou.elbatal-app.com%2Fusers%2Fcrypto%2Fipn.php&item_name=%2B3+Months&key=67390e8e994c2845f1a6b4583ac496687564127cc3e7cdc93be22dfbc3a0ef79&success_url=https%3A%2F%2Fmou.elbatal-app.com%2Fusers%2Fcrypto%2Fsuccess.php&version=1
b93a7934e38fdf249cdfd07bd65f9c4980b9f45882d61e1d86a7890da0f321eabcc2bdb20fe77c8a5c602ea58588efec03bd868a7f05aa099d07995e0a39bdab
[2026-03-08 16:45 UTC] HMAC Sent => 
amount=3.96&buyer_email=customer%40example.com&cancel_url=https%3A%2F%2Fmou.elbatal-app.com%2Fusers%2Fcrypto%2Fcancel.php&cmd=create_transaction&currency1=USD&currency2=USDT.TRC20&invoice=ORDER_69ada7bb8ae86&ipn_url=https%3A%2F%2Fmou.elbatal-app.com%2Fusers%2Fcrypto%2Fipn.php&item_name=%2B3+Months&key=67390e8e994c2845f1a6b4583ac496687564127cc3e7cdc93be22dfbc3a0ef79&success_url=https%3A%2F%2Fmou.elbatal-app.com%2Fusers%2Fcrypto%2Fsuccess.php&version=1
6bd10811c725106235797cc784c5d489df46bd3f2db6ac2ace5b290ba53b1fe3a43979a7db55faaf4802769948caefceaabb4290a9ae61fe2868f5b290e65870
[2026-03-08 16:45 UTC] HMAC Recived => 
amount1=3.96&amount2=6.8439&buyer_name=CoinPayments+API&currency1=USD&currency2=USDT.TRC20&email=customer%40example.com&fee=2.92436&invoice=ORDER_69ada7b6bf94e&ipn_id=cd17031c907921185cdf37ac923dabea&ipn_mode=hmac&ipn_type=api&ipn_version=1.0&item_name=%2B3+Months&merchant=e4e7cd20e63a730246557d3636e59ab8&received_amount=0&received_confirms=0&status=0&status_text=Waiting+for+buyer+funds...&txn_id=CPKC4MGS9EDWK4VBKVKB52PCIF
506c495a8e5eea467206f561d6928aff4b1b487d2dcdb8a5503a798690c69d5b707455bd3798962aed3ad7c0c8c8bcffd7673a1a80deb0a5892039e830a7563e
[2026-03-08 16:45 UTC] Payment not complete.
[2026-03-08 16:45 UTC] HMAC Recived => 
amount1=3.96&amount2=6.8439&buyer_name=CoinPayments+API&currency1=USD&currency2=USDT.TRC20&email=customer%40example.com&fee=2.92436&invoice=ORDER_69ada7b9c808e&ipn_id=c3e98a526f737bf6161346563ef6dd39&ipn_mode=hmac&ipn_type=api&ipn_version=1.0&item_name=%2B3+Months&merchant=e4e7cd20e63a730246557d3636e59ab8&received_amount=0&received_confirms=0&status=0&status_text=Waiting+for+buyer+funds...&txn_id=CPKC2FCN1TYV0TYRUEHBGSQVLB
5fcc5eaf1d38d1f2046aafbdb34a0d1edab241d50ce2df458e2f311f7ce197c79e369abd242b0eeeedac99ab186ea5236ede9034e3ebf4ab7cf4d72c42d06b8b
[2026-03-08 16:45 UTC] Payment not complete.
[2026-03-08 16:45 UTC] HMAC Recived => 
amount1=3.96&amount2=6.8439&buyer_name=CoinPayments+API&currency1=USD&currency2=USDT.TRC20&email=customer%40example.com&fee=2.92436&invoice=ORDER_69ada7b4bce97&ipn_id=ec4554ec35a896c4b07a0d8285435aae&ipn_mode=hmac&ipn_type=api&ipn_version=1.0&item_name=%2B3+Months&merchant=e4e7cd20e63a730246557d3636e59ab8&received_amount=0&received_confirms=0&status=0&status_text=Waiting+for+buyer+funds...&txn_id=CPKC7FIRQR1VQXAFFBMIDJECQ6
9efaf23e4fc05a7d9e3fffe470724da5304b310929cb2b3ead9ace8fe75a098e63fda55b252bfae96b1952982dbb557feb69582760b7fa4c106a8c4279f087d9
[2026-03-08 16:45 UTC] Payment not complete.
[2026-03-08 16:45 UTC] HMAC Recived => 
amount1=3.96&amount2=6.8439&buyer_name=CoinPayments+API&currency1=USD&currency2=USDT.TRC20&email=customer%40example.com&fee=2.92436&invoice=ORDER_69ada7b703394&ipn_id=050fde23b001b17c577d6eb452efe56e&ipn_mode=hmac&ipn_type=api&ipn_version=1.0&item_name=%2B3+Months&merchant=e4e7cd20e63a730246557d3636e59ab8&received_amount=0&received_confirms=0&status=0&status_text=Waiting+for+buyer+funds...&txn_id=CPKC6WDMRTCX1HNGFWQMUDAQBN
7abd53b5740681b809a527d764f30614398e9cbaa959a611f51cd2598997396d785c5de0233d9c1f21f0f54257d92a66419f2c584a7a1721beaba95a93c14128
[2026-03-08 16:45 UTC] Payment not complete.
[2026-03-08 16:45 UTC] HMAC Recived => 
amount1=3.96&amount2=6.8439&buyer_name=CoinPayments+API&currency1=USD&currency2=USDT.TRC20&email=customer%40example.com&fee=2.92436&invoice=ORDER_69ada7b7609f1&ipn_id=21734a0194465c53b5f71c9df590752e&ipn_mode=hmac&ipn_type=api&ipn_version=1.0&item_name=%2B3+Months&merchant=e4e7cd20e63a730246557d3636e59ab8&received_amount=0&received_confirms=0&status=0&status_text=Waiting+for+buyer+funds...&txn_id=CPKC2GGGKPXXCVOXFFGEMK8OX2
18a8913ce8df212286f74646401805d02b59f5285d59c44b1815727fbd4da7af5c6b27941dc1880ce2399edb722d8fe85d93429b5cacf2aaaad4e02a797e668f
[2026-03-08 16:45 UTC] Payment not complete.
[2026-03-08 16:45 UTC] HMAC Recived => 
amount1=3.96&amount2=6.8439&buyer_name=CoinPayments+API&currency1=USD&currency2=USDT.TRC20&email=customer%40example.com&fee=2.92436&invoice=ORDER_69ada7b5e547b&ipn_id=17806b80634e93fb202a752eb1513ccc&ipn_mode=hmac&ipn_type=api&ipn_version=1.0&item_name=%2B3+Months&merchant=e4e7cd20e63a730246557d3636e59ab8&received_amount=0&received_confirms=0&status=0&status_text=Waiting+for+buyer+funds...&txn_id=CPKC6WFZKYMX8UIWBHDZB07H8F
34b098139aef82cb4915fe2e41095874402fc8bb948504513ae670c6b1fd859de79ed8ea521d838d91ff950d6d5ed28fa4727d0c31d9a77563c781aa00062392
[2026-03-08 16:45 UTC] Payment not complete.
[2026-03-08 16:45 UTC] HMAC Recived => 
amount1=3.96&amount2=6.8439&buyer_name=CoinPayments+API&currency1=USD&currency2=USDT.TRC20&email=customer%40example.com&fee=2.92436&invoice=ORDER_69ada7badd606&ipn_id=2730328aba5591fa486278e62dc35d6e&ipn_mode=hmac&ipn_type=api&ipn_version=1.0&item_name=%2B3+Months&merchant=e4e7cd20e63a730246557d3636e59ab8&received_amount=0&received_confirms=0&status=0&status_text=Waiting+for+buyer+funds...&txn_id=CPKC315GBG8I6DCPK75WAVWRAH
02b1adb40a28f0f2affe4b7ca8403fb347d1bf228f4131f2b4d55d767d3dfb4cd2a7a088cae265315caf10777ba90430d9e32c89f592e67b63c5f5eb9fdef176
[2026-03-08 16:45 UTC] Payment not complete.
[2026-03-08 16:45 UTC] HMAC Recived => 
amount1=3.96&amount2=6.8439&buyer_name=CoinPayments+API&currency1=USD&currency2=USDT.TRC20&email=customer%40example.com&fee=2.92436&invoice=ORDER_69ada7b644bcb&ipn_id=ef6169905ead4e562c7d2fe041a3b9d9&ipn_mode=hmac&ipn_type=api&ipn_version=1.0&item_name=%2B3+Months&merchant=e4e7cd20e63a730246557d3636e59ab8&received_amount=0&received_confirms=0&status=0&status_text=Waiting+for+buyer+funds...&txn_id=CPKC1ZF5MIGQKA7O0EULKN8MQZ
7e92baa34f18e7b73cf95851668548c5d782d626aa183cbcb30afeb965d9be68c8baca9271baae7557381b055a078e7e82ee060fc4756d74ef726acba6102b87
[2026-03-08 16:45 UTC] Payment not complete.
[2026-03-08 16:45 UTC] HMAC Recived => 
amount1=3.96&amount2=6.8439&buyer_name=CoinPayments+API&currency1=USD&currency2=USDT.TRC20&email=customer%40example.com&fee=2.92436&invoice=ORDER_69ada7b949879&ipn_id=890b8af0838145cf058ec92fac4072f6&ipn_mode=hmac&ipn_type=api&ipn_version=1.0&item_name=%2B3+Months&merchant=e4e7cd20e63a730246557d3636e59ab8&received_amount=0&received_confirms=0&status=0&status_text=Waiting+for+buyer+funds...&txn_id=CPKC48QR3PYMD28ZONOL4YARZ9
bad068cea7f9933aae5aefb2717cb6081b364aaa620be727cf970aafe8d2e60ca9c153b3f741fcad347acf558d71b486062f518bbcc19ad0efb21fd53eccabce
[2026-03-08 16:45 UTC] Payment not complete.
[2026-03-08 16:45 UTC] HMAC Recived => 
amount1=3.96&amount2=6.8439&buyer_name=CoinPayments+API&currency1=USD&currency2=USDT.TRC20&email=customer%40example.com&fee=2.92436&invoice=ORDER_69ada7b8d1b3b&ipn_id=fb733e4620049c3150e69f04f858e4e9&ipn_mode=hmac&ipn_type=api&ipn_version=1.0&item_name=%2B3+Months&merchant=e4e7cd20e63a730246557d3636e59ab8&received_amount=0&received_confirms=0&status=0&status_text=Waiting+for+buyer+funds...&txn_id=CPKC2LM9VXBDM5KE7H8CSX1RB7
b7427450c3ecbca9963e0f52b62898880f138240efa22dffbbcaead6fdc850fe88fa7991e6643850b3f33f4019eb5ad627f30f2735caf6de68360f46e71e04e0
[2026-03-08 16:45 UTC] Payment not complete.
[2026-03-08 16:45 UTC] HMAC Recived => 
amount1=3.96&amount2=6.8439&buyer_name=CoinPayments+API&currency1=USD&currency2=USDT.TRC20&email=customer%40example.com&fee=2.92436&invoice=ORDER_69ada7bb8ae86&ipn_id=13ddf648bed37bb1e0015e314757d023&ipn_mode=hmac&ipn_type=api&ipn_version=1.0&item_name=%2B3+Months&merchant=e4e7cd20e63a730246557d3636e59ab8&received_amount=0&received_confirms=0&status=0&status_text=Waiting+for+buyer+funds...&txn_id=CPKC5AK6EWTEWUMQGGDWNNCXNF
b87554a5c9915300711f00c45b6aa4f7f7e76b43c5d4dc6ab0a53c1a3cd5c632ad5cc1641089b465d326c7e2ac9fd7a3f8f6d5aa27f8682d7e9c0abd68bfeee2
[2026-03-08 16:45 UTC] Payment not complete.
[2026-03-08 16:45 UTC] HMAC Recived => 
amount1=3.96&amount2=6.8439&buyer_name=CoinPayments+API&currency1=USD&currency2=USDT.TRC20&email=customer%40example.com&fee=2.92436&invoice=ORDER_69ada7bb8ae86&ipn_id=8c6be5164944e8b784a19f7757975b7f&ipn_mode=hmac&ipn_type=api&ipn_version=1.0&item_name=%2B3+Months&merchant=e4e7cd20e63a730246557d3636e59ab8&received_amount=0&received_confirms=0&status=0&status_text=Waiting+for+buyer+funds...&txn_id=CPKC5AK6EWTEWUMQGGDWNNCXNF
3da7541715ade7a90e739688dbb9fceccd8e5d6befcbe1735959526b08b84c7823d74cf2b1b642d6b6100e68a27b365235e26af04ca3155bd6fd878d26616804
[2026-03-08 16:45 UTC] Payment not complete.
[2026-03-08 16:45 UTC] HMAC Recived => 
amount1=3.96&amount2=6.8439&buyer_name=CoinPayments+API&currency1=USD&currency2=USDT.TRC20&email=customer%40example.com&fee=2.92436&invoice=ORDER_69ada7b949879&ipn_id=d55238c56d486a4865e90292f98c5f51&ipn_mode=hmac&ipn_type=api&ipn_version=1.0&item_name=%2B3+Months&merchant=e4e7cd20e63a730246557d3636e59ab8&received_amount=0&received_confirms=0&status=0&status_text=Waiting+for+buyer+funds...&txn_id=CPKC48QR3PYMD28ZONOL4YARZ9
d1417807ce93ee3fc349b9615d4c503096e2b6aee58371ecbd1754cee9e1d5520e2ed4fc1e45d302e65ba7e0a560e70aa65f47b1b2cb3ed1f85cdf94e3b7607d
[2026-03-08 16:45 UTC] Payment not complete.
[2026-03-08 16:46 UTC] HMAC Recived => 
amount1=3.96&amount2=6.8439&buyer_name=CoinPayments+API&currency1=USD&currency2=USDT.TRC20&email=customer%40example.com&fee=2.92436&invoice=ORDER_69ada7b9c808e&ipn_id=b623dde307c58ff3d6259a8b87f9cd6e&ipn_mode=hmac&ipn_type=api&ipn_version=1.0&item_name=%2B3+Months&merchant=e4e7cd20e63a730246557d3636e59ab8&received_amount=0&received_confirms=0&status=0&status_text=Waiting+for+buyer+funds...&txn_id=CPKC2FCN1TYV0TYRUEHBGSQVLB
3be073c62e41cc50e1b4d87b557b6d2261988d54a0171a45897d936bf57747ffebcfba049e49f145cf61bbf46bc3391370a890a295cdad0fa3c4ff1ac56fb17b
[2026-03-08 16:46 UTC] Payment not complete.
[2026-03-08 16:46 UTC] HMAC Recived => 
amount1=3.96&amount2=6.8439&buyer_name=CoinPayments+API&currency1=USD&currency2=USDT.TRC20&email=customer%40example.com&fee=2.92436&invoice=ORDER_69ada7badd606&ipn_id=5716de405fe6660098cd18604f19a8e2&ipn_mode=hmac&ipn_type=api&ipn_version=1.0&item_name=%2B3+Months&merchant=e4e7cd20e63a730246557d3636e59ab8&received_amount=0&received_confirms=0&status=0&status_text=Waiting+for+buyer+funds...&txn_id=CPKC315GBG8I6DCPK75WAVWRAH
ce4492811a934de5a3167da619fb8632dea40878c72882c05f623ff758bb38214bd34ccb120097d4540f7045a931c2519e55f3b64df227c5054581d4e0a87ae1
[2026-03-08 16:46 UTC] Payment not complete.
[2026-03-08 16:46 UTC] HMAC Recived => 
amount1=3.96&amount2=6.8439&buyer_name=CoinPayments+API&currency1=USD&currency2=USDT.TRC20&email=customer%40example.com&fee=2.92436&invoice=ORDER_69ada7b8d1b3b&ipn_id=0f8739abb5764c28c418f9e32bc2ba21&ipn_mode=hmac&ipn_type=api&ipn_version=1.0&item_name=%2B3+Months&merchant=e4e7cd20e63a730246557d3636e59ab8&received_amount=0&received_confirms=0&status=0&status_text=Waiting+for+buyer+funds...&txn_id=CPKC2LM9VXBDM5KE7H8CSX1RB7
a285c12de80e6943d2756056e07c3f6e829d6b086cd9653f4f53814844202ba540336cdfabbecd0dba93895d58d301d98740a3ad038f93b264531193c565f3cd
[2026-03-08 16:46 UTC] Payment not complete.
[2026-03-08 18:46 UTC] HMAC Recived => 
amount1=3.96&amount2=6.8439&buyer_name=CoinPayments+API&currency1=USD&currency2=USDT.TRC20&email=customer%40example.com&fee=2.92436&invoice=ORDER_69ada7b6bf94e&ipn_id=239cf6278950dcc2153fa68e694ac9b0&ipn_mode=hmac&ipn_type=api&ipn_version=1.0&item_name=%2B3+Months&merchant=e4e7cd20e63a730246557d3636e59ab8&received_amount=0&received_confirms=0&status=-1&status_text=Cancelled+%2F+Timed+Out&txn_id=CPKC4MGS9EDWK4VBKVKB52PCIF
ee69c9c84ee0fd5ac25fdf08ec1f61008b0f2df4872df322ed6d3b1455c654d90f5870776f1e52baf78e80882c239756acc7022a9616333d58a25a4defcaf198
[2026-03-08 18:46 UTC] Payment not complete.
[2026-03-08 18:46 UTC] HMAC Recived => 
amount1=3.96&amount2=6.8439&buyer_name=CoinPayments+API&currency1=USD&currency2=USDT.TRC20&email=customer%40example.com&fee=2.92436&invoice=ORDER_69ada7aadb656&ipn_id=accd466f16dd5d3f269164c384f5e5d9&ipn_mode=hmac&ipn_type=api&ipn_version=1.0&item_name=%2B3+Months&merchant=e4e7cd20e63a730246557d3636e59ab8&received_amount=0&received_confirms=0&status=-1&status_text=Cancelled+%2F+Timed+Out&txn_id=CPKC63DI6O6LD38ESEHO3MFGDE
cf7dfba2cfdfe17e37e774e41318aebcc5722dbcc621b5d54b6a3e5104da55ab07e2600cc219c01316c7f81f9380669f1f230dba4b14276a6bbd5b275d456e2e
[2026-03-08 18:46 UTC] Payment not complete.
[2026-03-08 18:46 UTC] HMAC Recived => 
amount1=3.96&amount2=6.8439&buyer_name=CoinPayments+API&currency1=USD&currency2=USDT.TRC20&email=customer%40example.com&fee=2.92436&invoice=ORDER_69ada7ae46c02&ipn_id=76d7e54b1acdbc6a1f56cf508982f9cb&ipn_mode=hmac&ipn_type=api&ipn_version=1.0&item_name=%2B3+Months&merchant=e4e7cd20e63a730246557d3636e59ab8&received_amount=0&received_confirms=0&status=-1&status_text=Cancelled+%2F+Timed+Out&txn_id=CPKC1QVAOBC9KY4TNL5T2O9LL4
843f4ec4fbf1757bbb4bd8d74204a117e98985745e799024398d64e5e0c77fb545ee28e8d04b37817a1f4668869fb587bafad1dec103d5428b38e641bf37910f
[2026-03-08 18:46 UTC] Payment not complete.
[2026-03-08 18:46 UTC] HMAC Recived => 
amount1=3.96&amount2=6.8439&buyer_name=CoinPayments+API&currency1=USD&currency2=USDT.TRC20&email=customer%40example.com&fee=2.92436&invoice=ORDER_69ada7b8d1b3b&ipn_id=f8c90494a412d83dd4c728d9a8d70bda&ipn_mode=hmac&ipn_type=api&ipn_version=1.0&item_name=%2B3+Months&merchant=e4e7cd20e63a730246557d3636e59ab8&received_amount=0&received_confirms=0&status=-1&status_text=Cancelled+%2F+Timed+Out&txn_id=CPKC2LM9VXBDM5KE7H8CSX1RB7
58641e8d6d53595909402d3a12e495031560f916a40772ad52397a85a27ee0b42f97dc2a8f82269a4366ce4efc4c9a0305c43d1857c8dfe64a26d2918456a2a8
[2026-03-08 18:46 UTC] Payment not complete.
[2026-03-08 18:46 UTC] HMAC Recived => 
amount1=3.96&amount2=6.8439&buyer_name=CoinPayments+API&currency1=USD&currency2=USDT.TRC20&email=customer%40example.com&fee=2.92436&invoice=ORDER_69ada7b5e547b&ipn_id=a94641fec33ae3b0c7e8027d59750e66&ipn_mode=hmac&ipn_type=api&ipn_version=1.0&item_name=%2B3+Months&merchant=e4e7cd20e63a730246557d3636e59ab8&received_amount=0&received_confirms=0&status=-1&status_text=Cancelled+%2F+Timed+Out&txn_id=CPKC6WFZKYMX8UIWBHDZB07H8F
6d78c2a3a63c155d3a8fb8fbac41b80e9fc9f314231a2b86cbc73ec7464b374e12f865d1ec04185955286345100d7159f2b16374b01d3da68e554b7b663f3da6
[2026-03-08 18:46 UTC] Payment not complete.
[2026-03-08 18:46 UTC] HMAC Recived => 
amount1=3.96&amount2=6.8439&buyer_name=CoinPayments+API&currency1=USD&currency2=USDT.TRC20&email=customer%40example.com&fee=2.92436&invoice=ORDER_69ada7b949879&ipn_id=61cf72e44002c3629824bae2ef1f1451&ipn_mode=hmac&ipn_type=api&ipn_version=1.0&item_name=%2B3+Months&merchant=e4e7cd20e63a730246557d3636e59ab8&received_amount=0&received_confirms=0&status=-1&status_text=Cancelled+%2F+Timed+Out&txn_id=CPKC48QR3PYMD28ZONOL4YARZ9
b614b48f53899dc29b71af15a568a65c3af06a8de4935a4b41b90e9421f7302c6b322912b7c956b0f6a03cdf271fccd91af2f23a65baf4f7d894a0c16daf688b
[2026-03-08 18:46 UTC] Payment not complete.
[2026-03-08 18:46 UTC] HMAC Recived => 
amount1=3.96&amount2=6.8439&buyer_name=CoinPayments+API&currency1=USD&currency2=USDT.TRC20&email=customer%40example.com&fee=2.92436&invoice=ORDER_69ada7b9c808e&ipn_id=a10c3f6dbe264cec6c34442ea018944a&ipn_mode=hmac&ipn_type=api&ipn_version=1.0&item_name=%2B3+Months&merchant=e4e7cd20e63a730246557d3636e59ab8&received_amount=0&received_confirms=0&status=-1&status_text=Cancelled+%2F+Timed+Out&txn_id=CPKC2FCN1TYV0TYRUEHBGSQVLB
575c222376cdf047663692a5efec36e5d80d8591ad585a8772745132b6158e2d9a79abfe2e10c7154f578a893940951d006ef585c3fd20ad8e9a42b9b355575c
[2026-03-08 18:46 UTC] Payment not complete.
[2026-03-08 18:46 UTC] HMAC Recived => 
amount1=3.96&amount2=6.8439&buyer_name=CoinPayments+API&currency1=USD&currency2=USDT.TRC20&email=customer%40example.com&fee=2.92436&invoice=ORDER_69ada7b703394&ipn_id=5e7e4c3e1aa86b47d6ffde1ffaaa8a1c&ipn_mode=hmac&ipn_type=api&ipn_version=1.0&item_name=%2B3+Months&merchant=e4e7cd20e63a730246557d3636e59ab8&received_amount=0&received_confirms=0&status=-1&status_text=Cancelled+%2F+Timed+Out&txn_id=CPKC6WDMRTCX1HNGFWQMUDAQBN
5105c36a4087aa65eeda321c5d9ce50457399eba04844423f9fe18ed1f7a6b407145b8a7f2a3a635198b594c0a5e09d21a38fe94b4f63ca248a680c21bbe55c6
[2026-03-08 18:46 UTC] Payment not complete.
[2026-03-08 18:46 UTC] HMAC Recived => 
amount1=3.96&amount2=6.8439&buyer_name=CoinPayments+API&currency1=USD&currency2=USDT.TRC20&email=customer%40example.com&fee=2.92436&invoice=ORDER_69ada7b7609f1&ipn_id=886285d539fdd67b3995c3ea56521218&ipn_mode=hmac&ipn_type=api&ipn_version=1.0&item_name=%2B3+Months&merchant=e4e7cd20e63a730246557d3636e59ab8&received_amount=0&received_confirms=0&status=-1&status_text=Cancelled+%2F+Timed+Out&txn_id=CPKC2GGGKPXXCVOXFFGEMK8OX2
f2b73bffb976cce0c3ff442aca6e6c4569a92c8297aafaca47cc80af969c5fddcd7d1f497b3f90e7f328a8c56f6becedb679afa4d37779ed4f2b6b54330e3bc5
[2026-03-08 18:46 UTC] Payment not complete.
[2026-03-08 18:46 UTC] HMAC Recived => 
amount1=3.96&amount2=6.8439&buyer_name=CoinPayments+API&currency1=USD&currency2=USDT.TRC20&email=customer%40example.com&fee=2.92436&invoice=ORDER_69ada7badd606&ipn_id=117e88e25b85997002a0c541ddf4dd85&ipn_mode=hmac&ipn_type=api&ipn_version=1.0&item_name=%2B3+Months&merchant=e4e7cd20e63a730246557d3636e59ab8&received_amount=0&received_confirms=0&status=-1&status_text=Cancelled+%2F+Timed+Out&txn_id=CPKC315GBG8I6DCPK75WAVWRAH
bf6a34f9797a8b79ab0ec4cad3175fd47219b3637c532547e4a03612fae432b577a7352451e55c3eafdec4025ea05943f2165870309fa597ba438a89f5048114
[2026-03-08 18:46 UTC] Payment not complete.
[2026-03-08 18:46 UTC] HMAC Recived => 
amount1=3.96&amount2=6.8439&buyer_name=CoinPayments+API&currency1=USD&currency2=USDT.TRC20&email=customer%40example.com&fee=2.92436&invoice=ORDER_69ada7b644bcb&ipn_id=9fc9e4810423efb547210a70bdd4c36b&ipn_mode=hmac&ipn_type=api&ipn_version=1.0&item_name=%2B3+Months&merchant=e4e7cd20e63a730246557d3636e59ab8&received_amount=0&received_confirms=0&status=-1&status_text=Cancelled+%2F+Timed+Out&txn_id=CPKC1ZF5MIGQKA7O0EULKN8MQZ
f4771f25d844c13393eaee3027ed42644f95dd002fadd3759630d68f7835c1547d95589ea9f4f066c624dd7013746fc5c1bdb586e2db14b3a5ced21c048c219b
[2026-03-08 18:46 UTC] Payment not complete.
[2026-03-08 18:46 UTC] HMAC Recived => 
amount1=3.96&amount2=6.8439&buyer_name=CoinPayments+API&currency1=USD&currency2=USDT.TRC20&email=customer%40example.com&fee=2.92436&invoice=ORDER_69ada7bb8ae86&ipn_id=3334fa10f5bd54684b8df8755313d5df&ipn_mode=hmac&ipn_type=api&ipn_version=1.0&item_name=%2B3+Months&merchant=e4e7cd20e63a730246557d3636e59ab8&received_amount=0&received_confirms=0&status=-1&status_text=Cancelled+%2F+Timed+Out&txn_id=CPKC5AK6EWTEWUMQGGDWNNCXNF
73874f9dc703f20c34f12f8de18be9d06042b22a3705f34e2a83df5fab24b38c81be9bc31ff4e0b88964c7075e4155b698a9c86403ac6fb70269973869756076
[2026-03-08 18:46 UTC] Payment not complete.
[2026-03-08 18:46 UTC] HMAC Recived => 
amount1=3.96&amount2=6.8439&buyer_name=CoinPayments+API&currency1=USD&currency2=USDT.TRC20&email=customer%40example.com&fee=2.92436&invoice=ORDER_69ada7b4bce97&ipn_id=ac51fe187db17315851c09a59a1ee9b9&ipn_mode=hmac&ipn_type=api&ipn_version=1.0&item_name=%2B3+Months&merchant=e4e7cd20e63a730246557d3636e59ab8&received_amount=0&received_confirms=0&status=-1&status_text=Cancelled+%2F+Timed+Out&txn_id=CPKC7FIRQR1VQXAFFBMIDJECQ6
b4e824e49bdbb72448a04e55109cfd8bd0bab5d63fbc7b92c13228268c186effdb6f3e6a52858818495624de8a9aa7ca9bf79f254931e92585dc993bbfeffc6a
[2026-03-08 18:46 UTC] Payment not complete.
[2026-04-17 09:53 UTC] HMAC Sent => 
amount=1.485&buyer_email=customer%40example.com&cancel_url=https%3A%2F%2Fmou.elbatal-app.com%2Fusers%2Fcrypto%2Fcancel.php&cmd=create_transaction&currency1=USD&currency2=USDT.TRC20&invoice=ORDER_69e20321900f8&ipn_url=https%3A%2F%2Fmou.elbatal-app.com%2Fusers%2Fcrypto%2Fipn.php&item_name=%2B1+Month&key=67390e8e994c2845f1a6b4583ac496687564127cc3e7cdc93be22dfbc3a0ef79&success_url=https%3A%2F%2Fmou.elbatal-app.com%2Fusers%2Fcrypto%2Fsuccess.php&version=1
cf2d20d0730a2b7de9b88b5cba4275ff966bac3e1ca84401c8bdaf16454ed4004cda65c1ad829524c7a45b46c804ede87c4a548f1706d9edf7196c16c16eb17a
[2026-04-17 09:53 UTC] HMAC Recived => 
amount1=1.485&amount2=4.73458&buyer_name=CoinPayments+API&currency1=USD&currency2=USDT.TRC20&email=customer%40example.com&fee=3.26586&invoice=ORDER_69e20321900f8&ipn_id=509b49923f4ed4e7a22b4aa0c3ad8885&ipn_mode=hmac&ipn_type=api&ipn_version=1.0&item_name=%2B1+Month&merchant=e4e7cd20e63a730246557d3636e59ab8&received_amount=0&received_confirms=0&status=0&status_text=Waiting+for+buyer+funds...&txn_id=CPKD1S8BM6ZRGCSGVZXFEV5QXJ
fd8bfb7682a15f4b84bb688f7c07276f4969ec7e3015c8d66cf19b569f6395796d5326beaf94592ec29150f1d14cff7439a724a731fe81845c9fbc1bcaaf8ce7
[2026-04-17 09:53 UTC] Payment not complete.
[2026-04-17 09:53 UTC] HMAC Recived => 
amount1=1.485&amount2=4.73458&buyer_name=CoinPayments+API&currency1=USD&currency2=USDT.TRC20&email=customer%40example.com&fee=3.26586&invoice=ORDER_69e20321900f8&ipn_id=9207d7947abc45b2c6c8b5fbb3660f6e&ipn_mode=hmac&ipn_type=api&ipn_version=1.0&item_name=%2B1+Month&merchant=e4e7cd20e63a730246557d3636e59ab8&received_amount=0&received_confirms=0&status=0&status_text=Waiting+for+buyer+funds...&txn_id=CPKD1S8BM6ZRGCSGVZXFEV5QXJ
6ca857e9e8a342fa1c639f64bc8b2c34a4aab8812d6a86c71fd827c196f1fd18be26e205493326e893ba32c1d7a9f461cdfa7fb011a98b63794523fafaaf95cc
[2026-04-17 09:53 UTC] Payment not complete.
[2026-04-17 11:55 UTC] HMAC Recived => 
amount1=1.485&amount2=4.73458&buyer_name=CoinPayments+API&currency1=USD&currency2=USDT.TRC20&email=customer%40example.com&fee=3.26586&invoice=ORDER_69e20321900f8&ipn_id=8422934ec17b657979edcc5134c1f230&ipn_mode=hmac&ipn_type=api&ipn_version=1.0&item_name=%2B1+Month&merchant=e4e7cd20e63a730246557d3636e59ab8&received_amount=0&received_confirms=0&status=-1&status_text=Cancelled+%2F+Timed+Out&txn_id=CPKD1S8BM6ZRGCSGVZXFEV5QXJ
e8331f9100df00d460ab8967b38ac806772e0435cfe6352137ef5b5c7753a8ddf11e49de9002798475bc7cfcef4199c1183748a77c0eff6f04f1cb287fc4d482
[2026-04-17 11:55 UTC] Payment not complete.
[2026-04-21 20:48 UTC] HMAC Sent => 
amount=1.485&buyer_email=customer%40example.com&cancel_url=https%3A%2F%2Fmou.elbatal-app.com%2Fusers%2Fcrypto%2Fcancel.php&cmd=create_transaction&currency1=USD&currency2=USDT.TRC20&invoice=ORDER_69e7e283e019a&ipn_url=https%3A%2F%2Fmou.elbatal-app.com%2Fusers%2Fcrypto%2Fipn.php&item_name=%2B1+Month&key=67390e8e994c2845f1a6b4583ac496687564127cc3e7cdc93be22dfbc3a0ef79&success_url=https%3A%2F%2Fmou.elbatal-app.com%2Fusers%2Fcrypto%2Fsuccess.php&version=1
07f14e04beb6f5c4ddb0bf3cf8b7c768a4e3f074e8ae4d74817512c536e00117bf2918d21f63651a50f19ff396e9a7b215168b349be6321a5472785180bd8dbe
[2026-04-21 20:48 UTC] HMAC Recived => 
amount1=1.485&amount2=4.82927&buyer_name=CoinPayments+API&currency1=USD&currency2=USDT.TRC20&email=customer%40example.com&fee=3.35966&invoice=ORDER_69e7e283e019a&ipn_id=e4e40ab1219911a4a769f4e64e175479&ipn_mode=hmac&ipn_type=api&ipn_version=1.0&item_name=%2B1+Month&merchant=e4e7cd20e63a730246557d3636e59ab8&received_amount=0&received_confirms=0&status=0&status_text=Waiting+for+buyer+funds...&txn_id=CPKD2VTBXBUTFTHSM1XMTUWOY3
7f6dc80ef0d178df34ae11cbd289ffffba28407423d081dc39fb86220a9fa6a059dd61b08dcf68d2dd495d36a83fc51b81ce09ff1b5e6e6e807070da71a05144
[2026-04-21 20:48 UTC] Payment not complete.
[2026-04-21 20:50 UTC] HMAC Recived => 
amount1=1.485&amount2=4.82927&buyer_name=CoinPayments+API&currency1=USD&currency2=USDT.TRC20&email=customer%40example.com&fee=3.35966&invoice=ORDER_69e7e283e019a&ipn_id=bdfc1e6cf5cbd248b730af9995fb52bd&ipn_mode=hmac&ipn_type=api&ipn_version=1.0&item_name=%2B1+Month&merchant=e4e7cd20e63a730246557d3636e59ab8&received_amount=0&received_confirms=0&status=0&status_text=Waiting+for+buyer+funds...&txn_id=CPKD2VTBXBUTFTHSM1XMTUWOY3
99c546e1169502a83fc8e0c624817ef90cd3713192d791166d7d7dee3a7e0daa9b89b246dab11b963488ebdf40afdc917e9fceae97abf47b58d24bdeaa1a589b
[2026-04-21 20:50 UTC] Payment not complete.
[2026-04-21 22:48 UTC] HMAC Recived => 
amount1=1.485&amount2=4.82927&buyer_name=CoinPayments+API&currency1=USD&currency2=USDT.TRC20&email=customer%40example.com&fee=3.35966&invoice=ORDER_69e7e283e019a&ipn_id=627ae3555f1b687922b8efd2881a1bb4&ipn_mode=hmac&ipn_type=api&ipn_version=1.0&item_name=%2B1+Month&merchant=e4e7cd20e63a730246557d3636e59ab8&received_amount=0&received_confirms=0&status=-1&status_text=Cancelled+%2F+Timed+Out&txn_id=CPKD2VTBXBUTFTHSM1XMTUWOY3
221f9637de7dbb97dd69ceb892ed7ecb1f3c8e5f7876b4e13488ee1d9beb5908352aad532f807f7295e56fdbd573690c579d114a4ce83fef5af11fc2a31a1c66
[2026-04-21 22:48 UTC] Payment not complete.
[2026-05-04 12:14 UTC] HMAC Sent => 
amount=9.9&buyer_email=customer%40example.com&cancel_url=https%3A%2F%2Fmou.elbatal-app.com%2Fusers%2Fcrypto%2Fcancel.php&cmd=create_transaction&currency1=USD&currency2=USDT.TRC20&invoice=ORDER_69f88d8aa4d0e&ipn_url=https%3A%2F%2Fmou.elbatal-app.com%2Fusers%2Fcrypto%2Fipn.php&item_name=%2B1+Year&key=67390e8e994c2845f1a6b4583ac496687564127cc3e7cdc93be22dfbc3a0ef79&success_url=https%3A%2F%2Fmou.elbatal-app.com%2Fusers%2Fcrypto%2Fsuccess.php&version=1
5d9bca26279934b8f657b75759defb03f675d362e999e118adf8e64c511a6f859557c749bf7c71b7335de16b21e7b08d260556d3e7b637e2adb0b137c50adb48
[2026-05-04 12:14 UTC] HMAC Recived => 
amount1=9.9&amount2=13.30307&buyer_name=CoinPayments+API&currency1=USD&currency2=USDT.TRC20&email=customer%40example.com&fee=3.5012&invoice=ORDER_69f88d8aa4d0e&ipn_id=1265cc6832dfeb4db8ae9d58994993b4&ipn_mode=hmac&ipn_type=api&ipn_version=1.0&item_name=%2B1+Year&merchant=e4e7cd20e63a730246557d3636e59ab8&received_amount=0&received_confirms=0&status=0&status_text=Waiting+for+buyer+funds...&txn_id=CPKE6LI9BHKNUVWNSD6GDW7YZG
24a9f92ee39a4249c855cd96fedca6ddc66442216fe543c4bfa4912905131bbb60d813245b29d7c8ebe3a86e7154348aadee9ffb409a78c6e8df9c95a51cc1c7
[2026-05-04 12:14 UTC] Payment not complete.
[2026-05-04 12:14 UTC] HMAC Recived => 
amount1=9.9&amount2=13.30307&buyer_name=CoinPayments+API&currency1=USD&currency2=USDT.TRC20&email=customer%40example.com&fee=3.5012&invoice=ORDER_69f88d8aa4d0e&ipn_id=992e8dbc55c9f41f77f929538ce438a9&ipn_mode=hmac&ipn_type=api&ipn_version=1.0&item_name=%2B1+Year&merchant=e4e7cd20e63a730246557d3636e59ab8&received_amount=0&received_confirms=0&status=0&status_text=Waiting+for+buyer+funds...&txn_id=CPKE6LI9BHKNUVWNSD6GDW7YZG
f8c72a2cb21c3bf7cc0eb990047d980e80f7522153b9184981d18330f13fcf28f0d60c96db8a079e70d160cfd83283248658f543f1cf425d1fb77d1043198918
[2026-05-04 12:14 UTC] Payment not complete.
[2026-05-04 14:16 UTC] HMAC Recived => 
amount1=9.9&amount2=13.30307&buyer_name=CoinPayments+API&currency1=USD&currency2=USDT.TRC20&email=customer%40example.com&fee=3.5012&invoice=ORDER_69f88d8aa4d0e&ipn_id=afac62c044d963ae55d86aa7e33d98cb&ipn_mode=hmac&ipn_type=api&ipn_version=1.0&item_name=%2B1+Year&merchant=e4e7cd20e63a730246557d3636e59ab8&received_amount=0&received_confirms=0&status=-1&status_text=Cancelled+%2F+Timed+Out&txn_id=CPKE6LI9BHKNUVWNSD6GDW7YZG
9ec1a2a551416c30ccad1ea2ff3b86effa7a54bbbb35db72bbc388ef4baacffff5d9b14a10c777b1736609e48ab8d729f4c8fb164f6f0d6fac40e1e4aede60ca
[2026-05-04 14:16 UTC] Payment not complete.
[2026-05-07 20:13 UTC] HMAC Sent => 
amount=9.9&buyer_email=customer%40example.com&cancel_url=https%3A%2F%2Fmou.elbatal-app.com%2Fusers%2Fcrypto%2Fcancel.php&cmd=create_transaction&currency1=USD&currency2=USDT.TRC20&invoice=ORDER_69fcf27df0e4b&ipn_url=https%3A%2F%2Fmou.elbatal-app.com%2Fusers%2Fcrypto%2Fipn.php&item_name=%2B1+Year&key=67390e8e994c2845f1a6b4583ac496687564127cc3e7cdc93be22dfbc3a0ef79&success_url=https%3A%2F%2Fmou.elbatal-app.com%2Fusers%2Fcrypto%2Fsuccess.php&version=1
459ff1fcdc8fe691a542b1ea0b2fe144bcb4c7619fa7c3de25b9a128af72f9e9dce17b9b25ad05c19df4a0b499ecc0adab9e77451aa43f7b4527e49a9010176e
[2026-05-07 20:13 UTC] HMAC Sent => 
amount=9.9&buyer_email=customer%40example.com&cancel_url=https%3A%2F%2Fmou.elbatal-app.com%2Fusers%2Fcrypto%2Fcancel.php&cmd=create_transaction&currency1=USD&currency2=USDT.TRC20&invoice=ORDER_69fcf27ee9a4a&ipn_url=https%3A%2F%2Fmou.elbatal-app.com%2Fusers%2Fcrypto%2Fipn.php&item_name=%2B1+Year&key=67390e8e994c2845f1a6b4583ac496687564127cc3e7cdc93be22dfbc3a0ef79&success_url=https%3A%2F%2Fmou.elbatal-app.com%2Fusers%2Fcrypto%2Fsuccess.php&version=1
3d24df473a41ea3591307bd8e989d6aac21a80ef22a16aa19dcdd1dc57e0bf7cb3f3129e5f714ccc7ccd24df51dc31616319e6e7cf388cff889abe2b3681ab0a
[2026-05-07 20:13 UTC] HMAC Recived => 
amount1=9.9&amount2=13.39178&buyer_name=CoinPayments+API&currency1=USD&currency2=USDT.TRC20&email=customer%40example.com&fee=3.59105&invoice=ORDER_69fcf27df0e4b&ipn_id=5381aeb928d8cae53f53c0e0bdb78ada&ipn_mode=hmac&ipn_type=api&ipn_version=1.0&item_name=%2B1+Year&merchant=e4e7cd20e63a730246557d3636e59ab8&received_amount=0&received_confirms=0&status=0&status_text=Waiting+for+buyer+funds...&txn_id=CPKE4RYOZWRWLSMBMWKTCTUDYQ
0490116d4e4c25707e8cabbc908a27360b2f4580c0fd64ef7e62aa2dfa198670d6c2211b6a88513870ad3e0e9b8053909d722303c079ac08c2bf76f8f2cc12ff
[2026-05-07 20:13 UTC] Payment not complete.
[2026-05-07 20:13 UTC] HMAC Recived => 
amount1=9.9&amount2=13.39178&buyer_name=CoinPayments+API&currency1=USD&currency2=USDT.TRC20&email=customer%40example.com&fee=3.59105&invoice=ORDER_69fcf27ee9a4a&ipn_id=33ad9fedfd7c54b7ce49d4a360f465b3&ipn_mode=hmac&ipn_type=api&ipn_version=1.0&item_name=%2B1+Year&merchant=e4e7cd20e63a730246557d3636e59ab8&received_amount=0&received_confirms=0&status=0&status_text=Waiting+for+buyer+funds...&txn_id=CPKE4NX3MMAJYKWD46J8WE5CKW
86fb63a59a61f93b5da6e48a629defa9ca70675c114413dccae8b96526b9cc7676c8e75a1956b70a9b8978066cbdacb03c946527ab1ad98f2a01b592420b2ea2
[2026-05-07 20:13 UTC] Payment not complete.
[2026-05-07 20:13 UTC] HMAC Recived => 
amount1=9.9&amount2=13.39178&buyer_name=CoinPayments+API&currency1=USD&currency2=USDT.TRC20&email=customer%40example.com&fee=3.59105&invoice=ORDER_69fcf27ee9a4a&ipn_id=150a737015a4c705181a2673951f74c7&ipn_mode=hmac&ipn_type=api&ipn_version=1.0&item_name=%2B1+Year&merchant=e4e7cd20e63a730246557d3636e59ab8&received_amount=0&received_confirms=0&status=0&status_text=Waiting+for+buyer+funds...&txn_id=CPKE4NX3MMAJYKWD46J8WE5CKW
c48bb2bf3e8c4a9dcaee17e987f93b832614e231cac9985313e637d8be2657c3c1ca86bc83b758cbef9fe268610a9715f57c6a13f077f8ddf8928ea87cd5cfc6
[2026-05-07 20:13 UTC] Payment not complete.
[2026-05-07 22:14 UTC] HMAC Recived => 
amount1=9.9&amount2=13.39178&buyer_name=CoinPayments+API&currency1=USD&currency2=USDT.TRC20&email=customer%40example.com&fee=3.59105&invoice=ORDER_69fcf27ee9a4a&ipn_id=0f7743c7781f27d0ca8725989190ccd2&ipn_mode=hmac&ipn_type=api&ipn_version=1.0&item_name=%2B1+Year&merchant=e4e7cd20e63a730246557d3636e59ab8&received_amount=0&received_confirms=0&status=-1&status_text=Cancelled+%2F+Timed+Out&txn_id=CPKE4NX3MMAJYKWD46J8WE5CKW
7ccbf8c39e97ee428d91f4ddec3de114a3e7e93e81021bc14c7f2341e44092745995a9f340b323446daba53ce67a1954880608560bd234d52a8c2c919c6e7a8c
[2026-05-07 22:14 UTC] Payment not complete.
[2026-05-07 22:14 UTC] HMAC Recived => 
amount1=9.9&amount2=13.39178&buyer_name=CoinPayments+API&currency1=USD&currency2=USDT.TRC20&email=customer%40example.com&fee=3.59105&invoice=ORDER_69fcf27df0e4b&ipn_id=4f406a1e25445d3c928bc7a6e374686c&ipn_mode=hmac&ipn_type=api&ipn_version=1.0&item_name=%2B1+Year&merchant=e4e7cd20e63a730246557d3636e59ab8&received_amount=0&received_confirms=0&status=-1&status_text=Cancelled+%2F+Timed+Out&txn_id=CPKE4RYOZWRWLSMBMWKTCTUDYQ
00c62ede2947b9d30d0b7c66c697767ae10605e9d60bca472c5d65e5286dbd0c68a185cbe6787cf4558cf90bcf1c15a6dbae4eb2945c0de73eb022bbfb135ffb
[2026-05-07 22:14 UTC] Payment not complete.
[2026-05-20 12:10 UTC] HMAC Sent => 
amount=3.96&buyer_email=customer%40example.com&cancel_url=https%3A%2F%2Fmou.elbatal-app.com%2Fusers%2Fcrypto%2Fcancel.php&cmd=create_transaction&currency1=USD&currency2=USDT.TRC20&invoice=ORDER_6a0da4aea57b1&ipn_url=https%3A%2F%2Fmou.elbatal-app.com%2Fusers%2Fcrypto%2Fipn.php&item_name=%2B3+Months&key=67390e8e994c2845f1a6b4583ac496687564127cc3e7cdc93be22dfbc3a0ef79&success_url=https%3A%2F%2Fmou.elbatal-app.com%2Fusers%2Fcrypto%2Fsuccess.php&version=1
d1873e56522d6e1732d7f8e69ec03f15879fad50f264da8daa45606dcd04b433f31112c633aff2bed6ff2092e2845aded0c1c2b1f58a78df7595b34cff3f2e2f
[2026-05-20 12:10 UTC] HMAC Recived => 
amount1=3.96&amount2=7.5464&buyer_name=CoinPayments+API&currency1=USD&currency2=USDT.TRC20&email=customer%40example.com&fee=3.62185&invoice=ORDER_6a0da4aea57b1&ipn_id=487caf325d99232cbbdc2e9ac6de4e1a&ipn_mode=hmac&ipn_type=api&ipn_version=1.0&item_name=%2B3+Months&merchant=e4e7cd20e63a730246557d3636e59ab8&received_amount=0&received_confirms=0&status=0&status_text=Waiting+for+buyer+funds...&txn_id=CPKE4N7BYDNKBOIQFVNKCJ5MTW
b6324939e95d77023954b7d4da67cb7c95795d3638f28c098cd5da8a81c0ea1e3a56daa508cd9c7f2edefc3373b148341925c06fcd2bec3b31b402b758d38180
[2026-05-20 12:10 UTC] Payment not complete.
[2026-05-20 14:15 UTC] HMAC Recived => 
amount1=3.96&amount2=7.5464&buyer_name=CoinPayments+API&currency1=USD&currency2=USDT.TRC20&email=customer%40example.com&fee=3.62185&invoice=ORDER_6a0da4aea57b1&ipn_id=2edf03c66916bcdf8051ab4938ff72f0&ipn_mode=hmac&ipn_type=api&ipn_version=1.0&item_name=%2B3+Months&merchant=e4e7cd20e63a730246557d3636e59ab8&received_amount=0&received_confirms=0&status=-1&status_text=Cancelled+%2F+Timed+Out&txn_id=CPKE4N7BYDNKBOIQFVNKCJ5MTW
19e2a9ebef03d17efa06b81327cddf5e45e794fe1da881b3c5996802d2f310b27cbe0e6d2191ce1dbaf37b546a48da3e515e375d89fe2021660d981b03bbd906
[2026-05-20 14:15 UTC] Payment not complete.
[2026-05-26 00:20 UTC] HMAC Sent => 
amount=9.9&buyer_email=customer%40example.com&cancel_url=https%3A%2F%2Fmou.elbatal-app.com%2Fusers%2Fcrypto%2Fcancel.php&cmd=create_transaction&currency1=USD&currency2=USDT.TRC20&invoice=ORDER_6a14e75b67cbf&ipn_url=https%3A%2F%2Fmou.elbatal-app.com%2Fusers%2Fcrypto%2Fipn.php&item_name=%2B1+Year&key=67390e8e994c2845f1a6b4583ac496687564127cc3e7cdc93be22dfbc3a0ef79&success_url=https%3A%2F%2Fmou.elbatal-app.com%2Fusers%2Fcrypto%2Fsuccess.php&version=1
45c026ccf66bf40584ef5e9a87ddd7e97edb6ca68570cdaa6c5f90ea9ce6829322a327e1e89bcb548a7067564f8cbf73ebd36b3349b44620dea2209dd1630fbd
[2026-05-26 00:20 UTC] HMAC Recived => 
amount1=9.9&amount2=13.63316&buyer_name=CoinPayments+API&currency1=USD&currency2=USDT.TRC20&email=customer%40example.com&fee=3.82166&invoice=ORDER_6a14e75b67cbf&ipn_id=fca4984179652d4e07657434cc45aecb&ipn_mode=hmac&ipn_type=api&ipn_version=1.0&item_name=%2B1+Year&merchant=e4e7cd20e63a730246557d3636e59ab8&received_amount=0&received_confirms=0&status=0&status_text=Waiting+for+buyer+funds...&txn_id=CPKE0CT02HVZ6TKK1ZBRMFLXQV
4e24e68947c9b359764ad8827b080e61ae401cc0ad1fee972678a8e3bad19c34d441edf24d3b1b6b9f8d47c9cd11adc34a18ff589949eaf480bbcef35fb66940
[2026-05-26 00:20 UTC] Payment not complete.
[2026-05-26 00:21 UTC] HMAC Recived => 
amount1=9.9&amount2=13.63316&buyer_name=CoinPayments+API&currency1=USD&currency2=USDT.TRC20&email=customer%40example.com&fee=3.82166&invoice=ORDER_6a14e75b67cbf&ipn_id=1d73c06c5fc89e146c62f6e9e3662e84&ipn_mode=hmac&ipn_type=api&ipn_version=1.0&item_name=%2B1+Year&merchant=e4e7cd20e63a730246557d3636e59ab8&received_amount=0&received_confirms=0&status=0&status_text=Waiting+for+buyer+funds...&txn_id=CPKE0CT02HVZ6TKK1ZBRMFLXQV
b86382ef1080f52851dc17e0255eae95be39ac617cb13082f9aa241b60332bd424dfccab21e54e44de450810913a16b29a3fd50fb8f1b448aa2c21634a14533f
[2026-05-26 00:21 UTC] Payment not complete.
[2026-05-26 02:21 UTC] HMAC Recived => 
amount1=9.9&amount2=13.63316&buyer_name=CoinPayments+API&currency1=USD&currency2=USDT.TRC20&email=customer%40example.com&fee=3.82166&invoice=ORDER_6a14e75b67cbf&ipn_id=0a246c8aaa7a8952f94d7fec88adf85b&ipn_mode=hmac&ipn_type=api&ipn_version=1.0&item_name=%2B1+Year&merchant=e4e7cd20e63a730246557d3636e59ab8&received_amount=0&received_confirms=0&status=-1&status_text=Cancelled+%2F+Timed+Out&txn_id=CPKE0CT02HVZ6TKK1ZBRMFLXQV
f621e0385a5c8fff12a2a95b5b52cca9bb0a7c05a142477999eb8ea0f18f03c5aee1d9aaccf3fce71a4215a4586b26cdaa2a3d320561e74efe3a5d1b969b431b
[2026-05-26 02:21 UTC] Payment not complete.
